timestamp,forecast,forecast_confidence,5min,10min,15min,30min,60min,120min,180min,hel_score,velc_score,fused_confidence,alert,latency_ms,prediction_id
2026-07-01T05:01:29.636469Z,B-like,0.4513,B-like,B-like,B-like,B-like,B-like,C-like,C-like,42.7,0.3847,0.4581,NORMAL,35,AL1-PRED-HIST-000
2026-07-01T05:02:29.636469Z,B-like,0.5508,B-like,B-like,B-like,B-like,B-like,C-like,C-like,41.4,0.3599,0.5591,NORMAL,35,AL1-PRED-HIST-001
2026-07-01T05:03:29.636469Z,B-like,0.4705,B-like,B-like,B-like,B-like,B-like,C-like,C-like,41.5,0.3989,0.4776,NORMAL,35,AL1-PRED-HIST-002
2026-07-01T05:04:29.636469Z,B-like,0.4757,B-like,B-like,B-like,B-like,B-like,C-like,C-like,40.0,0.3243,0.4828,NORMAL,44,AL1-PRED-HIST-003
2026-07-01T05:05:29.636469Z,B-like,0.4613,B-like,B-like,B-like,B-like,B-like,C-like,C-like,43.5,0.317,0.4682,NORMAL,40,AL1-PRED-HIST-004
2026-07-01T05:06:29.636469Z,B-like,0.5323,B-like,B-like,B-like,B-like,B-like,C-like,C-like,39.6,0.3976,0.5403,NORMAL,37,AL1-PRED-HIST-005
2026-07-01T05:07:29.636469Z,B-like,0.5546,B-like,B-like,B-like,B-like,B-like,C-like,C-like,44.6,0.3969,0.5629,NORMAL,35,AL1-PRED-HIST-006
2026-07-01T05:08:29.636469Z,B-like,0.4968,B-like,B-like,B-like,B-like,B-like,C-like,C-like,44.8,0.3449,0.5043,NORMAL,36,AL1-PRED-HIST-007
2026-07-01T05:09:29.636469Z,B-like,0.4878,B-like,B-like,B-like,B-like,B-like,C-like,C-like,44.5,0.3791,0.4951,NORMAL,47,AL1-PRED-HIST-008
2026-07-01T05:10:29.636469Z,B-like,0.5399,B-like,B-like,B-like,B-like,B-like,C-like,C-like,44.3,0.3262,0.548,NORMAL,48,AL1-PRED-HIST-009
2026-07-01T05:11:29.636469Z,B-like,0.4765,B-like,B-like,B-like,B-like,B-like,C-like,C-like,40.3,0.2811,0.4836,NORMAL,46,AL1-PRED-HIST-010
2026-07-01T05:12:29.636469Z,B-like,0.5166,B-like,B-like,B-like,B-like,B-like,C-like,C-like,41.6,0.3235,0.5243,NORMAL,46,AL1-PRED-HIST-011
2026-07-01T05:13:29.636469Z,B-like,0.4899,B-like,B-like,B-like,B-like,B-like,C-like,C-like,46.0,0.3793,0.4972,NORMAL,37,AL1-PRED-HIST-012
2026-07-01T05:14:29.636469Z,B-like,0.4545,B-like,B-like,B-like,B-like,B-like,C-like,C-like,44.3,0.3877,0.4613,NORMAL,41,AL1-PRED-HIST-013
2026-07-01T05:15:29.636469Z,B-like,0.5323,B-like,B-like,B-like,B-like,B-like,C-like,C-like,45.7,0.2978,0.5403,NORMAL,43,AL1-PRED-HIST-014
2026-07-01T05:16:29.636469Z,B-like,0.4954,B-like,B-like,B-like,B-like,B-like,C-like,C-like,45.3,0.3777,0.5028,NORMAL,38,AL1-PRED-HIST-015
2026-07-01T05:17:29.636469Z,B-like,0.5342,B-like,B-like,B-like,B-like,B-like,C-like,C-like,45.6,0.3787,0.5422,NORMAL,38,AL1-PRED-HIST-016
2026-07-01T05:18:29.636469Z,B-like,0.5068,B-like,B-like,B-like,B-like,B-like,C-like,C-like,38.4,0.3488,0.5144,NORMAL,46,AL1-PRED-HIST-017
2026-07-01T05:19:29.636469Z,B-like,0.5182,B-like,B-like,B-like,B-like,B-like,C-like,C-like,43.5,0.3119,0.526,NORMAL,39,AL1-PRED-HIST-018
2026-07-01T05:20:29.636469Z,B-like,0.4695,B-like,B-like,B-like,B-like,B-like,C-like,C-like,39.5,0.294,0.4765,NORMAL,37,AL1-PRED-HIST-019
2026-07-01T05:21:29.636469Z,B-like,0.5522,B-like,B-like,B-like,B-like,B-like,C-like,C-like,43.9,0.3834,0.5605,NORMAL,41,AL1-PRED-HIST-020
2026-07-01T05:22:29.636469Z,B-like,0.5551,B-like,B-like,B-like,B-like,B-like,C-like,C-like,37.6,0.3118,0.5634,NORMAL,40,AL1-PRED-HIST-021
2026-07-01T05:23:29.636469Z,B-like,0.5505,B-like,B-like,B-like,B-like,B-like,C-like,C-like,38.0,0.3323,0.5588,NORMAL,37,AL1-PRED-HIST-022
2026-07-01T05:24:29.636469Z,B-like,0.5698,B-like,B-like,B-like,B-like,B-like,C-like,C-like,44.1,0.3546,0.5783,NORMAL,38,AL1-PRED-HIST-023
2026-07-01T05:25:29.636469Z,B-like,0.4847,B-like,B-like,B-like,B-like,B-like,C-like,C-like,37.5,0.3325,0.492,NORMAL,38,AL1-PRED-HIST-024
2026-07-01T05:26:29.636469Z,B-like,0.526,B-like,B-like,B-like,B-like,B-like,C-like,C-like,37.7,0.3991,0.5339,NORMAL,46,AL1-PRED-HIST-025
2026-07-01T05:27:29.636469Z,B-like,0.4629,B-like,B-like,B-like,B-like,B-like,C-like,C-like,43.4,0.3055,0.4698,NORMAL,38,AL1-PRED-HIST-026
2026-07-01T05:28:29.636469Z,B-like,0.5374,B-like,B-like,B-like,B-like,B-like,C-like,C-like,39.9,0.3295,0.5455,NORMAL,42,AL1-PRED-HIST-027
2026-07-01T05:29:29.636469Z,B-like,0.544,B-like,B-like,B-like,B-like,B-like,C-like,C-like,44.6,0.3583,0.5522,NORMAL,40,AL1-PRED-HIST-028
2026-07-01T05:30:29.636469Z,B-like,0.5584,B-like,B-like,B-like,B-like,B-like,C-like,C-like,40.4,0.3049,0.5668,NORMAL,40,AL1-PRED-HIST-029
2026-07-01T05:31:29.636469Z,B-like,0.4693,B-like,B-like,B-like,B-like,B-like,C-like,C-like,41.7,0.3,0.4763,NORMAL,47,AL1-PRED-HIST-030
2026-07-01T05:32:29.636469Z,B-like,0.4841,B-like,B-like,B-like,B-like,B-like,C-like,C-like,42.5,0.3629,0.4914,NORMAL,48,AL1-PRED-HIST-031
2026-07-01T05:33:29.636469Z,B-like,0.4508,B-like,B-like,B-like,B-like,B-like,C-like,C-like,42.5,0.28,0.4576,NORMAL,43,AL1-PRED-HIST-032
2026-07-01T05:34:29.636469Z,B-like,0.5488,B-like,B-like,B-like,B-like,B-like,C-like,C-like,38.3,0.3151,0.557,NORMAL,43,AL1-PRED-HIST-033
2026-07-01T05:35:29.636469Z,B-like,0.5103,B-like,B-like,B-like,B-like,B-like,C-like,C-like,45.4,0.3886,0.518,NORMAL,39,AL1-PRED-HIST-034
2026-07-01T05:36:29.636469Z,B-like,0.5622,B-like,B-like,B-like,B-like,B-like,C-like,C-like,45.7,0.3218,0.5706,NORMAL,47,AL1-PRED-HIST-035
2026-07-01T05:37:29.636469Z,B-like,0.5057,B-like,B-like,B-like,B-like,B-like,C-like,C-like,44.6,0.3918,0.5133,NORMAL,46,AL1-PRED-HIST-036
2026-07-01T05:38:29.636469Z,B-like,0.4926,B-like,B-like,B-like,B-like,B-like,C-like,C-like,42.4,0.3339,0.5,NORMAL,48,AL1-PRED-HIST-037
2026-07-01T05:39:29.636469Z,B-like,0.4856,B-like,B-like,B-like,B-like,B-like,C-like,C-like,41.8,0.2879,0.4929,NORMAL,36,AL1-PRED-HIST-038
2026-07-01T05:40:29.636469Z,B-like,0.4961,B-like,B-like,B-like,B-like,B-like,C-like,C-like,45.1,0.3697,0.5035,NORMAL,43,AL1-PRED-HIST-039
2026-07-01T05:41:29.636469Z,B-like,0.5504,B-like,B-like,B-like,B-like,B-like,C-like,C-like,45.1,0.344,0.5587,NORMAL,43,AL1-PRED-HIST-040
2026-07-01T05:42:29.636469Z,B-like,0.5058,B-like,B-like,B-like,B-like,B-like,C-like,C-like,38.3,0.3653,0.5134,NORMAL,38,AL1-PRED-HIST-041
2026-07-01T05:43:29.636469Z,B-like,0.5597,B-like,B-like,B-like,B-like,B-like,C-like,C-like,39.6,0.3135,0.5681,NORMAL,47,AL1-PRED-HIST-042
2026-07-01T05:44:29.636469Z,B-like,0.5407,B-like,B-like,B-like,B-like,B-like,C-like,C-like,38.8,0.3117,0.5488,NORMAL,46,AL1-PRED-HIST-043
2026-07-01T05:45:29.636469Z,B-like,0.5579,B-like,B-like,B-like,B-like,B-like,C-like,C-like,43.5,0.3182,0.5663,NORMAL,35,AL1-PRED-HIST-044
2026-07-01T05:46:29.636469Z,B-like,0.4731,B-like,B-like,B-like,B-like,B-like,C-like,C-like,37.7,0.2954,0.4802,NORMAL,35,AL1-PRED-HIST-045
2026-07-01T05:47:29.636469Z,B-like,0.5439,B-like,B-like,B-like,B-like,B-like,C-like,C-like,44.3,0.3356,0.5521,NORMAL,46,AL1-PRED-HIST-046
2026-07-01T05:48:29.636469Z,B-like,0.5139,B-like,B-like,B-like,B-like,B-like,C-like,C-like,37.9,0.283,0.5216,NORMAL,45,AL1-PRED-HIST-047
2026-07-01T05:49:29.636469Z,B-like,0.4885,B-like,B-like,B-like,B-like,B-like,C-like,C-like,41.0,0.3837,0.4958,NORMAL,44,AL1-PRED-HIST-048
2026-07-01T05:50:29.636469Z,B-like,0.5016,B-like,B-like,B-like,B-like,B-like,C-like,C-like,38.3,0.3069,0.5091,NORMAL,40,AL1-PRED-HIST-049
2026-07-01T05:51:29.636065Z,B-like,0.5236920184979579,B-like,C-like,C-like,C-like,Quiet,C-like,B-like,43.73612908834452,0.4703160903863454,0.5236920184979579,LOW,169,74b6653c-cb30-45e9-8cf4-bd2e1bef47b5
2026-07-01T05:53:25.454088Z,B-like,0.5378555202441521,B-like,C-like,C-like,C-like,Quiet,C-like,B-like,40.82728814007581,0.4576752419016067,0.5378555202441521,LOW,1452,d46efd6d-3ea5-4502-ad58-f65c5c8008bd
2026-07-01T05:54:07.503473Z,B-like,0.5409301171108432,B-like,C-like,C-like,C-like,Quiet,C-like,B-like,42.43201310253977,0.484842783038886,0.5409301171108432,LOW,290,dc5b3892-356e-4cb4-9082-9ce9bf69fe48
2026-07-01T05:54:17.951733Z,B-like,0.5419447305549087,B-like,C-like,C-like,C-like,Quiet,C-like,B-like,44.15238008147186,0.4817384156224132,0.5419447305549087,LOW,168,db486e1d-0ff6-4bc7-9ea1-60d58eb2586d
2026-07-01T05:54:28.044749Z,B-like,0.5182780730973576,B-like,C-like,C-like,C-like,Quiet,C-like,B-like,42.481270838936666,0.434728061627646,0.5182780730973576,LOW,820,0f71a3d7-121d-44f0-811f-2d3601b7af1f
2026-07-01T05:54:37.943313Z,B-like,0.5066676999141755,B-like,C-like,C-like,C-like,Quiet,C-like,B-like,39.75040368352048,0.441997259557881,0.5066676999141755,LOW,167,cf1ab745-e7ec-4cd5-be37-839e5e8c3368
2026-07-01T05:54:49.447206Z,B-like,0.5109630210314486,B-like,C-like,C-like,C-like,Quiet,C-like,B-like,41.45492249403522,0.43631584709839305,0.5109630210314486,LOW,1965,a4c6300d-6028-4a95-900f-dac7e3f279c0
2026-07-01T05:54:58.607328Z,B-like,0.5018760043778016,B-like,C-like,C-like,C-like,Quiet,C-like,B-like,41.426454562896566,0.4497529637767827,0.5018760043778016,LOW,1395,ae4c5a5a-729c-498d-85d0-c7e23c308e69
2026-07-01T05:55:07.979416Z,B-like,0.541428474841834,B-like,C-like,C-like,C-like,Quiet,C-like,B-like,41.47552337116286,0.4459460816223373,0.541428474841834,LOW,767,5719618f-afd1-4c84-8669-b8bb4b517854
2026-07-01T05:55:18.813187Z,B-like,0.5184417695491639,B-like,C-like,C-like,C-like,Quiet,C-like,B-like,41.361811234190476,0.4798960669585314,0.5184417695491639,LOW,1601,6c455eb9-ddc6-4b58-a617-ca29fa1f964e
2026-07-01T05:55:28.381747Z,B-like,0.49476098954000536,B-like,C-like,C-like,C-like,Quiet,C-like,B-like,42.46911144985615,0.45633405355061174,0.49476098954000536,LOW,1171,6c9c43e2-caac-49cd-a853-ed755c8e0843
2026-07-01T05:55:38.383135Z,B-like,0.5317423313439437,B-like,C-like,C-like,C-like,Quiet,C-like,B-like,43.75261232229562,0.4329383113904809,0.5317423313439437,LOW,1171,b25a189d-c9e5-4c49-b7ef-edf54aad96c3
2026-07-01T05:55:48.406180Z,B-like,0.49892252982671215,B-like,C-like,C-like,C-like,Quiet,C-like,B-like,43.078476623256414,0.44606306305646937,0.49892252982671215,LOW,1189,86860447-e5da-4fc2-8da3-01f70a8e5cda
2026-07-01T05:55:58.980783Z,B-like,0.49672912643451406,B-like,C-like,C-like,C-like,Quiet,C-like,B-like,40.89635753729584,0.46757802844741697,0.49672912643451406,LOW,1765,bb93ef10-d3f2-41eb-b33d-d0cf8dd9062b
2026-07-01T05:56:08.368921Z,B-like,0.5063583265396981,B-like,C-like,C-like,C-like,Quiet,C-like,B-like,39.51800742340055,0.4852007200518614,0.5063583265396981,LOW,894,0d5c1e38-8ab0-4426-96b2-6f1c33ff26a7
2026-07-01T05:56:18.228797Z,B-like,0.5167818553528858,B-like,C-like,C-like,C-like,Quiet,C-like,B-like,44.114835349576495,0.4418352502381049,0.5167818553528858,LOW,171,eedf3772-9e86-462d-bd90-3ccd0aaaa134
2026-07-01T05:56:27.665676Z,B-like,0.48571418883511835,B-like,C-like,C-like,C-like,Quiet,C-like,B-like,41.181820859471955,0.4497124931640494,0.48571418883511835,LOW,199,58da586c-ff59-487d-b0dc-74c00442457c
2026-07-01T05:56:40.566294Z,B-like,0.5107773095463386,B-like,C-like,C-like,C-like,Quiet,C-like,B-like,41.705412954083855,0.44878874827869636,0.5107773095463386,LOW,2331,1fb7982d-6eb7-41a6-9b63-6372c4b2dcb5
2026-07-01T05:56:48.751769Z,B-like,0.49097501661509846,B-like,C-like,C-like,C-like,Quiet,C-like,B-like,39.35508247242302,0.43528640505450633,0.49097501661509846,LOW,1541,05b90269-5906-4413-bd5d-eeb9aa688754
2026-07-01T05:56:58.764641Z,B-like,0.5345571315605897,B-like,C-like,C-like,C-like,Quiet,C-like,B-like,43.54117432160063,0.4700740686651451,0.5345571315605897,LOW,1553,b620f55e-f8db-4ba9-8af5-2e8700dadd79
2026-07-01T05:57:08.677111Z,B-like,0.4846406982543469,B-like,C-like,C-like,C-like,Quiet,C-like,B-like,41.84825807246523,0.4807434424374119,0.4846406982543469,LOW,1465,b8b0f806-fd2e-4f3f-96cc-7eff2396fa88
2026-07-01T05:57:18.569529Z,B-like,0.5088373162473853,B-like,C-like,C-like,C-like,Quiet,C-like,B-like,43.577799125931506,0.47936903681373005,0.5088373162473853,LOW,1358,a7d2d7af-d966-4580-99e7-f21a0042a317
2026-07-01T05:57:31.976326Z,B-like,0.5440672751285798,B-like,C-like,C-like,C-like,Quiet,C-like,B-like,43.56756093769808,0.4618290472418226,0.5440672751285798,LOW,4762,c7d2b96a-ef27-4045-b272-fb7da9a67d68
2026-07-01T05:57:38.495661Z,B-like,0.49117683434211284,B-like,C-like,C-like,C-like,Quiet,C-like,B-like,41.44770003618203,0.454721204036169,0.49117683434211284,LOW,1279,331c103b-0040-41cb-8a42-06236d5cb9f3
2026-07-01T05:57:48.759480Z,B-like,0.5192304630427207,B-like,C-like,C-like,C-like,Quiet,C-like,B-like,42.161782680125135,0.43321189312709746,0.5192304630427207,LOW,1546,70cdf02f-fb95-48f3-a26c-0136fe6dca01
2026-07-01T05:57:58.163683Z,B-like,0.516527047258199,B-like,C-like,C-like,C-like,Quiet,C-like,B-like,43.34624155710317,0.48116078795246287,0.516527047258199,LOW,951,c86a326a-3ef2-4565-bde5-6adbdc21a6d1
2026-07-01T05:58:09.212701Z,B-like,0.5311941470622669,B-like,C-like,C-like,C-like,Quiet,C-like,B-like,43.89321255130828,0.48642465782815225,0.5311941470622669,LOW,2001,5efc1eab-f828-4115-a1d3-832f82f71ba7
2026-07-01T05:58:18.455900Z,B-like,0.5321220092283956,B-like,C-like,C-like,C-like,Quiet,C-like,B-like,42.94194326672253,0.4764919406313333,0.5321220092283956,LOW,1244,6fb60635-2143-4438-a962-635c0c44f137
2026-07-01T05:58:29.186119Z,B-like,0.5029001526883822,B-like,C-like,C-like,C-like,Quiet,C-like,B-like,39.662982425265724,0.48479088089923333,0.5029001526883822,LOW,1975,a4e2625f-2dc4-43a1-94b4-7ec39a444341
2026-07-01T05:58:38.564529Z,B-like,0.48451283257087324,B-like,C-like,C-like,C-like,Quiet,C-like,B-like,41.56271936292555,0.4302515658185345,0.48451283257087324,LOW,1352,5eacd690-2677-46fd-abc3-ffcc8258a5cf
2026-07-01T05:58:48.931738Z,B-like,0.5267664101457405,B-like,C-like,C-like,C-like,Quiet,C-like,B-like,43.04603466326536,0.4447777965614943,0.5267664101457405,LOW,1720,e3aa6dfd-22db-4685-95ba-b232cd8406cd
2026-07-01T05:58:58.219093Z,B-like,0.4970156037069067,B-like,C-like,C-like,C-like,Quiet,C-like,B-like,42.24763625343027,0.43095440245986966,0.4970156037069067,LOW,751,1a6bc8df-cdf9-4eaf-aef3-af9c9fd5f60d
2026-07-01T05:59:09.277954Z,B-like,0.5050950868436063,B-like,C-like,C-like,C-like,Quiet,C-like,B-like,43.12293492199825,0.4817112944985792,0.5050950868436063,LOW,1782,be5511ee-2822-44f3-90d7-f3414097618d
2026-07-01T05:59:19.018485Z,B-like,0.5244257085005096,B-like,C-like,C-like,C-like,Quiet,C-like,B-like,40.93326880327939,0.48731638370613717,0.5244257085005096,LOW,1545,9d830a28-e48f-4846-953a-60b44ee5ac31
2026-07-01T05:59:29.224813Z,B-like,0.5091631261919622,B-like,C-like,C-like,C-like,Quiet,C-like,B-like,41.548119665268615,0.4496254422947714,0.5091631261919622,LOW,1753,c415d263-52d9-446b-a2ca-e0cfaa4a4396
2026-07-01T05:59:38.700011Z,B-like,0.5235639635858971,B-like,C-like,C-like,C-like,Quiet,C-like,B-like,39.524097176211235,0.46415039647804024,0.5235639635858971,LOW,1213,36eccc9f-ae39-4d17-b476-428d55d5f92c
2026-07-01T05:59:49.085534Z,B-like,0.4838373636480774,B-like,C-like,C-like,C-like,Quiet,C-like,B-like,40.429789987834084,0.4555818245197585,0.4838373636480774,LOW,1617,e14383f2-1fef-46bd-862c-4834b108b983
2026-07-01T06:00:31.976547Z,B-like,0.5286754977910622,B-like,C-like,C-like,C-like,Quiet,C-like,B-like,39.59861308950313,0.4766039016852757,0.5286754977910622,LOW,367,29e953cd-7b84-409c-9b0a-1b3e97ed6541
2026-07-01T06:00:40.606807Z,B-like,0.48150539452286145,B-like,C-like,C-like,C-like,Quiet,C-like,B-like,39.491125566062266,0.4786713092102668,0.48150539452286145,LOW,1140,5b6e8e54-0b14-44a6-9740-f6afc0b95ded
2026-07-01T06:00:49.721529Z,B-like,0.5208335958105077,B-like,C-like,C-like,C-like,Quiet,C-like,B-like,39.460485533817895,0.4861514162687891,0.5208335958105077,LOW,1190,d2b043fe-f618-4d24-b8c5-7617adaaa4ae
2026-07-01T06:01:00.367567Z,B-like,0.5154407712840495,B-like,C-like,C-like,C-like,Quiet,C-like,B-like,41.86891905137996,0.484241360481613,0.5154407712840495,LOW,1305,ea687bad-92c5-4799-94a8-51768dd58cde
2026-07-01T06:01:11.142939Z,B-like,0.5168731258899095,B-like,C-like,C-like,C-like,Quiet,C-like,B-like,40.94313983341932,0.4828690588248736,0.5168731258899095,LOW,1140,4c36fd81-637a-431f-80de-36daa5e97307
2026-07-01T06:01:18.839577Z,B-like,0.5215642487610271,B-like,C-like,C-like,C-like,Quiet,C-like,B-like,43.23489347653806,0.4478324943063211,0.5215642487610271,LOW,1338,163d7936-4867-42ee-98be-02fafac1bbf6
2026-07-01T06:01:28.952673Z,B-like,0.4869990743897101,B-like,C-like,C-like,C-like,Quiet,C-like,B-like,42.14712686676492,0.44701031942932506,0.4869990743897101,LOW,1461,f72e27a2-afa0-4ebf-9fff-68b2b864041f
2026-07-01T06:01:42.932077Z,B-like,0.5445836815160691,B-like,C-like,C-like,C-like,Quiet,C-like,B-like,42.55258953673073,0.4623770206823453,0.5445836815160691,LOW,1565,675f98d0-1876-42ca-be30-1b416c669794
2026-07-01T06:01:48.854365Z,B-like,0.5256304853091177,B-like,C-like,C-like,C-like,Quiet,C-like,B-like,39.98430011171099,0.471144040699033,0.5256304853091177,LOW,1292,5cd7323e-36fe-487d-9f13-819bdc1b3874
2026-07-01T06:02:00.180953Z,B-like,0.5303085139996012,B-like,C-like,C-like,C-like,Quiet,C-like,B-like,43.75865033954342,0.4299588021310583,0.5303085139996012,LOW,1776,9e8c4e08-83f4-4611-b97e-2f5836e497c8
2026-07-01T06:02:08.727622Z,B-like,0.5296206010631886,B-like,C-like,C-like,C-like,Quiet,C-like,B-like,42.473785863690196,0.4282790623726996,0.5296206010631886,LOW,1252,209724ff-4adc-4adc-b425-33f73a1bc787
2026-07-01T06:02:25.581717Z,B-like,0.5153012861775723,B-like,C-like,C-like,C-like,Quiet,C-like,B-like,42.524125373892936,0.4703579559872966,0.5153012861775723,LOW,1024,d671f92c-f4ff-43da-899b-cd96dcbe23ac
2026-07-01T06:02:28.999372Z,B-like,0.5333808713403786,B-like,C-like,C-like,C-like,Quiet,C-like,B-like,42.40541320666957,0.4486520018641946,0.5333808713403786,LOW,1528,d0afb2b7-6167-47e4-b397-37f81141c61c
2026-07-01T06:05:30.678200Z,B-like,0.5032282351913873,B-like,C-like,C-like,C-like,Quiet,C-like,B-like,42.89349271139455,0.4341799261160108,0.5032282351913873,LOW,1642,0afe8cc1-fa88-4f21-ad9a-8622b7ddb6e1
2026-07-01T06:05:39.735593Z,B-like,0.5058015987338723,B-like,C-like,C-like,C-like,Quiet,C-like,B-like,39.72337782529052,0.44849579168129927,0.5058015987338723,LOW,1455,8ba72379-7ade-4982-9426-a708c6a90e51
2026-07-01T06:05:49.237237Z,B-like,0.5041130801939049,B-like,C-like,C-like,C-like,Quiet,C-like,B-like,40.936694980344164,0.4527986526698219,0.5041130801939049,LOW,1757,d7df3e65-6fda-4007-9fd5-93979d3cf479
2026-07-01T06:05:59.604472Z,B-like,0.5003964069677839,B-like,C-like,C-like,C-like,Quiet,C-like,B-like,39.46675493421981,0.45927056008261324,0.5003964069677839,LOW,2124,f635ae9e-c1ad-4f35-9f3a-207e4197d419
2026-07-01T06:06:15.430901Z,B-like,0.5352986201548524,B-like,C-like,C-like,C-like,Quiet,C-like,B-like,40.58530364107155,0.440528339943508,0.5352986201548524,LOW,1033,29f6d3e9-48af-476f-96fe-f851d783b506
2026-07-01T06:06:45.458563Z,B-like,0.5446243950464099,B-like,C-like,C-like,C-like,Quiet,C-like,B-like,43.50289814077552,0.432272312258157,0.5446243950464099,LOW,1630,ba446134-971a-49cb-b18a-03248722d006
2026-07-01T06:06:48.631047Z,B-like,0.5396040031725033,B-like,C-like,C-like,C-like,Quiet,C-like,B-like,41.273680700612395,0.4762631091374274,0.5396040031725033,LOW,1136,c048fa46-f329-4b6d-9439-da02e5a0f7d3
2026-07-01T06:07:30.394781Z,B-like,0.5031678430219676,B-like,C-like,C-like,C-like,Quiet,C-like,B-like,41.368212090137305,0.4730102115775944,0.5031678430219676,LOW,901,d527784a-26f6-425e-97f6-6e3007aa1dcb
2026-07-01T06:08:31.629925Z,B-like,0.5297886610389965,B-like,C-like,C-like,C-like,Quiet,C-like,B-like,41.46752655869174,0.46084837981746013,0.5297886610389965,LOW,1825,fd0d90f9-f2ff-4da3-9ccd-23f520ddbdf1
2026-07-01T06:09:30.788926Z,B-like,0.5003995397612544,B-like,C-like,C-like,C-like,Quiet,C-like,B-like,41.3684728452316,0.44459950791887315,0.5003995397612544,LOW,1279,e19f0c6f-723d-41fc-8d35-754b72383196
2026-07-01T06:10:31.447825Z,B-like,0.47943614862061473,B-like,C-like,C-like,C-like,Quiet,C-like,B-like,40.52585683705187,0.4300304894598889,0.47943614862061473,LOW,1609,71cd1412-23e3-4ecb-b6f4-823c8cdb514a
2026-07-01T06:11:31.467800Z,B-like,0.5122761968377149,B-like,C-like,C-like,C-like,Quiet,C-like,B-like,40.08369827810288,0.4354473231184235,0.5122761968377149,LOW,1815,c021cbf7-a538-4d62-b95e-c1504425d59e
2026-07-01T06:12:31.843536Z,B-like,0.49835833992306006,B-like,C-like,C-like,C-like,Quiet,C-like,B-like,43.75226304113301,0.4688748611564214,0.49835833992306006,LOW,1986,815f4050-8cf7-4300-90c9-5d233743c62a
2026-07-01T06:13:30.993933Z,B-like,0.5297931264404547,B-like,C-like,C-like,C-like,Quiet,C-like,B-like,43.9064242591689,0.47737521507475295,0.5297931264404547,LOW,1500,147b28d4-7304-4a9d-aae1-36529a536983
2026-07-01T06:14:31.873380Z,B-like,0.49194232632051965,B-like,C-like,C-like,C-like,Quiet,C-like,B-like,40.82132562212348,0.4822705710769478,0.49194232632051965,LOW,2058,4efa530e-89ae-4d20-baf5-914e7f6bc327
2026-07-01T06:15:30.952732Z,B-like,0.536241701127323,B-like,C-like,C-like,C-like,Quiet,C-like,B-like,41.52132657471131,0.4648763503178785,0.536241701127323,LOW,1439,92a7be57-3fb7-4361-9974-2ecaefa21ba8
2026-07-01T06:16:31.410474Z,B-like,0.5199024527967748,B-like,C-like,C-like,C-like,Quiet,C-like,B-like,42.21574005357998,0.4859217536756502,0.5199024527967748,LOW,1614,7d15c7e1-b5d1-480f-9c0a-13b64f299a33
2026-07-01T06:17:30.931518Z,B-like,0.5164108383494097,B-like,C-like,C-like,C-like,Quiet,C-like,B-like,41.571250716134976,0.48674288208822614,0.5164108383494097,LOW,1434,ba070857-207a-42b4-9203-22ef5790b4b1
2026-07-01T06:18:31.146474Z,B-like,0.4971233962310923,B-like,C-like,C-like,C-like,Quiet,C-like,B-like,40.9999531550871,0.43521490508715877,0.4971233962310923,LOW,1626,fb737995-21f4-43e7-9b74-c246e78eefac
2026-07-01T06:19:30.105786Z,B-like,0.5116546459224174,B-like,C-like,C-like,C-like,Quiet,C-like,B-like,41.69480662841924,0.4547972449436762,0.5116546459224174,LOW,604,55bdae94-c8ac-45f4-b2e5-e1c319812387
2026-07-01T06:19:37.833093Z,B-like,0.4935109861238038,B-like,C-like,C-like,C-like,Quiet,C-like,B-like,41.538869566296036,0.42879297064434996,0.4935109861238038,LOW,623,50a58dbd-9b28-49a6-8a38-38e5648c2bb9
2026-07-01T06:19:47.822724Z,B-like,0.5276202837835308,B-like,C-like,C-like,C-like,Quiet,C-like,B-like,44.18653225173266,0.4448316579599584,0.5276202837835308,LOW,611,04807376-2b30-4d93-a1ea-855e01df99b6
2026-07-01T06:19:57.849068Z,B-like,0.5182670035420085,B-like,C-like,C-like,C-like,Quiet,C-like,B-like,43.47621985705381,0.47999660212696543,0.5182670035420085,LOW,638,d43f5c6c-f44d-4ef5-a79e-8b60fae95149
2026-07-01T06:20:07.931603Z,B-like,0.48386026319548425,B-like,C-like,C-like,C-like,Quiet,C-like,B-like,40.25314659766905,0.4652091974689294,0.48386026319548425,LOW,721,85ecfce6-c4ef-4c81-89d0-2a94c9d70ec5
2026-07-01T06:20:18.005070Z,B-like,0.5152194745590079,B-like,C-like,C-like,C-like,Quiet,C-like,B-like,40.63083883983196,0.4402621909225975,0.5152194745590079,LOW,526,dd724d94-9c73-4795-a560-b7bbb06724d7
2026-07-01T06:20:27.961989Z,B-like,0.48805710875512676,B-like,C-like,C-like,C-like,Quiet,C-like,B-like,40.20948791070111,0.4363346004979657,0.48805710875512676,LOW,492,4670c05f-7a98-4971-bd51-83185cfbdb94
2026-07-01T06:20:38.007397Z,B-like,0.5119012162651544,B-like,C-like,C-like,C-like,Quiet,C-like,B-like,42.158985241131354,0.4707177732555156,0.5119012162651544,LOW,537,645e3626-83db-4bdb-b284-3ef7793a77d9
2026-07-01T06:20:48.038998Z,B-like,0.47917697147128646,B-like,C-like,C-like,C-like,Quiet,C-like,B-like,40.0526950005219,0.48210041202765697,0.47917697147128646,LOW,566,bfd78335-4771-42cc-8d1e-41972e1d9021
2026-07-01T06:20:58.178758Z,B-like,0.4938097319102285,B-like,C-like,C-like,C-like,Quiet,C-like,B-like,43.17158706186746,0.43812507509974374,0.4938097319102285,LOW,715,ea05d615-9f82-4c4b-bdd8-c829fa48545c
2026-07-01T06:21:08.055651Z,B-like,0.5097442295654989,B-like,C-like,C-like,C-like,Quiet,C-like,B-like,39.33862578776995,0.4707613651612306,0.5097442295654989,LOW,588,902b2e34-46b6-4585-9411-5bbb118dbd8e
2026-07-01T06:21:30.097990Z,B-like,0.5159329732411058,B-like,C-like,C-like,C-like,Quiet,C-like,B-like,41.59263059974588,0.4322984791124796,0.5159329732411058,LOW,621,17c55cf9-0709-4fa5-9b87-6079f33d4b32
2026-07-01T06:22:30.439674Z,B-like,0.524938696765636,B-like,C-like,C-like,C-like,Quiet,C-like,B-like,44.10834129742593,0.4317090329956762,0.524938696765636,LOW,646,c3c65adc-d894-47d0-8751-e73c9683b972
2026-07-01T06:23:30.135960Z,B-like,0.5375103779230602,B-like,C-like,C-like,C-like,Quiet,C-like,B-like,41.39202840139562,0.4427978566851876,0.5375103779230602,LOW,629,bf4b7a41-bdd3-4462-b4a2-fd52910a46a5
2026-07-01T06:24:30.196274Z,B-like,0.48929971201662026,B-like,C-like,C-like,C-like,Quiet,C-like,B-like,41.110170260107004,0.4428749612804048,0.48929971201662026,LOW,686,f7c8406c-9c98-4401-ad51-c25abb65a80c
2026-07-01T06:25:30.898722Z,B-like,0.5028174998172733,B-like,C-like,C-like,C-like,Quiet,C-like,B-like,39.35452351962267,0.46637482712105666,0.5028174998172733,LOW,1416,74fdc4e4-e1e7-4c85-90ba-c821a4e00a6c
2026-07-01T06:25:38.407940Z,B-like,0.4893483971720217,B-like,C-like,C-like,C-like,Quiet,C-like,B-like,42.84206526901291,0.4312912301204673,0.4893483971720217,LOW,1195,fe04c0b2-4f50-4769-bb72-102fd0506553
2026-07-01T06:25:48.499977Z,B-like,0.5283205737161198,B-like,C-like,C-like,C-like,Quiet,C-like,B-like,42.95342869720265,0.46721562333920347,0.5283205737161198,LOW,1286,10bd3ef2-0265-4e2e-bc50-07aac63b24ad
2026-07-01T06:25:58.503001Z,B-like,0.514389609516246,B-like,C-like,C-like,C-like,Quiet,C-like,B-like,40.490848148750466,0.46835779720834886,0.514389609516246,LOW,1292,067a8143-43c2-4985-8e98-eb53e413c0a3
2026-07-01T06:26:08.836763Z,B-like,0.4945491341289084,B-like,C-like,C-like,C-like,Quiet,C-like,B-like,40.61651121263873,0.4347808817238713,0.4945491341289084,LOW,1624,15c782c0-708b-432a-839a-7789b201cde9
2026-07-01T06:26:18.865187Z,B-like,0.5139101635335469,B-like,C-like,C-like,C-like,Quiet,C-like,B-like,39.97909500030284,0.44733088886329664,0.5139101635335469,LOW,1651,09ec4c16-2622-4cbf-8470-d2892392f4d3
2026-07-01T06:26:29.310022Z,B-like,0.47911512160050146,B-like,C-like,C-like,C-like,Quiet,C-like,B-like,40.66210418655728,0.4387688825642212,0.47911512160050146,LOW,2080,a2b7ec5c-6c2d-4b3e-b555-38e099607bd3
2026-07-01T06:26:38.739299Z,B-like,0.5196971455757355,B-like,C-like,C-like,C-like,Quiet,C-like,B-like,41.87494446212062,0.449923687447733,0.5196971455757355,LOW,1256,973eedd6-9377-4d59-9576-6b7bdf15ae69
2026-07-01T06:26:49.124817Z,B-like,0.5183776361153623,B-like,C-like,C-like,C-like,Quiet,C-like,B-like,43.06558472028118,0.466080874072312,0.5183776361153623,LOW,1661,a31937e8-1e92-4cae-b568-be9156293f79
2026-07-01T06:26:58.655419Z,B-like,0.5385536375700325,B-like,C-like,C-like,C-like,Quiet,C-like,B-like,42.95638705730218,0.4352058687375786,0.5385536375700325,LOW,1181,95a3999b-b388-4d77-9c33-41b206a4b669
2026-07-01T06:27:09.043304Z,B-like,0.5372577858994722,B-like,C-like,C-like,C-like,Quiet,C-like,B-like,41.47151801764941,0.444388858228776,0.5372577858994722,LOW,1566,f2c0c78f-0ed3-4bc4-95d1-252c0775627f
2026-07-01T06:27:19.586666Z,B-like,0.5053760884575307,B-like,C-like,C-like,C-like,Quiet,C-like,B-like,42.278510972341834,0.4692319512479019,0.5053760884575307,LOW,2102,778131e9-7be7-4642-9edb-90e6686cfde7
2026-07-01T06:27:29.540457Z,B-like,0.5057381929078596,B-like,C-like,C-like,C-like,Quiet,C-like,B-like,43.33738975405382,0.4455080803374955,0.5057381929078596,LOW,2066,d57386bf-ad12-445b-ae4d-55b678bf2f1f
2026-07-01T06:28:30.601394Z,B-like,0.5392405468232596,B-like,C-like,C-like,C-like,Quiet,C-like,B-like,43.82721356034349,0.46768962546316084,0.5392405468232596,LOW,806,fe11a5d7-5766-4712-8dce-e8e4a0df044d
2026-07-01T06:29:31.078102Z,B-like,0.49193772011350695,B-like,C-like,C-like,C-like,Quiet,C-like,B-like,42.462382388234104,0.44111359419322577,0.49193772011350695,LOW,1576,66a808cd-c57c-4f84-b2b3-3bd4ae6eda22
2026-07-01T06:30:31.988870Z,B-like,0.5134491884785091,B-like,C-like,C-like,C-like,Quiet,C-like,B-like,40.349367059800656,0.4443411182914934,0.5134491884785091,LOW,2507,8a83714a-c11b-4271-bd12-1c3669202d0f
2026-07-01T06:31:31.194643Z,B-like,0.5192936940514647,B-like,C-like,C-like,C-like,Quiet,C-like,B-like,43.34794451542,0.43650163013184073,0.5192936940514647,LOW,1679,9acc68f8-bcfc-480b-9101-48210f1322c0
2026-07-01T06:33:40.438073Z,B-like,0.48767644068079163,B-like,C-like,C-like,C-like,Quiet,C-like,B-like,39.70783961052939,0.4546424846825974,0.48767644068079163,LOW,2321,d950ada7-1608-42e5-9fc7-02a48bf6c75d
2026-07-01T06:33:48.512626Z,B-like,0.5330324500413992,B-like,C-like,C-like,C-like,Quiet,C-like,B-like,42.64376057537239,0.48640771004917005,0.5330324500413992,LOW,1035,419184fa-f139-42d3-9110-481dee26a0cc
2026-07-01T06:33:58.818213Z,B-like,0.5281894488507152,B-like,C-like,C-like,C-like,Quiet,C-like,B-like,39.728768409386305,0.4827271282849127,0.5281894488507152,LOW,1346,00d57b2a-ad14-42de-9907-8276590b1822
2026-07-01T06:34:09.041393Z,B-like,0.5065336003839126,B-like,C-like,C-like,C-like,Quiet,C-like,B-like,43.612512806013186,0.4724931421679296,0.5065336003839126,LOW,1828,81616f1e-a850-45da-9176-27b9ca5db4c5
2026-07-01T06:34:18.643529Z,B-like,0.541285090004574,B-like,C-like,C-like,C-like,Quiet,C-like,B-like,43.700681112885924,0.4675677025066204,0.541285090004574,LOW,1176,c214c93f-3ec3-42ee-807e-15eb9a2504db
2026-07-01T06:34:29.048385Z,B-like,0.5366943273483331,B-like,C-like,C-like,C-like,Quiet,C-like,B-like,44.213028350816984,0.4676963086487786,0.5366943273483331,LOW,1574,de10d020-e28e-4fba-9cd1-a5075fe52267
2026-07-01T06:34:39.230475Z,B-like,0.49828716851353727,B-like,C-like,C-like,C-like,Quiet,C-like,B-like,39.63884939793543,0.4856492250218329,0.49828716851353727,LOW,1752,1f501d63-624f-4509-a55c-832dc797d7e8
2026-07-01T06:34:49.139110Z,B-like,0.5256725829878852,B-like,C-like,C-like,C-like,Quiet,C-like,B-like,42.437603380854334,0.4706476961440608,0.5256725829878852,LOW,1677,977d3f98-597e-42eb-a80d-c41f3776af15
2026-07-01T06:34:59.011181Z,B-like,0.49019966908306395,B-like,C-like,C-like,C-like,Quiet,C-like,B-like,41.725815015836915,0.482667397681314,0.49019966908306395,LOW,1539,24345a8d-79de-487a-b602-1ba1364edab6
2026-07-01T06:35:10.338388Z,B-like,0.49611935499356574,B-like,C-like,C-like,C-like,Quiet,C-like,B-like,39.93431783306752,0.44540138433678483,0.49611935499356574,LOW,2874,b8c8a0b5-e2ed-4d87-a757-35581bac2a22
2026-07-01T06:35:19.019920Z,B-like,0.5239688536626108,B-like,C-like,C-like,C-like,Quiet,C-like,B-like,43.77542513668074,0.48320719999284284,0.5239688536626108,LOW,1556,b7a81657-830a-4366-b3c4-4681d8606717
2026-07-01T06:35:30.262254Z,B-like,0.48440194469728726,B-like,C-like,C-like,C-like,Quiet,C-like,B-like,40.307302833704036,0.4459544251782168,0.48440194469728726,LOW,780,4beab88f-fbd8-4780-b769-410077f20f5b
2026-07-01T06:36:30.937363Z,B-like,0.516706145987359,B-like,C-like,C-like,C-like,Quiet,C-like,B-like,42.594257719823375,0.4761525740051388,0.516706145987359,LOW,1142,ffed11d4-b468-4b94-be25-667343af44c0
2026-07-01T06:37:30.352061Z,B-like,0.5037778208012037,B-like,C-like,C-like,C-like,Quiet,C-like,B-like,43.986562202467994,0.42813617524951764,0.5037778208012037,LOW,861,3fcd14c7-09de-4795-a0bf-0b64e02d91be
2026-07-01T06:38:32.060806Z,B-like,0.50072156305073,B-like,C-like,C-like,C-like,Quiet,C-like,B-like,39.63215413382852,0.47762204856093843,0.50072156305073,LOW,2556,a6cd0a23-8e02-47a6-af09-36c5a5c79f01
2026-07-01T06:39:30.466075Z,B-like,0.5326332289614966,B-like,C-like,C-like,C-like,Quiet,C-like,B-like,42.01523003805428,0.4624869123509928,0.5326332289614966,LOW,974,df7b28d7-6cf5-4354-8220-e87fffa25e04
2026-07-01T06:40:30.673744Z,B-like,0.5346137340222378,B-like,C-like,C-like,C-like,Quiet,C-like,B-like,40.623679198662344,0.4669582891135112,0.5346137340222378,LOW,1174,cdf67894-57a3-41d3-b2a1-8bb3a7adb6c7
2026-07-01T06:41:31.033103Z,B-like,0.504200247340383,B-like,C-like,C-like,C-like,Quiet,C-like,B-like,42.209184209839954,0.46984391745681686,0.504200247340383,LOW,1534,04b9343c-5508-4494-a3e5-6c5665f02d28
2026-07-01T06:42:32.005109Z,B-like,0.5201035110841115,B-like,C-like,C-like,C-like,Quiet,C-like,B-like,39.60147622497519,0.46919409843926035,0.5201035110841115,LOW,2500,a55c9e9b-3a5d-4626-9e4f-9a8b470de480
2026-07-01T06:43:30.347797Z,B-like,0.5137765374345975,B-like,C-like,C-like,C-like,Quiet,C-like,B-like,41.4363130669068,0.48765380479596493,0.5137765374345975,LOW,852,1e3fa3e0-a581-4a55-8831-048b74d6b150
2026-07-01T06:44:30.412843Z,B-like,0.5096529175776365,B-like,C-like,C-like,C-like,Quiet,C-like,B-like,42.20862008398382,0.46996054466973924,0.5096529175776365,LOW,928,ac2ae345-6694-4f46-b4cb-ae744eb83896
2026-07-01T06:45:30.430554Z,B-like,0.5153319607510575,B-like,C-like,C-like,C-like,Quiet,C-like,B-like,40.00719863876212,0.43392253708181494,0.5153319607510575,LOW,945,47b7a621-448d-4059-8057-77242cdf923f
2026-07-01T06:46:30.862090Z,B-like,0.5304475526550442,B-like,C-like,C-like,C-like,Quiet,C-like,B-like,39.82105983369409,0.4652737098119249,0.5304475526550442,LOW,1345,d9141e63-2afd-436b-b11a-dce8b02c236d
2026-07-01T06:47:06.381401Z,B-like,0.507902022406131,B-like,C-like,C-like,C-like,Quiet,C-like,B-like,39.7323798909653,0.45786876972179447,0.507902022406131,LOW,1432,5b137b14-3182-458f-8689-e102312c74a8
2026-07-01T06:47:07.970189Z,B-like,0.5199668279396865,B-like,C-like,C-like,C-like,Quiet,C-like,B-like,41.05117260680395,0.4546980085416091,0.5199668279396865,LOW,750,d734a65c-c6b1-4fdd-a85d-7afaf3d56abf
2026-07-01T06:47:19.896504Z,B-like,0.4836386784574502,B-like,C-like,C-like,C-like,Quiet,C-like,B-like,42.175925054418876,0.4848231688937003,0.4836386784574502,LOW,2415,669190de-7b7d-40e1-972e-6c67dfeec330
2026-07-01T06:47:29.973342Z,B-like,0.528438121863152,B-like,C-like,C-like,C-like,Quiet,C-like,B-like,42.85304173913615,0.47004728242202926,0.528438121863152,LOW,2497,46b05738-78bb-4348-a124-ed02c8bd8e4d
2026-07-01T06:47:38.553657Z,B-like,0.5099206569951691,B-like,C-like,C-like,C-like,Quiet,C-like,B-like,42.32997123133145,0.47959045501773867,0.5099206569951691,LOW,1081,9c18d668-f979-4c73-a05b-126eeed939dc
2026-07-01T06:47:48.708076Z,B-like,0.5399661326563011,B-like,C-like,C-like,C-like,Quiet,C-like,B-like,43.23937407254219,0.44592772717218054,0.5399661326563011,LOW,1231,355f30ee-ef29-4ad2-b145-d6a0f2f2dd0f
2026-07-01T06:47:58.253825Z,B-like,0.4997651930916835,B-like,C-like,C-like,C-like,Quiet,C-like,B-like,41.761733126447055,0.4603209938100872,0.4997651930916835,LOW,779,391c356f-7b01-45a7-8dfd-790d6768e94b
2026-07-01T06:48:08.519898Z,B-like,0.49968937850780837,B-like,C-like,C-like,C-like,Quiet,C-like,B-like,42.77726031851637,0.4671991184577241,0.49968937850780837,LOW,1045,0d600c73-95fc-41b8-b143-d69776168659
2026-07-01T06:48:18.873098Z,B-like,0.4998788009308622,B-like,C-like,C-like,C-like,Quiet,C-like,B-like,39.57525184279931,0.4538330462223693,0.4998788009308622,LOW,1404,4095f99a-9d04-4f65-b5b5-3977ec599f57
2026-07-01T06:48:28.281876Z,B-like,0.5277620054104547,B-like,C-like,C-like,C-like,Quiet,C-like,B-like,40.50986028624401,0.4373994697204661,0.5277620054104547,LOW,814,ae9b5ae7-48c2-473e-855e-116d00c66112
2026-07-01T06:48:38.385493Z,B-like,0.4971469183363019,B-like,C-like,C-like,C-like,Quiet,C-like,B-like,42.07367318396806,0.4396949054823807,0.4971469183363019,LOW,913,a4cf0ca9-cf8c-4def-a846-89a05a6810e0
2026-07-01T06:48:49.235503Z,B-like,0.5009457797025129,B-like,C-like,C-like,C-like,Quiet,C-like,B-like,42.3411396219663,0.46041800878259365,0.5009457797025129,LOW,1767,d6e8d3f4-bda9-4932-9af5-11c52e079a23
2026-07-01T06:49:31.012614Z,B-like,0.4987143670423382,B-like,C-like,C-like,C-like,Quiet,C-like,B-like,39.730500933252756,0.45280772106888906,0.4987143670423382,LOW,1520,42d666a9-ed2f-48cc-b004-56bdb5dfba88
2026-07-01T06:50:30.695310Z,B-like,0.5049197670360568,B-like,C-like,C-like,C-like,Quiet,C-like,B-like,44.11153397188761,0.4872168077046939,0.5049197670360568,LOW,1209,34793a08-91e9-49e1-8e5d-6f648acfcfab
2026-07-01T06:51:30.710120Z,B-like,0.5112399067130876,B-like,C-like,C-like,C-like,Quiet,C-like,B-like,39.309786773167424,0.4393721356363819,0.5112399067130876,LOW,1213,8077263c-c036-4821-810a-3cac372dc549
2026-07-01T06:55:11.022977Z,B-like,0.5069326522803158,B-like,C-like,C-like,C-like,Quiet,C-like,B-like,43.86940241298798,0.44306948746007796,0.5069326522803158,LOW,1363,71a60e0f-e645-47f4-90ca-6a1f5b09ce7f
2026-07-01T06:55:19.303198Z,B-like,0.4886195123240901,B-like,C-like,C-like,C-like,Quiet,C-like,B-like,41.484026628303546,0.43330801331723495,0.4886195123240901,LOW,2068,d3e58abf-7c48-4bb2-8e7e-17fd17bbdfc7
2026-07-01T06:55:28.614362Z,B-like,0.5294478046504565,B-like,C-like,C-like,C-like,Quiet,C-like,B-like,40.91638568964108,0.4707108264829443,0.5294478046504565,LOW,1398,32575a76-ec80-4a42-b859-ccdf341895ba
2026-07-01T06:55:38.466608Z,B-like,0.5404515091985445,B-like,C-like,C-like,C-like,Quiet,C-like,B-like,41.9100301339688,0.4786404762788063,0.5404515091985445,LOW,1247,11c28d04-e8a7-455d-bb63-59d275496dff
2026-07-01T06:55:48.237110Z,B-like,0.5260446145155278,B-like,C-like,C-like,C-like,Quiet,C-like,B-like,41.403941721399136,0.4380402946642785,0.5260446145155278,LOW,1023,6d093216-467e-4d8c-9699-5a2ef62786a6
2026-07-01T06:55:58.155721Z,B-like,0.5115860253616054,B-like,C-like,C-like,C-like,Quiet,C-like,B-like,43.32343916143939,0.452875539278881,0.5115860253616054,LOW,941,7e417f07-36a4-45ef-83dd-32772eccfbcf
2026-07-01T06:56:08.793930Z,B-like,0.49637069312056326,B-like,C-like,C-like,C-like,Quiet,C-like,B-like,42.97185380963002,0.48603526993000973,0.49637069312056326,LOW,1582,40888ce3-ebba-4823-8356-e20ee7545fad
2026-07-01T06:56:18.562388Z,B-like,0.4863101266836378,B-like,C-like,C-like,C-like,Quiet,C-like,B-like,40.6407734372706,0.44752940956599396,0.4863101266836378,LOW,1349,1a96ca4b-bdb5-4c9f-af7b-866b87b2507d
2026-07-01T06:56:28.594520Z,B-like,0.5250633296624316,B-like,C-like,C-like,C-like,Quiet,C-like,B-like,43.75944305956062,0.4396888159538702,0.5250633296624316,LOW,1383,f5dff9cb-16dc-4a34-8b15-592c90eb1213
2026-07-01T06:56:38.351723Z,B-like,0.5115591373200146,B-like,C-like,C-like,C-like,Quiet,C-like,B-like,42.19726876855033,0.4623971413207714,0.5115591373200146,LOW,1109,89b0e1dd-a3b2-4c91-ac77-0b0d7197ea34
2026-07-01T06:56:49.327578Z,B-like,0.5201030236828716,B-like,C-like,C-like,C-like,Quiet,C-like,B-like,41.140687570231485,0.4302263487984143,0.5201030236828716,LOW,2104,25cc5e37-885a-49be-81fd-f9a81d1ba9f2
2026-07-01T06:56:58.021635Z,B-like,0.5293362360021852,B-like,C-like,C-like,C-like,Quiet,C-like,B-like,42.59974800989205,0.48299779968244044,0.5293362360021852,LOW,810,c4762ac6-6ee3-4180-ab79-347d36246592
2026-07-01T06:57:08.253710Z,B-like,0.5394600608231708,B-like,C-like,C-like,C-like,Quiet,C-like,B-like,44.23454622631666,0.43532566188727084,0.5394600608231708,LOW,1040,4b7ed2aa-a3ef-44ce-b18f-8d4baff4f5a2
2026-07-01T06:57:18.338067Z,B-like,0.5346489294971584,B-like,C-like,C-like,C-like,Quiet,C-like,B-like,40.054477850636886,0.4503830142470784,0.5346489294971584,LOW,1124,53daa159-e11c-4674-9b53-ba2a72e12dc5
2026-07-01T06:57:28.113548Z,B-like,0.4814305193097606,B-like,C-like,C-like,C-like,Quiet,C-like,B-like,39.773237312383976,0.4375926541965097,0.4814305193097606,LOW,901,ca411fc6-f2ba-46d0-8ddf-d1809100ad1e
2026-07-01T06:57:39.341495Z,B-like,0.5060467197657623,B-like,C-like,C-like,C-like,Quiet,C-like,B-like,42.64909697785611,0.48154261636139395,0.5060467197657623,LOW,2128,14c29427-cecd-4471-90a2-ca91c69f648b
2026-07-01T06:57:49.244468Z,B-like,0.5171101562351107,B-like,C-like,C-like,C-like,Quiet,C-like,B-like,39.36034467417844,0.4710177228452834,0.5171101562351107,LOW,2031,c785264a-866f-4d95-ba18-73bfea7b81a9
2026-07-01T06:57:58.355555Z,B-like,0.48723338204780176,B-like,C-like,C-like,C-like,Quiet,C-like,B-like,42.43704372107161,0.4527895877511576,0.48723338204780176,LOW,1143,696f913e-3dff-48b6-b687-ea1fd72ec3c3
2026-07-01T06:58:09.413240Z,B-like,0.4881179781351406,B-like,C-like,C-like,C-like,Quiet,C-like,B-like,42.87175958634255,0.4862269704011824,0.4881179781351406,LOW,2200,9b37c943-7515-4e73-ba40-a6b7bc0eb926
2026-07-01T06:58:18.374502Z,B-like,0.5330517150416637,B-like,C-like,C-like,C-like,Quiet,C-like,B-like,39.962139823651896,0.46155965800171156,0.5330517150416637,LOW,1161,5cdc52b3-9f4d-4d8b-8486-a697b4c09e3e
2026-07-01T06:58:28.078435Z,B-like,0.5255481346273378,B-like,C-like,C-like,C-like,Quiet,C-like,B-like,40.87730136306875,0.4386348137921855,0.5255481346273378,LOW,865,ad96c5aa-7092-4b5f-9b35-8bcb213b5b9a
2026-07-01T06:58:38.736245Z,B-like,0.5339389374060017,B-like,C-like,C-like,C-like,Quiet,C-like,B-like,44.23579043627077,0.458645629370809,0.5339389374060017,LOW,1524,8af68d7a-c701-4fb4-8d36-36c68a3bd73c
2026-07-01T06:58:48.358003Z,B-like,0.49057331233056223,B-like,C-like,C-like,C-like,Quiet,C-like,B-like,43.204564791250725,0.43789274281142576,0.49057331233056223,LOW,1145,2ea19e3b-0009-46e3-84ef-c6ce167d535a
2026-07-01T06:58:58.741381Z,B-like,0.48936486868735696,B-like,C-like,C-like,C-like,Quiet,C-like,B-like,44.038909536178096,0.4636814779087099,0.48936486868735696,LOW,1527,66c4722c-4faf-4855-bb4d-61635356e447
2026-07-01T06:59:08.635388Z,B-like,0.5128799738166125,B-like,C-like,C-like,C-like,Quiet,C-like,B-like,39.6975729407961,0.44246319637381204,0.5128799738166125,LOW,1422,e3f2a8e2-a253-48fb-9f55-e89305b93308
2026-07-01T06:59:17.930375Z,B-like,0.477322683148008,B-like,C-like,C-like,C-like,Quiet,C-like,B-like,39.85750799451164,0.48138753397132594,0.477322683148008,LOW,464,f6181486-e1ab-4e6b-b1fa-2e8c1bb9c0c0
2026-07-01T06:59:28.635020Z,B-like,0.5330284303712781,B-like,C-like,C-like,C-like,Quiet,C-like,B-like,39.44544642296346,0.4583844598659672,0.5330284303712781,LOW,1423,486dc143-b1a4-44cf-8e51-0eb60908616d
2026-07-01T06:59:38.295977Z,B-like,0.4901047520913658,B-like,C-like,C-like,C-like,Quiet,C-like,B-like,42.940506235742355,0.47336504764270126,0.4901047520913658,LOW,1084,11b1f4ec-31c4-4ba1-99f5-a9cf52d6ab0f
2026-07-01T06:59:48.089763Z,B-like,0.5491787307712601,B-like,C-like,C-like,C-like,Quiet,C-like,B-like,44.274787350334144,0.44507638673465244,0.5491787307712601,LOW,877,07f65159-fce8-4d7b-aff8-4fb1571e11ba
2026-07-01T06:59:58.539884Z,B-like,0.501641449223231,B-like,C-like,C-like,C-like,Quiet,C-like,B-like,40.04003308902997,0.436315304842252,0.501641449223231,LOW,1329,ed92a536-07fc-40d1-82a9-d2a33bf07337
2026-07-01T07:00:08.121300Z,B-like,0.4784128250663554,B-like,C-like,C-like,C-like,Quiet,C-like,B-like,39.59747261854605,0.4846708059184525,0.4784128250663554,LOW,909,8b05f063-ec72-4bf9-a1da-f9073f866b5a
2026-07-01T07:00:18.804584Z,B-like,0.5058838061570613,B-like,C-like,C-like,C-like,Quiet,C-like,B-like,42.91435319012716,0.4590456364234082,0.5058838061570613,LOW,1327,63505b14-4a3b-4cac-b4e6-d1076f9eb843
2026-07-01T07:00:28.356971Z,B-like,0.47990087573715795,B-like,C-like,C-like,C-like,Quiet,C-like,B-like,39.92202650051368,0.44441334605525884,0.47990087573715795,LOW,894,c249e297-bcbb-4e2b-b7b8-fff1b2f0b819
2026-07-01T07:00:38.573234Z,B-like,0.5410194768131256,B-like,C-like,C-like,C-like,Quiet,C-like,B-like,42.765062977699316,0.4460590365126009,0.5410194768131256,LOW,1099,85178e57-59a9-43bf-bb03-f06df33b9698
2026-07-01T07:00:48.571026Z,B-like,0.5286812420479372,B-like,C-like,C-like,C-like,Quiet,C-like,B-like,41.94849724720314,0.42839950338601335,0.5286812420479372,LOW,1093,d77f3e23-53ac-445a-9352-a2ab83cdd498
2026-07-01T07:00:58.545624Z,B-like,0.5203457068011201,B-like,C-like,C-like,C-like,Quiet,C-like,B-like,40.732245997779025,0.45416243171837983,0.5203457068011201,LOW,1073,0ddd80df-bc08-49aa-b11a-7b11ef6b6f96
2026-07-01T07:01:08.570102Z,B-like,0.5330327536743431,B-like,C-like,C-like,C-like,Quiet,C-like,B-like,42.50815201474427,0.4354745823636852,0.5330327536743431,LOW,1100,59efe564-f30e-411c-a79a-62528fcfd014
2026-07-01T07:01:18.271986Z,B-like,0.5278923464621171,B-like,C-like,C-like,C-like,Quiet,C-like,B-like,40.432850017517985,0.43388290494269155,0.5278923464621171,LOW,1059,3dd5b311-2fcc-4e1b-9d6d-c0cff4fd18b8
2026-07-01T07:01:28.072956Z,B-like,0.4970986763026149,B-like,C-like,C-like,C-like,Quiet,C-like,B-like,40.8455555629331,0.4646449513944759,0.4970986763026149,LOW,859,6850e04c-aa14-4f1c-8e7e-a4b0f5e38e4e
2026-07-01T07:01:38.109375Z,B-like,0.5266957341623297,B-like,C-like,C-like,C-like,Quiet,C-like,B-like,41.164574973829424,0.4611037727783551,0.5266957341623297,LOW,897,1dd8013b-0a90-450f-a13a-94180656e160
2026-07-01T07:01:48.400627Z,B-like,0.5290716075159806,B-like,C-like,C-like,C-like,Quiet,C-like,B-like,41.41180855998189,0.4476129666926209,0.5290716075159806,LOW,1188,86d1d8cc-ad56-4edf-bcab-da0f007e40cf
2026-07-01T07:01:58.575656Z,B-like,0.5110658399660413,B-like,C-like,C-like,C-like,Quiet,C-like,B-like,43.44828134289878,0.4607666846043113,0.5110658399660413,LOW,1364,ee2add03-4679-4bd4-8eeb-375efca3e8b8
2026-07-01T07:02:08.346514Z,B-like,0.5268979641914653,B-like,C-like,C-like,C-like,Quiet,C-like,B-like,41.3721603599614,0.45722973294557523,0.5268979641914653,LOW,1135,267d153a-00cc-41a9-9d8f-3bc5bb1e9251
2026-07-01T07:02:18.315657Z,B-like,0.48433751364248606,B-like,C-like,C-like,C-like,Quiet,C-like,B-like,40.31304836506203,0.4623465334627618,0.48433751364248606,LOW,1104,89e42940-4399-4ecd-b829-6a0a07fb2e35
2026-07-01T07:02:28.621623Z,B-like,0.5258647693734737,B-like,C-like,C-like,C-like,Quiet,C-like,B-like,42.85709382346598,0.4401080622076791,0.5258647693734737,LOW,1409,63dd38ad-8b95-4178-a0eb-73465ecfaddb
2026-07-01T07:02:38.835600Z,B-like,0.4887259148883525,B-like,C-like,C-like,C-like,Quiet,C-like,B-like,43.28773161085582,0.44316001161473184,0.4887259148883525,LOW,1624,7e8adaaa-7151-4c4a-a54d-6883759e110a
2026-07-01T07:02:48.217896Z,B-like,0.5359908902329537,B-like,C-like,C-like,C-like,Quiet,C-like,B-like,40.71306214969666,0.4463644372945488,0.5359908902329537,LOW,755,ebcc562d-cbc2-41d4-89d2-5cf16da29381
2026-07-01T07:02:58.652353Z,B-like,0.5008136239051297,B-like,C-like,C-like,C-like,Quiet,C-like,B-like,43.28359872332561,0.4348900256931311,0.5008136239051297,LOW,1177,edab98a7-0b43-4a43-851b-3da025758c2e
2026-07-01T07:03:09.267735Z,B-like,0.5143444434565644,B-like,C-like,C-like,C-like,Quiet,C-like,B-like,41.70831585930209,0.47013326324781424,0.5143444434565644,LOW,1794,73b4fbfe-e26e-4d17-b0d5-e43be090b2f4
2026-07-01T07:03:18.528512Z,B-like,0.5074850432004463,B-like,C-like,C-like,C-like,Quiet,C-like,B-like,42.66295502980557,0.4366239082424532,0.5074850432004463,LOW,1051,9702b2ba-cafc-46da-a43e-7f6e544e6195
2026-07-01T07:03:28.585993Z,B-like,0.5207484568808622,B-like,C-like,C-like,C-like,Quiet,C-like,B-like,40.56994007798967,0.45920670089197974,0.5207484568808622,LOW,1119,1674f5eb-76d1-426f-8b2b-6e11bbc80da3
2026-07-01T07:03:38.224347Z,B-like,0.514596908694417,B-like,C-like,C-like,C-like,Quiet,C-like,B-like,43.861991619071276,0.4343233429796964,0.514596908694417,LOW,743,7804a53a-a460-490e-bcab-1f56dfd771f9
2026-07-01T07:04:30.556462Z,B-like,0.49506910937199394,B-like,C-like,C-like,C-like,Quiet,C-like,B-like,43.497831653438496,0.43789066307160923,0.49506910937199394,LOW,759,7fef6d74-6ee7-4856-b0f3-ac50b31304be
2026-07-01T07:05:31.103515Z,B-like,0.5021915046482905,B-like,C-like,C-like,C-like,Quiet,C-like,B-like,41.28479919349612,0.44484105473209756,0.5021915046482905,LOW,1605,29221d81-02cb-4439-acd5-e1bd1ca289eb
2026-07-01T07:06:30.357095Z,B-like,0.49025172601006606,B-like,C-like,C-like,C-like,Quiet,C-like,B-like,41.043356763298064,0.4603632735403848,0.49025172601006606,LOW,860,268d5b6c-88c2-49c0-b071-50ef277ca087
2026-07-01T07:07:30.367079Z,B-like,0.49436940313743727,B-like,C-like,C-like,C-like,Quiet,C-like,B-like,43.76847180169268,0.45341546455391635,0.49436940313743727,LOW,889,1bd90b8a-7e1d-464c-962b-8464184270df
2026-07-01T07:08:30.442998Z,B-like,0.5266549792363568,B-like,C-like,C-like,C-like,Quiet,C-like,B-like,42.80349547588555,0.4672983386333479,0.5266549792363568,LOW,955,e4ff27e3-acd4-4fd9-a836-a74185b3f4cf
2026-07-01T07:09:31.023445Z,B-like,0.5004661691261197,B-like,C-like,C-like,C-like,Quiet,C-like,B-like,40.27984231280786,0.46130316545651934,0.5004661691261197,LOW,1523,f8c4164e-f2d2-47f4-8612-f381ff11965d
2026-07-01T08:24:12.725552Z,B-like,0.5027733832431449,B-like,C-like,C-like,C-like,Quiet,C-like,B-like,39.59334865001907,0.4794506673973511,0.5027733832431449,LOW,5584,01fa707f-504f-4dd0-a0ca-1f43b2260c51
2026-07-01T08:24:14.670577Z,B-like,0.5018856192013104,B-like,C-like,C-like,C-like,Quiet,C-like,B-like,41.911872809694096,0.45376384532228226,0.5018856192013104,LOW,1917,0edc12e7-6660-49d0-924f-93caf8c89fcb
2026-07-01T08:24:24.807040Z,B-like,0.5104338092660012,B-like,C-like,C-like,C-like,Quiet,C-like,B-like,39.80683770666855,0.45956890002810025,0.5104338092660012,LOW,2262,348ec464-0738-4335-a8a4-e664fcf064ff
2026-07-01T08:24:38.586489Z,B-like,0.4837427081135636,B-like,C-like,C-like,C-like,Quiet,C-like,B-like,41.53475865154512,0.4815516605768517,0.4837427081135636,LOW,961,9ae38317-545a-4d9f-bd29-7a4a702de697
2026-07-01T08:27:53.397749Z,B-like,0.5305399696716278,B-like,C-like,C-like,C-like,Quiet,C-like,B-like,39.33005792554886,0.45949687894414537,0.5305399696716278,LOW,151,afe65859-9975-4308-9bcb-7bd882d3d92f
2026-07-01T08:27:58.623451Z,B-like,0.5336542844919433,B-like,C-like,C-like,C-like,Quiet,C-like,B-like,40.4495007405622,0.4724613828242468,0.5336542844919433,LOW,150,5b91f4e7-7b03-42ba-b6e3-5f559c363e7f
2026-07-01T08:28:08.942918Z,B-like,0.479409415498461,B-like,C-like,C-like,C-like,Quiet,C-like,B-like,39.69519028722886,0.4698167658155793,0.479409415498461,LOW,151,c9cdb117-febf-47b0-8735-0b2639170671
2026-07-01T08:28:18.646300Z,B-like,0.5309707059168244,B-like,C-like,C-like,C-like,Quiet,C-like,B-like,43.50823133790791,0.4283766544099842,0.5309707059168244,LOW,178,8fd120e4-8c52-46aa-b8aa-4b603ad657cc
2026-07-01T08:28:30.060637Z,B-like,0.5186194691169449,B-like,C-like,C-like,C-like,Quiet,C-like,B-like,41.39490363717025,0.4597964675221002,0.5186194691169449,LOW,164,0eb79411-9a02-48da-967f-b9cc56f655f7
2026-07-01T08:29:29.610335Z,B-like,0.49784328530162647,B-like,C-like,C-like,C-like,Quiet,C-like,B-like,43.401306275762586,0.4335708347190691,0.49784328530162647,LOW,144,0c56c452-eb74-441c-ad88-1241157e50d1
2026-07-01T08:30:29.952816Z,B-like,0.5190032743725684,B-like,C-like,C-like,C-like,Quiet,C-like,B-like,39.81189053936152,0.44894855316231447,0.5190032743725684,LOW,160,06a92fb3-40c4-415b-ab1a-e2876226acaa
2026-07-01T08:31:29.635123Z,B-like,0.4867796072710439,B-like,C-like,C-like,C-like,Quiet,C-like,B-like,39.93343228838916,0.44624148956201465,0.4867796072710439,LOW,138,38c736d7-6a94-48e0-af71-4433df4de19c
2026-07-01T08:32:40.319224Z,B-like,0.4909247973176177,B-like,C-like,C-like,C-like,Quiet,C-like,B-like,41.15229316743151,0.43568784127475085,0.4909247973176177,LOW,204,9368d918-826b-4df7-b24a-d74608d45c6e
2026-07-01T08:32:42.741276Z,B-like,0.4886565630307179,B-like,C-like,C-like,C-like,Quiet,C-like,B-like,40.78772885407632,0.429030267092313,0.4886565630307179,LOW,234,10eaad73-4cd3-4af3-aadb-da13cb2c7ad1
2026-07-01T08:32:53.622178Z,B-like,0.529227302964423,B-like,C-like,C-like,C-like,Quiet,C-like,B-like,42.24394950070194,0.47685736664375417,0.529227302964423,LOW,156,8ef16423-590c-4a43-ace7-486101443053
2026-07-01T08:33:03.931106Z,B-like,0.5332673439593637,B-like,C-like,C-like,C-like,Quiet,C-like,B-like,43.018017506803965,0.44924574105038007,0.5332673439593637,LOW,155,fdd6b7fb-939f-4794-bfc3-b7f23c05561a
2026-07-01T08:33:14.591321Z,B-like,0.5036630578262509,B-like,C-like,C-like,C-like,Quiet,C-like,B-like,44.106611670334345,0.4643981016926476,0.5036630578262509,LOW,139,d9385aff-35d3-4946-b045-768d9dde5874
2026-07-01T08:33:23.973571Z,B-like,0.5142813962422471,B-like,C-like,C-like,C-like,Quiet,C-like,B-like,41.22027973019155,0.4481910053877354,0.5142813962422471,LOW,182,670212c2-aaa2-4e61-84c2-49907ecba11a
2026-07-01T08:33:33.711702Z,B-like,0.4760441560377944,B-like,C-like,C-like,C-like,Quiet,C-like,B-like,39.52927942630575,0.48472500246545003,0.4760441560377944,LOW,167,030d44f9-efdb-48ae-b168-afda70bfeeab
2026-07-01T08:33:43.944823Z,B-like,0.4900147925276475,B-like,C-like,C-like,C-like,Quiet,C-like,B-like,40.509437596158236,0.47381518529673794,0.4900147925276475,LOW,157,faabb1bb-2d7c-4e04-921d-f807fda515e0
2026-07-01T08:34:29.672809Z,B-like,0.5232444371870092,B-like,C-like,C-like,C-like,Quiet,C-like,B-like,44.09923616610316,0.43480564865132065,0.5232444371870092,LOW,198,5783d139-e5e5-4059-ad46-1cb2592c9819
2026-07-01T08:35:30.065040Z,B-like,0.4794006262172297,B-like,C-like,C-like,C-like,Quiet,C-like,B-like,40.22333819304019,0.43091405471785743,0.4794006262172297,LOW,266,2bc9d3f8-8299-4125-82dc-f422923858a1
2026-07-01T08:36:29.713768Z,B-like,0.5034511303714373,B-like,C-like,C-like,C-like,Quiet,C-like,B-like,42.20125947515202,0.44580952366297555,0.5034511303714373,LOW,238,69fc89d2-4c52-40eb-ae0a-0bee21606913
2026-07-01T08:37:27.231096Z,B-like,0.5180572575201051,B-like,C-like,C-like,C-like,Quiet,C-like,B-like,42.6927791551938,0.43115607887852947,0.5180572575201051,LOW,2833,b327a622-b26e-4c25-b483-e5d0a20cae01
2026-07-01T08:37:34.997228Z,B-like,0.513320499836488,B-like,C-like,C-like,C-like,Quiet,C-like,B-like,40.75284592275402,0.4550055956022172,0.513320499836488,LOW,1515,08c0bfec-9a1b-481d-8c1d-d1a464b6b3f9
2026-07-01T08:37:45.042232Z,B-like,0.5148122297008693,B-like,C-like,C-like,C-like,Quiet,C-like,B-like,41.82225121384364,0.4791525501476621,0.5148122297008693,LOW,1253,1038b458-2a9b-4759-8ce3-c95e93615783
2026-07-01T08:37:54.405763Z,B-like,0.5437129041637692,B-like,C-like,C-like,C-like,Quiet,C-like,B-like,42.522065098620494,0.46694802955447234,0.5437129041637692,LOW,927,4f29f094-a767-4d2e-be94-c037fa52536e
2026-07-01T08:38:04.757687Z,B-like,0.4999306260569423,B-like,C-like,C-like,C-like,Quiet,C-like,B-like,39.3917805860423,0.4734597755223819,0.4999306260569423,LOW,976,31d50366-1425-4c7b-8099-525b83340637
2026-07-01T08:38:14.421608Z,B-like,0.5373224867119867,B-like,C-like,C-like,C-like,Quiet,C-like,B-like,43.56543691047641,0.4637697629201868,0.5373224867119867,LOW,944,4b7a5123-8aa0-4278-8182-eb01d7a654f8
2026-07-01T08:38:24.966650Z,B-like,0.5069314155984982,B-like,C-like,C-like,C-like,Quiet,C-like,B-like,43.03145884868099,0.46817631205036064,0.5069314155984982,LOW,1175,c58ceea5-913d-4f0f-8f4c-50a206fcabc4
2026-07-01T08:38:34.648550Z,B-like,0.5001527665225574,B-like,C-like,C-like,C-like,Quiet,C-like,B-like,43.81295851004971,0.46740434688141386,0.5001527665225574,LOW,1181,07ac3039-5fc6-4526-9504-4b247f490621
2026-07-01T08:38:45.536710Z,B-like,0.5223072936524659,B-like,C-like,C-like,C-like,Quiet,C-like,B-like,41.651325811935806,0.44635243475985115,0.5223072936524659,LOW,1751,0c167eee-0b39-4d27-bcb3-2e0a136a53c7
2026-07-01T08:38:54.646703Z,B-like,0.49173708977974767,B-like,C-like,C-like,C-like,Quiet,C-like,B-like,39.94305523537385,0.4772274805389354,0.49173708977974767,LOW,1169,aa1a404c-32fd-4ba0-9e2d-51b0b3293d41
2026-07-01T08:39:04.957051Z,B-like,0.5202385292077183,B-like,C-like,C-like,C-like,Quiet,C-like,B-like,42.59808243918476,0.44682475089968204,0.5202385292077183,LOW,1169,bb75eea2-c8f9-465c-a6e7-fe0e57d96afb
2026-07-01T08:39:14.538745Z,B-like,0.5184518259625037,B-like,C-like,C-like,C-like,Quiet,C-like,B-like,41.04629480280442,0.46124811465997684,0.5184518259625037,LOW,1068,d1efd113-8bbf-431a-8ce1-0fc1606ffd3f
2026-07-01T08:39:25.130857Z,B-like,0.540025151971778,B-like,C-like,C-like,C-like,Quiet,C-like,B-like,43.16104099793562,0.44211517247082954,0.540025151971778,LOW,1341,bca78955-f6a4-479d-a741-b1544f93dd4c
2026-07-01T08:39:34.527667Z,B-like,0.5300678342999595,B-like,C-like,C-like,C-like,Quiet,C-like,B-like,42.91011889852934,0.43254764974465826,0.5300678342999595,LOW,1052,d83f9f5f-b1d3-41f5-aa85-b270cf8ec2ad
2026-07-01T08:39:44.879273Z,B-like,0.5329626434293671,B-like,C-like,C-like,C-like,Quiet,C-like,B-like,43.56852602072277,0.472377742299871,0.5329626434293671,LOW,1103,796661f3-de72-4770-b082-b54853329c42
2026-07-01T08:39:54.357667Z,B-like,0.5300858466676197,B-like,C-like,C-like,C-like,Quiet,C-like,B-like,40.71392026208168,0.4281128393974354,0.5300858466676197,LOW,887,7698594a-b2d0-497c-8eea-0f854c163f3f
2026-07-01T08:40:04.714689Z,B-like,0.5000326789460764,B-like,C-like,C-like,C-like,Quiet,C-like,B-like,43.508086379262615,0.4511367400352351,0.5000326789460764,LOW,928,9d6d1107-7f2e-4bea-82d1-074ca8f3fce9
2026-07-01T08:40:14.460252Z,B-like,0.504068795991144,B-like,C-like,C-like,C-like,Quiet,C-like,B-like,40.85168045593597,0.4321593128490358,0.504068795991144,LOW,982,41f8f1a4-434a-45a6-9454-6c5b71720365
2026-07-01T08:40:24.535015Z,B-like,0.5029972003322132,B-like,C-like,C-like,C-like,Quiet,C-like,B-like,40.01277393904725,0.43090367887840336,0.5029972003322132,LOW,741,3032fde5-40ad-4063-8767-0362f21cd257
2026-07-01T08:40:34.438672Z,B-like,0.49648996820501967,B-like,C-like,C-like,C-like,Quiet,C-like,B-like,40.34563121919134,0.4544991876076544,0.49648996820501967,LOW,966,8f383f1f-59e9-4896-b9de-7be1bf234e94
2026-07-01T08:40:44.772696Z,B-like,0.5345227883688751,B-like,C-like,C-like,C-like,Quiet,C-like,B-like,43.88604964917798,0.4536453674664933,0.5345227883688751,LOW,987,6ea3b59e-f39d-4500-b32d-276934d28806
2026-07-01T08:41:00.345503Z,B-like,0.5340861744693671,B-like,C-like,C-like,C-like,Quiet,C-like,B-like,43.782868863479244,0.453306844383188,0.5340861744693671,LOW,6722,0aa42580-0ab0-43b1-9b29-79de072b9f7c
2026-07-01T08:41:01.636017Z,B-like,0.5041108815223124,B-like,C-like,C-like,C-like,Quiet,C-like,B-like,42.49292864286363,0.4814863650941608,0.5041108815223124,LOW,1278,69a84b4f-dd58-41fb-b311-ecab6ce3b5ab
2026-07-01T08:41:06.453835Z,B-like,0.5276535910102735,B-like,C-like,C-like,C-like,Quiet,C-like,B-like,41.88880749888335,0.44820942196306507,0.5276535910102735,LOW,982,f1931f80-2894-4706-82bb-afbc9c5c36db
2026-07-01T08:41:16.548336Z,B-like,0.5077451009398909,B-like,C-like,C-like,C-like,Quiet,C-like,B-like,42.048675788520605,0.4526112576186313,0.5077451009398909,LOW,762,9ceb8f85-c7ac-4dd2-9cc1-6a26d0a74900
2026-07-01T08:41:26.371012Z,B-like,0.534333968172109,B-like,C-like,C-like,C-like,Quiet,C-like,B-like,41.62730808779189,0.48372881725196204,0.534333968172109,LOW,896,1dcfc039-f146-4a87-b5a4-ab5ed715e3c4
2026-07-01T08:41:36.865808Z,B-like,0.5281352683316143,B-like,C-like,C-like,C-like,Quiet,C-like,B-like,43.84034300164248,0.4716704163899008,0.5281352683316143,LOW,1088,d986daf9-07a7-4088-a27b-a1806c2b2b76
2026-07-01T08:41:46.860576Z,B-like,0.5078748167615351,B-like,C-like,C-like,C-like,Quiet,C-like,B-like,43.23314582779085,0.4409907328903111,0.5078748167615351,LOW,1380,d961ae1d-d735-43f4-b9c9-064ead7419c8
2026-07-01T08:41:56.857193Z,B-like,0.5231201845176057,B-like,C-like,C-like,C-like,Quiet,C-like,B-like,41.4184499685363,0.45690199284412175,0.5231201845176057,LOW,1062,8bb28ebd-6d22-49c2-a214-88755fc3d5c3
2026-07-01T08:42:31.402057Z,B-like,0.5191738699169693,B-like,C-like,C-like,C-like,Quiet,C-like,B-like,40.95113092037728,0.43761918375626796,0.5191738699169693,LOW,1919,9a46bbc6-e988-46b8-b170-1b1c80f9f121
2026-07-01T08:43:30.838566Z,B-like,0.48487249846728697,B-like,C-like,C-like,C-like,Quiet,C-like,B-like,40.449834812635245,0.44233990486473573,0.48487249846728697,LOW,1049,542d07f9-ffad-43fa-8c76-a2178db1f9ba
2026-07-01T08:44:30.866078Z,B-like,0.515483365483372,B-like,C-like,C-like,C-like,Quiet,C-like,B-like,42.375693005027856,0.44912775672868344,0.515483365483372,LOW,1386,ddcac008-da9e-4cd2-bac1-526fe766bba5
2026-07-01T08:45:31.174407Z,B-like,0.5380718269022998,B-like,C-like,C-like,C-like,Quiet,C-like,B-like,43.978663487211264,0.4517265962927336,0.5380718269022998,LOW,1396,2e0ef4fc-df1e-41fb-a29c-bb735347df45
2026-07-01T08:46:31.038283Z,B-like,0.5113722722423645,B-like,C-like,C-like,C-like,Quiet,C-like,B-like,41.73840713977694,0.44188619282835023,0.5113722722423645,LOW,1558,4f377ad8-e538-4ed1-8c27-c5004a83e66f
2026-07-01T08:47:31.117204Z,B-like,0.49908177780306395,B-like,C-like,C-like,C-like,Quiet,C-like,B-like,43.897102583597245,0.4285966780677013,0.49908177780306395,LOW,1330,2d1ff1cf-034c-4a13-bb51-233f43498aaa
2026-07-01T09:03:55.176955Z,B-like,0.5370746239908433,B-like,C-like,C-like,C-like,Quiet,C-like,B-like,42.156569847165514,0.4374640258078136,0.5370746239908433,LOW,5833,cb3632dd-e3ca-4ab6-9310-0c230f258e88
2026-07-01T09:04:06.949620Z,B-like,0.5091534217615112,B-like,C-like,C-like,C-like,Quiet,C-like,B-like,43.38528925768722,0.4503588455463639,0.5091534217615112,LOW,7851,af616c25-12a1-4ba3-829d-3cad1d52ed64
2026-07-01T09:04:17.505133Z,B-like,0.5063507372531894,B-like,C-like,C-like,C-like,Quiet,C-like,B-like,43.47856168059426,0.4847641501300178,0.5063507372531894,LOW,7475,a3624541-7afd-4f70-876f-c69c7159ff93
2026-07-01T09:04:21.753083Z,B-like,0.5470470721148701,B-like,C-like,C-like,C-like,Quiet,C-like,B-like,43.578756514477035,0.48165130340686113,0.5470470721148701,LOW,2278,7db4430a-69fb-4353-8f8c-e664494f2cd7
2026-07-01T09:13:06.465386Z,B-like,0.5097484086474455,B-like,C-like,C-like,C-like,Quiet,C-like,B-like,41.18508302816637,0.4324068349819953,0.5097484086474455,LOW,1621,58fc3f84-6b56-4045-8766-97d12c52b34a
2026-07-01T09:13:10.651896Z,B-like,0.5042241902471608,B-like,C-like,C-like,C-like,Quiet,C-like,B-like,40.67169218686948,0.4423390513446066,0.5042241902471608,LOW,1185,ed7997fd-056a-4458-ad97-ee154f191c4a
2026-07-01T09:13:20.340502Z,B-like,0.5047978529318642,B-like,C-like,C-like,C-like,Quiet,C-like,B-like,42.672318044245614,0.4363838026495972,0.5047978529318642,LOW,868,953d01b7-fd3e-4aac-a33c-53812e723ab8
2026-07-01T09:13:30.990311Z,B-like,0.5287047764832131,B-like,C-like,C-like,C-like,Quiet,C-like,B-like,41.92950624214188,0.4477676267251864,0.5287047764832131,LOW,1207,362afbd5-64e8-4aa0-b8f2-4e7f48cc0545
2026-07-01T09:13:40.806932Z,B-like,0.5396008256120698,B-like,C-like,C-like,C-like,Quiet,C-like,B-like,43.200149253484966,0.464517910656218,0.5396008256120698,LOW,1337,599a700a-86fb-4d06-86bd-8cec8105c22f
2026-07-01T09:13:50.352154Z,B-like,0.48143260224712403,B-like,C-like,C-like,C-like,Quiet,C-like,B-like,39.48561217537369,0.4871228594107069,0.48143260224712403,LOW,577,760e5cce-f558-43df-a9bf-0006ebc377c1
2026-07-01T09:14:00.714656Z,B-like,0.5417792501932208,B-like,C-like,C-like,C-like,Quiet,C-like,B-like,43.84510031320289,0.4796628077065691,0.5417792501932208,LOW,1239,2a0526dd-65ba-4b52-9485-43695a679a65
2026-07-01T09:14:11.902727Z,B-like,0.5052041084729624,B-like,C-like,C-like,C-like,Quiet,C-like,B-like,41.12362984055535,0.4550778112014731,0.5052041084729624,LOW,2129,c428060c-667f-4701-86e6-f25ab9a2be54
2026-07-01T09:14:20.692883Z,B-like,0.5205426109564096,B-like,C-like,C-like,C-like,Quiet,C-like,B-like,43.68777143355212,0.464420400777926,0.5205426109564096,LOW,1213,adb5a0ee-6226-4dea-9247-ce0112c1a39f
2026-07-01T09:14:31.714265Z,B-like,0.5327107378212986,B-like,C-like,C-like,C-like,Quiet,C-like,B-like,42.84515842601973,0.455637698439703,0.5327107378212986,LOW,1919,6079beb1-1c8f-47b5-b0fc-d625816bb894
2026-07-01T09:14:40.668323Z,B-like,0.5108718302385393,B-like,C-like,C-like,C-like,Quiet,C-like,B-like,41.671363743765866,0.470260412972032,0.5108718302385393,LOW,1191,dd08a851-0cbe-4709-8349-e1a93060c12b
2026-07-01T09:14:51.059820Z,B-like,0.5310160494938801,B-like,C-like,C-like,C-like,Quiet,C-like,B-like,40.44855569268528,0.43903337714597446,0.5310160494938801,LOW,1285,3f757a22-4e73-41a6-9a1a-ec24585176fc
2026-07-01T09:15:01.142296Z,B-like,0.5197957418211091,B-like,C-like,C-like,C-like,Quiet,C-like,B-like,43.0130497797002,0.4866196518720647,0.5197957418211091,LOW,1626,29dc1f2f-09f3-4f91-8284-4b2a6382ce8d
2026-07-01T09:15:11.188340Z,B-like,0.5165306823560946,B-like,C-like,C-like,C-like,Quiet,C-like,B-like,42.5283834325076,0.47432964549956624,0.5165306823560946,LOW,1406,b2011239-4c9f-45f0-a2e3-788ac3fad6c0
2026-07-01T09:15:20.644350Z,B-like,0.5038097714488916,B-like,C-like,C-like,C-like,Quiet,C-like,B-like,40.59041629916363,0.4619527049922199,0.5038097714488916,LOW,1166,b7bb1e83-ab2b-4bd6-8583-332d30af1854
2026-07-01T09:15:31.078652Z,B-like,0.5429682909828744,B-like,C-like,C-like,C-like,Quiet,C-like,B-like,43.240703468399644,0.482799376351134,0.5429682909828744,LOW,1292,cd3057f5-0d00-487c-8f79-dd9e20f24606
2026-07-01T09:15:40.884822Z,B-like,0.5356896020568678,B-like,C-like,C-like,C-like,Quiet,C-like,B-like,42.76905259812631,0.4591732614443254,0.5356896020568678,LOW,1418,35bb44cf-ac8a-466e-a90e-649240720526
2026-07-01T11:20:42.426204Z,B-like,0.4962682164277328,B-like,C-like,C-like,C-like,Quiet,C-like,B-like,41.95807897188269,0.45467333085513617,0.4962682164277328,LOW,3091,4d7187d9-9e8b-4404-a50d-58a1cb67ee69
2026-07-01T11:20:52.137844Z,B-like,0.5064904545268565,B-like,C-like,C-like,C-like,Quiet,C-like,B-like,44.235718148029214,0.4316748100530657,0.5064904545268565,LOW,5140,4211e433-1741-4db6-9da0-85946e511b5b
2026-07-01T11:21:00.096010Z,B-like,0.5357294075639909,B-like,C-like,C-like,C-like,Quiet,C-like,B-like,40.11886702585984,0.4852994745574548,0.5357294075639909,LOW,3209,946983e6-e547-43af-990b-35cf7e3a8fec
2026-07-01T11:21:09.387231Z,B-like,0.5319330278249226,B-like,C-like,C-like,C-like,Quiet,C-like,B-like,43.295526507354076,0.47841458314388624,0.5319330278249226,LOW,2523,69fd6dfb-b4b1-4760-bf23-dd0a149c03fd
2026-07-01T11:21:20.006525Z,B-like,0.512358661787516,B-like,C-like,C-like,C-like,Quiet,C-like,B-like,40.36558957833686,0.4525287482381026,0.512358661787516,LOW,2523,3c51af41-0099-48bb-be8f-f9a833bfc949
2026-07-01T11:21:32.673869Z,B-like,0.5104997431129142,B-like,C-like,C-like,C-like,Quiet,C-like,B-like,41.321131317478994,0.44682213100555274,0.5104997431129142,LOW,5181,5c3dbac5-379f-4629-998d-45ed02c34513
2026-07-01T11:21:42.304021Z,B-like,0.5189582036298065,B-like,C-like,C-like,C-like,Quiet,C-like,B-like,39.3131791819222,0.45920074197387556,0.5189582036298065,LOW,4833,9ee5aedb-fab1-42e5-b673-5e83aaedac73
2026-07-01T11:21:51.876003Z,B-like,0.48586602217251923,B-like,C-like,C-like,C-like,Quiet,C-like,B-like,42.325192550335025,0.44552932061614886,0.48586602217251923,LOW,4372,1cb58d7b-3880-46b1-ab40-e7be498926cf
2026-07-01T11:22:01.213425Z,B-like,0.5471132274233258,B-like,C-like,C-like,C-like,Quiet,C-like,B-like,43.59896423057721,0.43724666284974995,0.5471132274233258,LOW,3707,95bb92f3-ebde-404e-abcc-f95e4ff0f347
2026-07-01T11:22:12.361036Z,B-like,0.5316793107166913,B-like,C-like,C-like,C-like,Quiet,C-like,B-like,40.019492141175135,0.4761636204703834,0.5316793107166913,LOW,4869,97cf7a0a-e78a-48b3-8cd6-e7b5a34c9dbc
2026-07-01T11:22:33.238383Z,B-like,0.48923995049982094,B-like,C-like,C-like,C-like,Quiet,C-like,B-like,40.555959557863545,0.43486133231839413,0.48923995049982094,LOW,3713,f8d236d2-9c9b-457f-b425-5979307c7dbd
2026-07-01T11:23:32.688636Z,B-like,0.5469918710485331,B-like,C-like,C-like,C-like,Quiet,C-like,B-like,44.093129904077955,0.43031293971933454,0.5469918710485331,LOW,3000,ab02496a-ca94-450e-8b69-7b1615d0676a
2026-07-01T11:43:16.216112Z,B-like,0.5188440578021436,B-like,C-like,C-like,C-like,Quiet,C-like,B-like,42.723185923713615,0.4458446041105641,0.5188440578021436,LOW,9585,69cf9b33-f2cd-4f3b-95fb-600a3b5ce70b
2026-07-01T11:43:21.192290Z,B-like,0.5356147237296732,B-like,C-like,C-like,C-like,Quiet,C-like,B-like,43.370423838765966,0.46295131399154926,0.5356147237296732,LOW,4654,65cfa949-2b21-4c2c-9ef0-605bf82fb0ae
2026-07-01T11:43:31.362439Z,B-like,0.533271305588754,B-like,C-like,C-like,C-like,Quiet,C-like,B-like,41.5439771368957,0.4846178976743196,0.533271305588754,LOW,6176,925243a7-06a9-48a5-b19d-b0deadfdae05
2026-07-01T11:43:38.631333Z,B-like,0.4808896346050702,B-like,C-like,C-like,C-like,Quiet,C-like,B-like,40.88356798264491,0.47946566351623954,0.4808896346050702,LOW,3437,f75cdda5-6c3c-4c56-a64c-bf88a6c23cae
2026-07-01T11:43:48.245509Z,B-like,0.5040994173853427,B-like,C-like,C-like,C-like,Quiet,C-like,B-like,44.05761810019125,0.46398082393977436,0.5040994173853427,LOW,3055,68b0939a-90e6-4fca-ace4-ce1bf4b84f1a
2026-07-01T11:44:00.180529Z,B-like,0.5006197593776256,B-like,C-like,C-like,C-like,Quiet,C-like,B-like,42.57165605297712,0.4711839843819447,0.5006197593776256,LOW,4999,d081b8c7-cf62-4c25-8e6b-0c8563a51b08
2026-07-01T11:44:08.409965Z,B-like,0.5298612524800046,B-like,C-like,C-like,C-like,Quiet,C-like,B-like,41.655222699245954,0.461263089894561,0.5298612524800046,LOW,3231,ee1bce72-8129-4850-ab2a-e4ce99f92e73
2026-07-01T11:44:17.302892Z,B-like,0.5256027943870449,B-like,C-like,C-like,C-like,Quiet,C-like,B-like,41.60644599485049,0.48440077035258233,0.5256027943870449,LOW,2124,ace41c5f-b60f-44fb-924a-e89cdb3614fe
2026-07-01T11:44:28.538108Z,B-like,0.4903032185921007,B-like,C-like,C-like,C-like,Quiet,C-like,B-like,43.647121105255195,0.4833803139133912,0.4903032185921007,LOW,3363,162b04c2-ae8d-4eb5-a6d8-c1a3e9012e40
2026-07-01T11:44:38.479447Z,B-like,0.5266441693883828,B-like,C-like,C-like,C-like,Quiet,C-like,B-like,41.682630107272324,0.4350185400180751,0.5266441693883828,LOW,3302,e9b1b847-c652-4773-afc2-69293c70ed11
2026-07-01T11:44:47.938357Z,B-like,0.5359628246918443,B-like,C-like,C-like,C-like,Quiet,C-like,B-like,42.02509971904886,0.42824518514772236,0.5359628246918443,LOW,2761,c09ae995-5a90-43d7-b946-c8f885cafeaf
2026-07-01T11:44:57.426800Z,B-like,0.5010939131412332,B-like,C-like,C-like,C-like,Quiet,C-like,B-like,43.30905665494016,0.45126037410713127,0.5010939131412332,LOW,2249,c97e756d-1256-4ebe-a2f6-f1b7a87bde0c
2026-07-01T11:45:08.896858Z,B-like,0.5140644262234858,B-like,C-like,C-like,C-like,Quiet,C-like,B-like,43.97907155637852,0.4846428595344232,0.5140644262234858,LOW,3720,ff970a1d-a348-4fca-a375-79d3a07cb3a8
2026-07-01T11:45:16.797774Z,B-like,0.5262071192015213,B-like,C-like,C-like,C-like,Quiet,C-like,B-like,42.3548829866949,0.47783399849463004,0.5262071192015213,LOW,1619,abcac5b9-2370-4964-94f8-f6d27636d274
2026-07-01T11:45:28.140543Z,B-like,0.5309252258453945,B-like,C-like,C-like,C-like,Quiet,C-like,B-like,41.26344955105729,0.46501557205765104,0.5309252258453945,LOW,2964,b78c17b4-cd7b-41d2-9757-515ba6c7394a
2026-07-01T11:45:39.452304Z,B-like,0.5356503752335798,B-like,C-like,C-like,C-like,Quiet,C-like,B-like,42.275498714470515,0.44990372546429214,0.5356503752335798,LOW,3966,f39c7066-9440-446f-82fd-87d3f8f60ff8
2026-07-01T11:45:49.027326Z,B-like,0.5102062574715425,B-like,C-like,C-like,C-like,Quiet,C-like,B-like,43.50065978293262,0.48407104030265985,0.5102062574715425,LOW,3491,9fa0a66b-86d5-40e7-b90c-be714770e838
2026-07-01T11:45:58.271058Z,B-like,0.5186454943329857,B-like,C-like,C-like,C-like,Quiet,C-like,B-like,42.61746994087511,0.47267007213132256,0.5186454943329857,LOW,2782,db83468e-2aac-4236-b52f-5840b9ddb657
2026-07-01T11:46:09.872283Z,B-like,0.5252279774048031,B-like,C-like,C-like,C-like,Quiet,C-like,B-like,41.60118208671543,0.4485713257567766,0.5252279774048031,LOW,4337,505834c3-5f70-4cbb-871c-661587a346e6
2026-07-01T11:46:21.386469Z,B-like,0.5163211553438832,B-like,C-like,C-like,C-like,Quiet,C-like,B-like,41.15645869101381,0.4842539082591968,0.5163211553438832,LOW,5912,c9c2f454-1192-4243-b475-b65fd90b0eca
2026-07-01T11:46:30.314510Z,B-like,0.4780185143541761,B-like,C-like,C-like,C-like,Quiet,C-like,B-like,39.38334182907944,0.4806458576246795,0.4780185143541761,LOW,4812,27d26b08-d13c-4b4b-97d3-8292e8b46d92
2026-07-01T11:47:33.835409Z,B-like,0.521387732277909,B-like,C-like,C-like,C-like,Quiet,C-like,B-like,40.11556273910381,0.45410501139529574,0.521387732277909,LOW,3959,f5c23bc4-9417-4825-996b-bf63bcf837e6
2026-07-01T11:48:34.229845Z,B-like,0.4954013057788602,B-like,C-like,C-like,C-like,Quiet,C-like,B-like,40.82310390039798,0.4744075169073507,0.4954013057788602,LOW,4340,ba0cd563-7444-4f75-9af9-c547f57b8f0a
2026-07-01T11:49:34.162047Z,B-like,0.5382542084421675,B-like,C-like,C-like,C-like,Quiet,C-like,B-like,43.854184729238625,0.47670954384704844,0.5382542084421675,LOW,4643,b7c0f815-8937-49a2-938a-fdf1b55bed70
2026-07-01T14:15:37.257308Z,B-like,0.522142501200077,B-like,C-like,C-like,C-like,Quiet,C-like,B-like,41.95250262577527,0.44792341831981203,0.522142501200077,LOW,17041,85e35df5-2754-4456-9f0f-d27fda6cb46f
2026-07-01T14:15:41.172612Z,B-like,0.5090786608029003,B-like,C-like,C-like,C-like,Quiet,C-like,B-like,42.56189703700844,0.46435819760072483,0.5090786608029003,LOW,3469,a2619558-e18f-4bdf-9918-5960bc4196bf
2026-07-01T14:15:43.889473Z,B-like,0.48638901308990795,B-like,C-like,C-like,C-like,Quiet,C-like,B-like,40.46347333074853,0.4658779972784597,0.48638901308990795,LOW,2663,42deef2e-0ed8-48bb-9f55-45ea49ea44ff
2026-07-01T14:15:47.708745Z,B-like,0.537745562641689,B-like,C-like,C-like,C-like,Quiet,C-like,B-like,44.24825558257531,0.4318947118693977,0.537745562641689,LOW,2177,d65c3cf3-2bd5-408b-b332-403ed9a54144
2026-07-01T14:15:57.683244Z,B-like,0.5420372995247672,B-like,C-like,C-like,C-like,Quiet,C-like,B-like,44.0611414288215,0.4777916359584901,0.5420372995247672,LOW,2207,652aeb76-f30f-4112-bdda-4f0b3802a042
2026-07-01T14:16:14.846476Z,B-like,0.5210816896282637,B-like,C-like,C-like,C-like,Quiet,C-like,B-like,39.922303566964715,0.44490748946818215,0.5210816896282637,LOW,9055,77b0fde4-a8ea-47e3-9881-0f1b77db9c9c
2026-07-01T14:16:22.877102Z,B-like,0.5018615534603796,B-like,C-like,C-like,C-like,Quiet,C-like,B-like,43.14464606524631,0.4785564965017859,0.5018615534603796,LOW,7392,366780ea-d0cc-4ca6-9609-f47643b2cc22
2026-07-01T14:16:37.143724Z,B-like,0.534994781602361,B-like,C-like,C-like,C-like,Quiet,C-like,B-like,43.82463117956284,0.45939311876898153,0.534994781602361,LOW,7576,7348e46b-928a-4abe-affe-0a806ee3738f
2026-07-01T14:17:33.555515Z,B-like,0.5225985118924888,B-like,C-like,C-like,C-like,Quiet,C-like,B-like,42.91766087401575,0.42913829142256066,0.5225985118924888,LOW,3413,b93a2a2a-11d2-44eb-a17e-7e2d194bebc6
2026-07-01T14:18:52.317330Z,B-like,0.5047641853149009,B-like,C-like,C-like,C-like,Quiet,C-like,B-like,44.25013846434563,0.43142485816372605,0.5047641853149009,LOW,22217,f6155dc7-9105-4fca-956e-db9043bdef4a
2026-07-09T14:13:50.109910Z,B-like,0.5075722401419323,B-like,C-like,C-like,C-like,Quiet,C-like,B-like,43.201181726526315,0.48564322185253167,0.5075722401419323,LOW,276,b44c939a-b72a-478d-95a4-7c5ce802067b
2026-07-09T14:14:01.227157Z,B-like,0.5083435197945263,B-like,C-like,C-like,C-like,Quiet,C-like,B-like,42.043185569630936,0.4567498589972726,0.5083435197945263,LOW,1448,a477c909-426f-4896-a902-de9b0ec8f83b
2026-07-09T14:14:10.792469Z,B-like,0.5035175496419467,B-like,C-like,C-like,C-like,Quiet,C-like,B-like,44.16401096202485,0.48744817292537146,0.5035175496419467,LOW,1281,a1761422-c59e-435f-8013-836ac853b71e
2026-07-09T14:14:20.361187Z,B-like,0.5312482944663047,B-like,C-like,C-like,C-like,Quiet,C-like,B-like,41.42510746085085,0.47855178956191674,0.5312482944663047,LOW,852,2d69ad9f-8be3-4805-923a-e83cf6aadd82
2026-07-09T14:14:30.316585Z,B-like,0.5396955887630406,B-like,C-like,C-like,C-like,Quiet,C-like,B-like,42.16343310038182,0.4359195912138221,0.5396955887630406,LOW,808,79fee15a-33a4-4a33-9118-37df60b86bdb
2026-07-09T14:14:40.402701Z,B-like,0.49413026837780694,B-like,C-like,C-like,C-like,Quiet,C-like,B-like,43.099641971223505,0.48172640979893244,0.49413026837780694,LOW,222,8397f6cd-b2fb-4b81-ac9c-f64c7fecacae
2026-07-09T14:14:50.285177Z,B-like,0.5296441783816661,B-like,C-like,C-like,C-like,Quiet,C-like,B-like,42.28886025519932,0.4722934572427363,0.5296441783816661,LOW,777,4df91bde-f04a-4f21-a514-597577ab1d32
2026-07-09T14:15:00.254737Z,B-like,0.5343159370504978,B-like,C-like,C-like,C-like,Quiet,C-like,B-like,43.40909472361766,0.4824671250124349,0.5343159370504978,LOW,745,4b0f7ad4-62fc-4d00-a1cb-be55474e439c
2026-07-09T14:15:10.201936Z,B-like,0.4923698315580354,B-like,C-like,C-like,C-like,Quiet,C-like,B-like,43.8561203621217,0.4538765539589832,0.4923698315580354,LOW,694,69f460d7-13ef-4bd3-ba5c-7cd63a8e9dca
2026-07-09T14:15:20.298835Z,B-like,0.4839281229631504,B-like,C-like,C-like,C-like,Quiet,C-like,B-like,39.46754696284195,0.4645102509914477,0.4839281229631504,LOW,790,46556de9-bbed-475b-8da5-926e5b6f012f
2026-07-09T14:15:30.354590Z,B-like,0.48476695114420326,B-like,C-like,C-like,C-like,Quiet,C-like,B-like,39.728703436564345,0.44625756576744025,0.48476695114420326,LOW,847,884185c0-37ad-4b98-a5fc-649fcf9f3342
2026-07-09T14:15:40.247948Z,B-like,0.4983968307894299,B-like,C-like,C-like,C-like,Quiet,C-like,B-like,43.756475839525656,0.44707468638725617,0.4983968307894299,LOW,739,cdb4a652-f117-44db-a1d1-5f99ee0add37
2026-07-09T14:15:50.150450Z,B-like,0.5233680758371182,B-like,C-like,C-like,C-like,Quiet,C-like,B-like,42.218370260435805,0.4772446071123891,0.5233680758371182,LOW,641,297481c7-06a5-4bc3-84e7-6f93c828c5c3
2026-07-09T14:16:00.459076Z,B-like,0.4899762328926723,B-like,C-like,C-like,C-like,Quiet,C-like,B-like,41.44984605392838,0.47015344819268573,0.4899762328926723,LOW,952,992096bb-a747-4167-9db6-f8fe5f207b49
2026-07-09T14:16:10.516945Z,B-like,0.5118144187800424,B-like,C-like,C-like,C-like,Quiet,C-like,B-like,42.97496926453596,0.4530362757888141,0.5118144187800424,LOW,1010,3ee1f455-2857-4fb8-98cc-a7aed2bf7b4d
2026-07-09T14:16:20.568368Z,B-like,0.5427151233803624,B-like,C-like,C-like,C-like,Quiet,C-like,B-like,42.67830794646315,0.47641702659536544,0.5427151233803624,LOW,1060,78d10cd5-5f1f-4cd7-99bf-45846ae42f4b
2026-07-09T14:16:30.206406Z,B-like,0.5276814340937225,B-like,C-like,C-like,C-like,Quiet,C-like,B-like,42.91814704440173,0.4766390416359534,0.5276814340937225,LOW,698,99ed3150-bf20-48ce-94e6-0577d69cb5b9
2026-07-09T14:16:40.342970Z,B-like,0.5314909914948137,B-like,C-like,C-like,C-like,Quiet,C-like,B-like,42.209135752706246,0.47847285007219753,0.5314909914948137,LOW,835,b79b433e-a136-488b-9530-31a4d78502ed
2026-07-09T14:16:50.133703Z,B-like,0.5332759082226649,B-like,C-like,C-like,C-like,Quiet,C-like,B-like,43.68023484914461,0.4457165594305665,0.5332759082226649,LOW,617,36394c1b-227e-4873-bb29-43d631b4d249
2026-07-09T14:17:00.209711Z,B-like,0.5245980034385193,B-like,C-like,C-like,C-like,Quiet,C-like,B-like,42.263172219646165,0.47330309581708263,0.5245980034385193,LOW,702,2fdc3b75-c4ae-4460-bf75-4a1dc62caacd
2026-07-09T14:17:10.367815Z,B-like,0.5314037909587291,B-like,C-like,C-like,C-like,Quiet,C-like,B-like,40.31977196945554,0.45415629231744226,0.5314037909587291,LOW,861,68436021-aad1-4308-81e4-2c103f516b1e
2026-07-09T14:17:20.171833Z,B-like,0.5315524993186421,B-like,C-like,C-like,C-like,Quiet,C-like,B-like,41.18914019944044,0.4843532446912716,0.5315524993186421,LOW,661,1042c672-9d3c-4322-80c5-98606500b611
2026-07-09T14:17:30.157366Z,B-like,0.542549733880517,B-like,C-like,C-like,C-like,Quiet,C-like,B-like,43.07274206149132,0.46842191542840483,0.542549733880517,LOW,649,519fd257-63a2-4089-b5de-dba75d261ca9
2026-07-09T14:17:40.269645Z,B-like,0.5038416868369412,B-like,C-like,C-like,C-like,Quiet,C-like,B-like,40.7886971875141,0.4849708959572163,0.5038416868369412,LOW,761,537433ca-2005-4a5a-b07b-825a65b15354
2026-07-09T14:17:50.309934Z,B-like,0.49657013943467276,B-like,C-like,C-like,C-like,Quiet,C-like,B-like,40.9212515484557,0.46442652320895184,0.49657013943467276,LOW,790,51e04ac8-80f4-4883-b097-2b848521b55c
2026-07-09T14:18:00.167144Z,B-like,0.5236464306496653,B-like,C-like,C-like,C-like,Quiet,C-like,B-like,40.95625697119298,0.47826535733386916,0.5236464306496653,LOW,657,e404c6e2-0943-4c81-9522-e888403281ab
2026-07-09T14:18:10.908445Z,B-like,0.5196611753120877,B-like,C-like,C-like,C-like,Quiet,C-like,B-like,41.3559753311738,0.48169379445880656,0.5196611753120877,LOW,743,9cc4f436-912c-4c16-8fb2-6b365bf5229e
2026-07-09T14:18:21.070087Z,B-like,0.48410111289908486,B-like,C-like,C-like,C-like,Quiet,C-like,B-like,40.240261341939046,0.43210934947478363,0.48410111289908486,LOW,907,d22b9106-dbc6-40ef-ae2d-e3b0136334db
2026-07-09T14:18:30.623832Z,B-like,0.5141506260111333,B-like,C-like,C-like,C-like,Quiet,C-like,B-like,40.10141440747214,0.4522829598290684,0.5141506260111333,LOW,1113,8364883a-d39d-43bc-a0b7-de1eaad9712d
2026-07-09T14:18:40.245099Z,B-like,0.5263834460855843,B-like,C-like,C-like,C-like,Quiet,C-like,B-like,42.33750445857011,0.44550189230585086,0.5263834460855843,LOW,738,0d8b70ce-4684-42e0-a59e-611c7569c0c0
2026-07-09T14:18:50.369777Z,B-like,0.5239134504867395,B-like,C-like,C-like,C-like,Quiet,C-like,B-like,39.601892891884944,0.4700101617688873,0.5239134504867395,LOW,862,88a354cd-e739-4123-89fb-7b7b2b71ab80
2026-07-09T14:19:00.507820Z,B-like,0.5053711676907762,B-like,C-like,C-like,C-like,Quiet,C-like,B-like,43.33349111778377,0.44142737767777257,0.5053711676907762,LOW,1000,e31041eb-ad4f-4db2-b5c2-169635eade0c
2026-07-09T14:19:11.100937Z,B-like,0.4937168004752044,B-like,C-like,C-like,C-like,Quiet,C-like,B-like,40.64849107246604,0.46902590827599605,0.4937168004752044,LOW,930,3f35e168-a6fb-4210-b3d4-2832972db1e9
2026-07-09T14:19:20.900218Z,B-like,0.5169697351374244,B-like,C-like,C-like,C-like,Quiet,C-like,B-like,41.15450604207244,0.45548728714904324,0.5169697351374244,LOW,737,d1d16dd0-3efd-47d2-997d-3211d2076bcd
2026-07-09T14:19:30.925989Z,B-like,0.48996113267648206,B-like,C-like,C-like,C-like,Quiet,C-like,B-like,42.83373742886541,0.47267190132906933,0.48996113267648206,LOW,759,dab36521-b452-4c85-afc5-07017d3ab394
2026-07-09T14:19:40.810976Z,B-like,0.5055393213231779,B-like,C-like,C-like,C-like,Quiet,C-like,B-like,41.712402760574264,0.4746606662406247,0.5055393213231779,LOW,653,a3a0bc32-3ba2-4af6-8481-870b8a9dee9e
2026-07-09T14:19:51.042133Z,B-like,0.5370318511679679,B-like,C-like,C-like,C-like,Quiet,C-like,B-like,41.89311790893758,0.42873905830453013,0.5370318511679679,LOW,873,1d190204-df6d-4db6-85a4-6d230876e271
2026-07-09T14:20:01.011233Z,B-like,0.49318350342909417,B-like,C-like,C-like,C-like,Quiet,C-like,B-like,43.2407029865511,0.4761962135391527,0.49318350342909417,LOW,852,3dd4eb8b-0552-40fd-b41c-301152d6e4cf
2026-07-09T14:20:36.192827Z,B-like,0.5017921189690315,B-like,C-like,C-like,C-like,Quiet,C-like,B-like,42.714838848559936,0.43716218410628727,0.5017921189690315,LOW,688,d0201ffc-24de-44e8-9624-fa3554cf494b
2026-07-09T14:21:35.976845Z,B-like,0.49696331200329025,B-like,C-like,C-like,C-like,Quiet,C-like,B-like,39.72963522059544,0.4714017793350428,0.49696331200329025,LOW,715,f9cecd96-4dc2-431f-82a7-abc389627cee
2026-07-09T14:22:36.042978Z,B-like,0.5304040865295229,B-like,C-like,C-like,C-like,Quiet,C-like,B-like,43.06655246422682,0.47106942024820786,0.5304040865295229,LOW,855,e67ca0c7-fc3d-43df-b016-2a86e1e732f0
2026-07-09T14:23:36.056580Z,B-like,0.48870383445521626,B-like,C-like,C-like,C-like,Quiet,C-like,B-like,39.76019665623354,0.4580005614828836,0.48870383445521626,LOW,837,b4319eab-0728-425c-8a97-e3fc90c5d27e
2026-07-09T14:23:51.826983Z,B-like,0.5344491890715088,B-like,C-like,C-like,C-like,Quiet,C-like,B-like,41.2831821018943,0.4637672453679142,0.5344491890715088,LOW,1366,44184093-e2ed-48ff-ab83-9b9c718fee89
2026-07-09T14:24:00.993376Z,B-like,0.48984802050516474,B-like,C-like,C-like,C-like,Quiet,C-like,B-like,42.3292531540511,0.43712231652840194,0.48984802050516474,LOW,834,ad87bf2a-a22e-46a6-a130-41d3eacd512f
2026-07-09T14:24:11.137596Z,B-like,0.4890323654181203,B-like,C-like,C-like,C-like,Quiet,C-like,B-like,43.851973583833626,0.45788128077634954,0.4890323654181203,LOW,945,9bb975cf-283b-4300-940d-0fae7ea234d5
2026-07-09T14:24:21.421162Z,B-like,0.4825868642024327,B-like,C-like,C-like,C-like,Quiet,C-like,B-like,41.27306904740989,0.4390724893532287,0.4825868642024327,LOW,1246,b2758665-3b60-4c42-ae86-fc8c20e59527
2026-07-09T14:24:31.017899Z,B-like,0.4872654353720387,B-like,C-like,C-like,C-like,Quiet,C-like,B-like,40.277634624151055,0.43484669959967387,0.4872654353720387,LOW,857,996a3757-dd3d-439f-8797-2c7889169c4b
2026-07-09T14:24:40.975511Z,B-like,0.5336584551671858,B-like,C-like,C-like,C-like,Quiet,C-like,B-like,39.48539319823024,0.48128114049311854,0.5336584551671858,LOW,804,622c4e9f-35ce-4a62-9068-c1e3264b37ae
2026-07-09T14:24:50.837756Z,B-like,0.5094283825780108,B-like,C-like,C-like,C-like,Quiet,C-like,B-like,41.07319873876104,0.482541092848155,0.5094283825780108,LOW,671,b8759c1c-c310-4399-a7f2-67693aec5698
2026-07-09T14:25:36.538653Z,B-like,0.4853558400319077,B-like,C-like,C-like,C-like,Quiet,C-like,B-like,41.313183107533824,0.4748290021313288,0.4853558400319077,LOW,1349,12fb2488-b4fa-4153-b489-c89e4d76d979
2026-07-09T14:25:40.340338Z,B-like,0.527572983693138,B-like,C-like,C-like,C-like,Quiet,C-like,B-like,43.43763078447272,0.4454284886794088,0.527572983693138,LOW,829,ee96d9a3-a783-4a2c-80f6-a345f800b523
2026-07-09T14:25:50.751745Z,B-like,0.5094417265959833,B-like,C-like,C-like,C-like,Quiet,C-like,B-like,41.82667063575679,0.4828553999132208,0.5094417265959833,LOW,580,6de031c6-6b9c-475f-bc84-4e36d2968b2c
2026-07-09T14:26:01.205168Z,B-like,0.5286406759627597,B-like,C-like,C-like,C-like,Quiet,C-like,B-like,42.81724415181067,0.43139291630182847,0.5286406759627597,LOW,1028,330b9692-f85f-4c3a-9e00-bf3392ec3a73
2026-07-09T14:26:10.871350Z,B-like,0.4884216644046602,B-like,C-like,C-like,C-like,Quiet,C-like,B-like,41.339790083278395,0.4751462888928913,0.4884216644046602,LOW,689,71c407ae-33db-4f27-bd5f-d9a2d162ec90
2026-07-09T14:26:20.978208Z,B-like,0.48286213618530627,B-like,C-like,C-like,C-like,Quiet,C-like,B-like,40.6891157071096,0.44003714141771016,0.48286213618530627,LOW,810,00b99eee-d630-4e58-a901-a845bc605ee0
2026-07-09T14:26:30.956646Z,B-like,0.5310179825708118,B-like,C-like,C-like,C-like,Quiet,C-like,B-like,40.43846760606313,0.4414338913526535,0.5310179825708118,LOW,794,255a40a8-8ad2-42a7-9cf6-8418b989812b
2026-07-09T14:27:36.123111Z,B-like,0.5045649910793188,B-like,C-like,C-like,C-like,Quiet,C-like,B-like,41.537169429823685,0.4791001329351808,0.5045649910793188,LOW,927,1dabd1be-a8e8-4e90-841d-8814534b5b88
2026-07-09T14:28:37.458650Z,B-like,0.5198631573862076,B-like,C-like,C-like,C-like,Quiet,C-like,B-like,42.8934394855577,0.4407482015666631,0.5198631573862076,LOW,1936,fc22994c-a2f7-4dc2-ab17-2598d0c8370e
2026-07-09T14:29:36.279157Z,B-like,0.4904691655755072,B-like,C-like,C-like,C-like,Quiet,C-like,B-like,41.63738025614182,0.4532382025400765,0.4904691655755072,LOW,1054,36fbbf62-0246-4fa3-adc7-d4f69abd4a90
2026-07-09T14:30:36.258086Z,B-like,0.4962457370188135,B-like,C-like,C-like,C-like,Quiet,C-like,B-like,43.457865998024346,0.4606540851990932,0.4962457370188135,LOW,1058,0228f094-9863-4f3a-99cb-2951841b0ed7
2026-07-09T14:31:36.670469Z,B-like,0.4898699428164096,B-like,C-like,C-like,C-like,Quiet,C-like,B-like,41.5245898494095,0.4603351445470971,0.4898699428164096,LOW,1456,add4fce3-ac90-45a1-8a48-f52d8eed9b3c
2026-07-09T14:32:37.125582Z,B-like,0.4883108457708793,B-like,C-like,C-like,C-like,Quiet,C-like,B-like,42.54437025690023,0.47045930758817006,0.4883108457708793,LOW,1898,ef22fe51-5683-4ae2-870a-2fe6b6ce4fac
2026-07-09T14:33:36.758945Z,B-like,0.4981731678905839,B-like,C-like,C-like,C-like,Quiet,C-like,B-like,42.34686020635143,0.4351183029967729,0.4981731678905839,LOW,1533,40cf80db-7a7c-4e09-80fe-a07531b2c961
2026-07-09T14:34:36.159064Z,B-like,0.5294515664186071,B-like,C-like,C-like,C-like,Quiet,C-like,B-like,40.1879519324065,0.4829203535601457,0.5294515664186071,LOW,932,01f5df65-c5f7-4c35-9bbf-87c5fe3e9057
2026-07-09T14:40:45.161296Z,B-like,0.5331659590237702,B-like,C-like,C-like,C-like,Quiet,C-like,B-like,42.56664387384177,0.4401146852595393,0.5331659590237702,LOW,743,321e4fbd-8497-42dc-96df-56b6c1cec234
2026-07-09T14:40:50.474274Z,B-like,0.5015026315695796,B-like,C-like,C-like,C-like,Quiet,C-like,B-like,41.28875966743382,0.46404981521940225,0.5015026315695796,LOW,966,1ba8cd65-be44-4b3a-a4ee-6aa08d645910
2026-07-09T14:41:00.301120Z,B-like,0.5360357900626103,B-like,C-like,C-like,C-like,Quiet,C-like,B-like,40.17580481913731,0.46506064463401803,0.5360357900626103,LOW,783,a942a5a8-8f6c-4abd-89f8-94b60b74e954
2026-07-09T14:41:10.500136Z,B-like,0.5260291093802815,B-like,C-like,C-like,C-like,Quiet,C-like,B-like,43.64877186091706,0.4553140350581567,0.5260291093802815,LOW,992,1a77e1cf-acaa-44d9-8f50-22f7761726ab
2026-07-09T14:41:20.880021Z,B-like,0.5260000828116197,B-like,C-like,C-like,C-like,Quiet,C-like,B-like,43.310776905172574,0.43981197923957166,0.5260000828116197,LOW,717,09b5ffea-e932-4f2b-abbf-24d76810fbcc
2026-07-09T14:41:30.878835Z,B-like,0.49108052112096306,B-like,C-like,C-like,C-like,Quiet,C-like,B-like,43.178280028993974,0.4822873916962444,0.49108052112096306,LOW,718,66f65baf-590e-4913-81a7-93d732d231ef
2026-07-09T14:41:40.821255Z,B-like,0.5271150106122293,B-like,C-like,C-like,C-like,Quiet,C-like,B-like,43.275077288769175,0.4330807962535277,0.5271150106122293,LOW,651,aa1326ad-ca88-412f-b285-07e9b3d3d530
2026-07-09T14:41:50.806974Z,B-like,0.5072699932403659,B-like,C-like,C-like,C-like,Quiet,C-like,B-like,41.39170185517164,0.44211458080061,0.5072699932403659,LOW,644,3bdf6a2b-28dc-490b-b25d-9802e9e40599
2026-07-09T14:42:00.972951Z,B-like,0.4860087405654909,B-like,C-like,C-like,C-like,Quiet,C-like,B-like,41.68150662505012,0.4312304137803054,0.4860087405654909,LOW,805,253b25b2-2755-4de8-b0a2-8caee0449d76
2026-07-09T14:42:10.988160Z,B-like,0.5369595615701481,B-like,C-like,C-like,C-like,Quiet,C-like,B-like,42.640689749301515,0.433369855894986,0.5369595615701481,LOW,824,2b262f35-9166-4d8d-8a2f-d0a016b14b49
2026-07-09T14:42:35.867148Z,B-like,0.5187259473785293,B-like,C-like,C-like,C-like,Quiet,C-like,B-like,40.57241624636106,0.4685769824814512,0.5187259473785293,LOW,671,908405df-f74e-4fc7-85dd-129678ce23ec
2026-07-09T14:42:59.088518Z,B-like,0.5243940736370597,B-like,C-like,C-like,C-like,Quiet,C-like,B-like,41.85661423791932,0.45191567219739115,0.5243940736370597,LOW,729,afad4b4a-0206-4e15-8410-b440b6f328a6
2026-07-09T14:43:00.588236Z,B-like,0.5155863615184036,B-like,C-like,C-like,C-like,Quiet,C-like,B-like,41.72645436901583,0.472048190442903,0.5155863615184036,LOW,1078,8f428c60-8e46-41b6-8faa-7a2030a72bf4
2026-07-09T14:43:10.300823Z,B-like,0.5255841932823114,B-like,C-like,C-like,C-like,Quiet,C-like,B-like,41.411566811905345,0.4841578070537904,0.5255841932823114,LOW,794,a9b31d18-dc5a-4721-9c27-2ebd5efa443f
2026-07-09T14:43:20.201240Z,B-like,0.48163452537437595,B-like,C-like,C-like,C-like,Quiet,C-like,B-like,41.26079118419418,0.43490480395096215,0.48163452537437595,LOW,694,fd84d036-c6dc-4735-8a31-d2137ca45fd8
2026-07-09T14:43:30.216991Z,B-like,0.5279227638187424,B-like,C-like,C-like,C-like,Quiet,C-like,B-like,44.168177261740674,0.4328465168890145,0.5279227638187424,LOW,709,8c1d7e40-5faa-44f2-830d-4bd5dc2d7479
2026-07-09T14:43:40.221175Z,B-like,0.49908381031764965,B-like,C-like,C-like,C-like,Quiet,C-like,B-like,39.44130822292667,0.43173588839452043,0.49908381031764965,LOW,712,6a4334a5-1afa-4d57-bc06-274da4e2c06b
2026-07-09T14:43:50.351723Z,B-like,0.5263714387233799,B-like,C-like,C-like,C-like,Quiet,C-like,B-like,41.43108952344983,0.44052865605572195,0.5263714387233799,LOW,844,e8977bf7-858b-4e43-9f89-38616be410e3
2026-07-09T14:44:00.591858Z,B-like,0.5301491388411854,B-like,C-like,C-like,C-like,Quiet,C-like,B-like,44.26306635928966,0.487021056385688,0.5301491388411854,LOW,1083,6e086595-3139-4680-b36a-cea531644554
2026-07-09T14:44:10.320874Z,B-like,0.49095484213702917,B-like,C-like,C-like,C-like,Quiet,C-like,B-like,41.47072997720006,0.4858055625539961,0.49095484213702917,LOW,813,b38d5901-4ebd-459f-bf25-595ee50757ed
2026-07-09T14:44:20.388786Z,B-like,0.5245035415238003,B-like,C-like,C-like,C-like,Quiet,C-like,B-like,43.29023037682614,0.4819861360824496,0.5245035415238003,LOW,881,f94cf8d8-d2e9-49cc-b5d9-6a0e57573a17
2026-07-09T14:44:30.126865Z,B-like,0.5472137156545944,B-like,C-like,C-like,C-like,Quiet,C-like,B-like,44.11266097147152,0.47264379697197756,0.5472137156545944,LOW,619,a3620c64-a586-4bcc-8880-ddef221a134c
2026-07-09T14:44:40.073277Z,B-like,0.5029367154664525,B-like,C-like,C-like,C-like,Quiet,C-like,B-like,41.67205132454185,0.48512518588547676,0.5029367154664525,LOW,566,33a57fa6-a982-44a5-a730-8593eb3488a6
2026-07-09T14:44:50.920387Z,B-like,0.4930025462350888,B-like,C-like,C-like,C-like,Quiet,C-like,B-like,41.831005257701165,0.4341227311468486,0.4930025462350888,LOW,756,e6aea3be-339f-4098-832c-86d10c630119
2026-07-09T14:45:00.768010Z,B-like,0.49270126262803504,B-like,C-like,C-like,C-like,Quiet,C-like,B-like,41.79551520919055,0.4527719788541867,0.49270126262803504,LOW,612,efe989e7-3459-4301-a73c-31641f8651e9
2026-07-09T14:45:10.764384Z,B-like,0.4933782079360237,B-like,C-like,C-like,C-like,Quiet,C-like,B-like,43.10431232054532,0.462700329708941,0.4933782079360237,LOW,601,e2428314-7182-46e5-b9ac-9f052084746f
2026-07-09T14:45:20.842967Z,B-like,0.48624211548137725,B-like,C-like,C-like,C-like,Quiet,C-like,B-like,42.438802784037456,0.4391740750727656,0.48624211548137725,LOW,685,3c3f45af-5370-46a5-8499-4a2d9426f123
2026-07-09T14:45:30.849977Z,B-like,0.5266259009495989,B-like,C-like,C-like,C-like,Quiet,C-like,B-like,43.19606934938194,0.47299555397647713,0.5266259009495989,LOW,686,886136d3-27ee-407d-8134-ea23c1553cf4
2026-07-09T14:45:41.000306Z,B-like,0.5371804064463994,B-like,C-like,C-like,C-like,Quiet,C-like,B-like,42.42902654418856,0.47348197951379545,0.5371804064463994,LOW,830,bed29e69-21e8-4d64-b932-e5dc0aea2e32
2026-07-09T14:46:36.240440Z,B-like,0.5021854066011563,B-like,C-like,C-like,C-like,Quiet,C-like,B-like,40.20012736516308,0.47909648382542547,0.5021854066011563,LOW,705,8ede6b72-7e26-4e28-b509-c4cf6ae87362
2026-07-09T14:46:46.055475Z,B-like,0.5066108388797091,B-like,C-like,C-like,C-like,Quiet,C-like,B-like,43.079859927318424,0.47237264469745904,0.5066108388797091,LOW,1016,a05b7929-e4b9-4d66-a676-2bbfeb05ca08
2026-07-09T14:46:50.435348Z,B-like,0.48732430990571163,B-like,C-like,C-like,C-like,Quiet,C-like,B-like,42.2672418258576,0.4596966476232146,0.48732430990571163,LOW,928,0583a8dd-bc7d-495a-a3ae-c1b3969dbafa
2026-07-09T14:47:01.018586Z,B-like,0.48764974940818395,B-like,C-like,C-like,C-like,Quiet,C-like,B-like,39.50780330110248,0.42989772540969573,0.48764974940818395,LOW,853,d2c66650-f787-4f11-a7ea-67860067f049
2026-07-09T14:47:10.983937Z,B-like,0.5232070752636147,B-like,C-like,C-like,C-like,Quiet,C-like,B-like,42.100053516542054,0.45148165413649544,0.5232070752636147,LOW,810,cb964f19-92a2-4adf-9ab3-f1f0e75b336a
2026-07-09T14:47:20.850646Z,B-like,0.5169764047659633,B-like,C-like,C-like,C-like,Quiet,C-like,B-like,39.67790922230035,0.4330446857196538,0.5169764047659633,LOW,680,5904f64a-3684-446d-8e56-a9421cda75f6
2026-07-09T14:47:30.749095Z,B-like,0.4955031392917839,B-like,C-like,C-like,C-like,Quiet,C-like,B-like,39.83054185967584,0.4450490200988569,0.4955031392917839,LOW,581,b8a6f619-2e5f-4c00-9df5-aa999b536ffd
2026-07-09T14:47:40.752355Z,B-like,0.5380290338571815,B-like,C-like,C-like,C-like,Quiet,C-like,B-like,41.07164420054247,0.44374486437947824,0.5380290338571815,LOW,592,b997db26-d69c-4a0c-b0a2-06914485de7d
2026-07-09T14:47:50.732858Z,B-like,0.5156495035214979,B-like,C-like,C-like,C-like,Quiet,C-like,B-like,40.56703532999316,0.44028959008578833,0.5156495035214979,LOW,568,f782bc7f-12ac-4298-a96e-64a8ecb5e118
2026-07-09T14:48:36.291469Z,B-like,0.5167305031148716,B-like,C-like,C-like,C-like,Quiet,C-like,B-like,43.11031759867737,0.471903025738044,0.5167305031148716,LOW,1052,549eadd2-04b5-4e3a-887e-f76f43360b56
2026-07-09T14:49:36.171160Z,B-like,0.5001294056822889,B-like,C-like,C-like,C-like,Quiet,C-like,B-like,39.36613112876806,0.46961942441604165,0.5001294056822889,LOW,948,d34176d8-7331-48c2-bd3f-3e8dcde31832
2026-07-09T14:50:36.017193Z,B-like,0.5442434584113067,B-like,C-like,C-like,C-like,Quiet,C-like,B-like,42.8183364016541,0.48312507768124785,0.5442434584113067,LOW,792,eeb5ade7-08a8-4185-8d16-17e76108558b
2026-07-09T14:51:36.044808Z,B-like,0.5439377546569679,B-like,C-like,C-like,C-like,Quiet,C-like,B-like,43.54100498917816,0.46060328139455703,0.5439377546569679,LOW,833,958fa903-c1af-43a9-b6a5-5ae6528fa159
2026-07-09T14:52:36.093277Z,B-like,0.5228498876428188,B-like,C-like,C-like,C-like,Quiet,C-like,B-like,41.70266162931972,0.43777394464461905,0.5228498876428188,LOW,883,d1a62d87-cfa8-41c5-8de2-c89213092467
2026-07-09T14:53:36.308810Z,B-like,0.5080864930644251,B-like,C-like,C-like,C-like,Quiet,C-like,B-like,39.910151096768814,0.4851714334055548,0.5080864930644251,LOW,1078,fb6c60f8-96c1-4f9f-8dca-907a3b5f4b04
2026-07-09T14:54:35.951387Z,B-like,0.5252287992514214,B-like,C-like,C-like,C-like,Quiet,C-like,B-like,42.72359599124286,0.47627615778138027,0.5252287992514214,LOW,715,a6cd5593-d7c7-46db-832b-fb7c4fbd997d
2026-07-09T14:55:36.012479Z,B-like,0.5227074906339878,B-like,C-like,C-like,C-like,Quiet,C-like,B-like,41.20497685367434,0.4428940013524455,0.5227074906339878,LOW,795,1828e54c-90f8-46b5-a99f-918059f9b5bf
2026-07-10T04:34:46.063933Z,B-like,0.4771450275625706,B-like,C-like,C-like,C-like,Quiet,C-like,B-like,39.71757620154283,0.4797871269943254,0.4771450275625706,LOW,3214,c15d9b29-0a01-41fc-9a31-403d2116bdfb
2026-07-10T04:34:53.712715Z,B-like,0.5355522671178075,B-like,C-like,C-like,C-like,Quiet,C-like,B-like,43.97439731733362,0.47287634297134656,0.5355522671178075,LOW,1656,f3f2c47f-94c8-42e6-b605-6317f5be9fcb
2026-07-10T04:35:04.183248Z,B-like,0.4808990013959322,B-like,C-like,C-like,C-like,Quiet,C-like,B-like,39.349525178162644,0.46722705398307696,0.4808990013959322,LOW,1859,1c9025bf-acbc-4bbb-b23b-19ac21b9431f
2026-07-10T04:35:14.555851Z,B-like,0.49553440484038147,B-like,C-like,C-like,C-like,Quiet,C-like,B-like,41.626508720579544,0.44372502752822107,0.49553440484038147,LOW,2232,5052c990-b5c6-4ce4-8f52-b57b18a5565c
2026-07-10T04:35:23.816664Z,B-like,0.5456166409061401,B-like,C-like,C-like,C-like,Quiet,C-like,B-like,44.14672181642378,0.45158243629469264,0.5456166409061401,LOW,1767,095b55e0-f980-4295-92e9-f8ce6a9e076f
2026-07-10T04:35:33.930139Z,B-like,0.5000448900016974,B-like,C-like,C-like,C-like,Quiet,C-like,B-like,40.70929751519274,0.462160336562243,0.5000448900016974,LOW,1883,24f47684-1418-43ca-956b-830896738aaa
2026-07-10T04:35:43.747987Z,B-like,0.52012108511228,B-like,C-like,C-like,C-like,Quiet,C-like,B-like,39.995878622022325,0.46336153178974454,0.52012108511228,LOW,1433,48191e24-bd3f-4733-8aef-05342194990b
2026-07-10T04:35:53.420231Z,B-like,0.5151843517562879,B-like,C-like,C-like,C-like,Quiet,C-like,B-like,44.0292906638682,0.440598070514401,0.5151843517562879,LOW,1107,8b3b7c5e-5ddd-47a3-a4cf-78e4ca300e78
2026-07-10T04:36:04.287377Z,B-like,0.5386801924645948,B-like,C-like,C-like,C-like,Quiet,C-like,B-like,42.80257427205369,0.450024657601538,0.5386801924645948,LOW,1969,03017373-dc1b-4cf4-8439-50047e9f1d20
2026-07-10T04:36:14.188482Z,B-like,0.5131380161860011,B-like,C-like,C-like,C-like,Quiet,C-like,B-like,40.06513050811764,0.472299604853196,0.5131380161860011,LOW,1868,46453b51-d455-4c11-83c4-ccf8e76a7b9b
2026-07-10T04:36:24.256749Z,B-like,0.49741037409163025,B-like,C-like,C-like,C-like,Quiet,C-like,B-like,42.38166120899179,0.4861790404445821,0.49741037409163025,LOW,1944,abacb0ae-130f-4e71-b192-7564b3219364
2026-07-10T04:36:33.318239Z,B-like,0.5051910152317763,B-like,C-like,C-like,C-like,Quiet,C-like,B-like,42.34083146405436,0.431221913678361,0.5051910152317763,LOW,1000,23dae105-0386-4c73-8318-ad604a083fb6
2026-07-10T04:37:30.540111Z,B-like,0.49444295723118603,B-like,C-like,C-like,C-like,Quiet,C-like,B-like,43.96199232465979,0.4770138019443181,0.49444295723118603,LOW,877,09cb9e5f-d3b0-484d-8c78-c8dc0e8152e8
2026-07-10T04:38:30.912548Z,B-like,0.5374249728702694,B-like,C-like,C-like,C-like,Quiet,C-like,B-like,43.97057430448915,0.4399321292525962,0.5374249728702694,LOW,1575,be733b3f-999a-49ec-8871-f9fca6aae029
2026-07-10T04:39:30.396224Z,B-like,0.5067792127647422,B-like,C-like,C-like,C-like,Quiet,C-like,B-like,43.5624279376916,0.4442286151843306,0.5067792127647422,LOW,1056,de71fea9-bac0-4644-a5e9-383873460c1d
2026-07-10T04:39:43.772204Z,B-like,0.48455589759157475,B-like,C-like,C-like,C-like,Quiet,C-like,B-like,42.405892106568366,0.43131055354786857,0.48455589759157475,LOW,3637,8d99c1a7-1f4d-4b84-83d0-cbddc08116fd
2026-07-10T04:39:46.040691Z,B-like,0.48910073682051497,B-like,C-like,C-like,C-like,Quiet,C-like,B-like,41.830908504786805,0.460761792916042,0.48910073682051497,LOW,2206,9a9b8ce1-c757-4688-bbea-9b40f233f50b
2026-07-10T04:39:54.157344Z,B-like,0.5257143437985181,B-like,C-like,C-like,C-like,Quiet,C-like,B-like,43.75531083757538,0.46081583988671126,0.5257143437985181,LOW,2111,acfc5c8f-200a-41ab-ac28-972f359313da
2026-07-10T04:40:04.371576Z,B-like,0.5383859355652671,B-like,C-like,C-like,C-like,Quiet,C-like,B-like,43.26148276225976,0.44576079197864354,0.5383859355652671,LOW,2326,cd4c13c9-d920-4a5b-a79e-32352f4f915c
2026-07-10T04:40:13.451582Z,B-like,0.48217442711236735,B-like,C-like,C-like,C-like,Quiet,C-like,B-like,40.70170715218212,0.4318696849261398,0.48217442711236735,LOW,1401,9d0ae110-a01c-4562-8663-768b72b48c36
2026-07-10T04:40:24.731322Z,B-like,0.5386235511710087,B-like,C-like,C-like,C-like,Quiet,C-like,B-like,42.96680603957782,0.4685208615741491,0.5386235511710087,LOW,2419,1ea50389-a88f-4ac9-a4e1-1dc477805d37
2026-07-10T04:40:33.434448Z,B-like,0.5038954243426873,B-like,C-like,C-like,C-like,Quiet,C-like,B-like,41.92595344737088,0.45886623121938525,0.5038954243426873,LOW,1120,a47181a2-6d78-40ed-a85b-e730f6aad5d6
2026-07-10T04:40:43.542989Z,B-like,0.524181844621209,B-like,C-like,C-like,C-like,Quiet,C-like,B-like,41.44100352474551,0.4529362551734601,0.524181844621209,LOW,1230,c0535cc4-123e-4761-a79d-240b6ab7647e
2026-07-10T04:40:53.244493Z,B-like,0.5138886816078451,B-like,C-like,C-like,C-like,Quiet,C-like,B-like,40.74888909909991,0.46953159729738325,0.5138886816078451,LOW,928,f506b8b5-562f-4c74-9e0f-c16cc6d17285
2026-07-10T04:41:03.318266Z,B-like,0.5121474493226242,B-like,C-like,C-like,C-like,Quiet,C-like,B-like,39.586619363349385,0.43077859825083425,0.5121474493226242,LOW,1006,e7920f06-964c-457d-b22a-e1f4fd5b4735
2026-07-10T04:41:13.263008Z,B-like,0.5444767555531143,B-like,C-like,C-like,C-like,Quiet,C-like,B-like,42.58997585686171,0.4628430995955883,0.5444767555531143,LOW,940,e4ed157c-459c-4eb0-b7f9-9e5209ed851c
2026-07-10T04:41:30.351884Z,B-like,0.49051582154137835,B-like,C-like,C-like,C-like,Quiet,C-like,B-like,43.05848661439077,0.44297561899499266,0.49051582154137835,LOW,699,41dedad2-d231-4c4e-a6b9-48d2810843a9
2026-07-10T04:42:30.658906Z,B-like,0.5001890204024039,B-like,C-like,C-like,C-like,Quiet,C-like,B-like,39.55819775733781,0.4463273585258606,0.5001890204024039,LOW,1326,f745ed19-0b23-4d3a-ae5d-699bcff53aaa
2026-07-10T04:43:30.946096Z,B-like,0.5032334117579771,B-like,C-like,C-like,C-like,Quiet,C-like,B-like,44.00757600238194,0.4634461832395356,0.5032334117579771,LOW,1584,fde6a494-bc2f-433b-b621-ed7506bab16d
2026-07-10T04:44:30.707078Z,B-like,0.5298629876729467,B-like,C-like,C-like,C-like,Quiet,C-like,B-like,41.765117222314174,0.47449085676020986,0.5298629876729467,LOW,1364,251d2b08-6964-4185-8a26-4a15e45385a5
2026-07-10T04:45:30.328983Z,B-like,0.5193188995906876,B-like,C-like,C-like,C-like,Quiet,C-like,B-like,40.63243650406151,0.4555756785345546,0.5193188995906876,LOW,992,8ebd88cf-13db-4fd7-af64-332e9b4f4eda
2026-07-10T04:46:30.812749Z,B-like,0.507930208923062,B-like,C-like,C-like,C-like,Quiet,C-like,B-like,40.767102843260666,0.44312147314767025,0.507930208923062,LOW,1478,09cae57f-3c14-4dc6-9edd-576e26d5a0a8
2026-07-10T04:47:31.609725Z,B-like,0.4868534866316968,B-like,C-like,C-like,C-like,Quiet,C-like,B-like,40.94300829596202,0.4804445637461986,0.4868534866316968,LOW,2262,dfb3e7a0-1474-4f77-9394-81f1eee06e5c
2026-07-10T04:47:58.160711Z,B-like,0.49789970443892934,B-like,C-like,C-like,C-like,Quiet,C-like,B-like,42.29538227456609,0.47502405260788794,0.49789970443892934,LOW,1296,740c564d-1d34-400d-a91e-28d4633bcf72
2026-07-10T04:48:03.618979Z,B-like,0.5001664345879601,B-like,C-like,C-like,C-like,Quiet,C-like,B-like,42.65233953032512,0.44580566833808083,0.5001664345879601,LOW,1572,91fb5f17-1efb-4a7f-9578-50da65e0ae67
2026-07-10T04:48:13.561118Z,B-like,0.5325958786628278,B-like,C-like,C-like,C-like,Quiet,C-like,B-like,43.75208970602458,0.4390913121331478,0.5325958786628278,LOW,1515,dbbf23d9-b85d-4f74-9a9d-d5c5f02c0d76
2026-07-10T04:48:23.658288Z,B-like,0.5101286367630904,B-like,C-like,C-like,C-like,Quiet,C-like,B-like,40.0427440086288,0.4525200197071287,0.5101286367630904,LOW,1339,9c7244a3-7374-4523-8380-740656c778d2
2026-07-10T04:48:33.815276Z,B-like,0.5325962030868924,B-like,C-like,C-like,C-like,Quiet,C-like,B-like,39.923712039469834,0.47024882868335516,0.5325962030868924,LOW,1496,31b1c9ac-2edb-488f-b191-6afd1f26fa5b
2026-07-10T04:48:44.054170Z,B-like,0.5184413587232276,B-like,C-like,C-like,C-like,Quiet,C-like,B-like,42.20909393707417,0.4492703587326532,0.5184413587232276,LOW,1743,0d5393c1-2bb3-4085-ac85-c31e9362d781
2026-07-10T04:48:53.352560Z,B-like,0.4993753206924414,B-like,C-like,C-like,C-like,Quiet,C-like,B-like,43.34127888687011,0.4383322769055999,0.4993753206924414,LOW,1034,cae636fe-aaf9-4cc2-a6a5-2e4f2e4c3626
2026-07-10T04:49:03.352371Z,B-like,0.4927194678834417,B-like,C-like,C-like,C-like,Quiet,C-like,B-like,42.25446224754928,0.4313949404887225,0.4927194678834417,LOW,1026,595d6e74-3b85-4c92-8b1f-f7ab6851d075
2026-07-10T04:49:30.908880Z,B-like,0.520712995353592,B-like,C-like,C-like,C-like,Quiet,C-like,B-like,40.76010270949357,0.4762214757100164,0.520712995353592,LOW,1266,aaa57a56-5aba-476d-9cd8-8fe0aa10021e
2026-07-10T04:49:34.649875Z,B-like,0.52632750301471,B-like,C-like,C-like,C-like,Quiet,C-like,B-like,43.63348154302724,0.45981217168277544,0.52632750301471,LOW,1454,e66fcba1-9659-4524-9878-db7fab0ff37d
2026-07-10T04:49:43.436890Z,B-like,0.5163315962539016,B-like,C-like,C-like,C-like,Quiet,C-like,B-like,43.07596122153779,0.48083249256613897,0.5163315962539016,LOW,1114,adb98ada-ebfc-4e28-b7b9-05a29d7b426e
2026-07-10T04:49:53.341238Z,B-like,0.509185738437488,B-like,C-like,C-like,C-like,Quiet,C-like,B-like,40.80657442611055,0.4756175204738051,0.509185738437488,LOW,1020,13f2fdfb-a97e-472f-9081-3c6870290746
2026-07-10T04:50:03.603609Z,B-like,0.5010510989524418,B-like,C-like,C-like,C-like,Quiet,C-like,B-like,44.09336760225823,0.4322046277555229,0.5010510989524418,LOW,1278,974e8bef-dd4d-4e50-9a30-12e31426ee87
2026-07-10T04:50:13.369784Z,B-like,0.5026238499720082,B-like,C-like,C-like,C-like,Quiet,C-like,B-like,44.08440926290319,0.4713209153438883,0.5026238499720082,LOW,1057,d27424c6-7d3f-46ce-9433-2d83a2086830
2026-07-10T04:50:23.570097Z,B-like,0.4921277571499147,B-like,C-like,C-like,C-like,Quiet,C-like,B-like,40.47195977194125,0.4620725804158783,0.4921277571499147,LOW,1247,e7adb856-c8da-4db1-b21f-feb7c6e31f1b
2026-07-10T04:50:33.418948Z,B-like,0.4969163484076176,B-like,C-like,C-like,C-like,Quiet,C-like,B-like,41.16408154543088,0.44180178346371085,0.4969163484076176,LOW,1108,cbf58df7-6ff1-4876-8c1e-7414c9470844
2026-07-10T04:50:43.485698Z,B-like,0.4987061957427733,B-like,C-like,C-like,C-like,Quiet,C-like,B-like,41.90400813732192,0.45077101452177915,0.4987061957427733,LOW,1154,c96694cc-a7cb-46bb-aa03-91d4a1b68eaa
2026-07-10T04:50:53.385031Z,B-like,0.5314537012584314,B-like,C-like,C-like,C-like,Quiet,C-like,B-like,39.54422199470131,0.43137611887520094,0.5314537012584314,LOW,1062,1286c635-313d-4716-9767-8702330da885
2026-07-10T04:51:04.474075Z,B-like,0.5310462731264848,B-like,C-like,C-like,C-like,Quiet,C-like,B-like,40.244810490628026,0.43579088901867086,0.5310462731264848,LOW,2154,9d205d15-5c2e-4007-ab96-818890f34481
2026-07-10T04:51:13.607138Z,B-like,0.48116244391088064,B-like,C-like,C-like,C-like,Quiet,C-like,B-like,39.90806875385498,0.4284322372726719,0.48116244391088064,LOW,1295,34be1462-57c3-4bce-b54f-4894991e2976
2026-07-10T04:51:23.638014Z,B-like,0.49072423801469633,B-like,C-like,C-like,C-like,Quiet,C-like,B-like,43.45298354542712,0.4554412998518053,0.49072423801469633,LOW,1315,fbac61e4-6c99-4e4c-a7ef-e8e4115cd2b5
2026-07-10T04:51:54.270237Z,B-like,0.5298158147997463,B-like,C-like,C-like,C-like,Quiet,C-like,B-like,41.135516481224634,0.4760210189713449,0.5298158147997463,LOW,1328,930531b5-8eaa-4598-a995-697509eb055b
2026-07-10T04:52:03.439204Z,B-like,0.4755323267913628,B-like,C-like,C-like,C-like,Quiet,C-like,B-like,39.332506371667314,0.46766685695958543,0.4755323267913628,LOW,1388,666f5ede-19d2-4bd4-bb6f-562a98493b23
2026-07-10T04:52:13.494212Z,B-like,0.4946948003247504,B-like,C-like,C-like,C-like,Quiet,C-like,B-like,42.58073679421619,0.47657196185118533,0.4946948003247504,LOW,1448,e87fba97-c632-4fa0-8a69-f952e56bf891
2026-07-10T04:52:23.253448Z,B-like,0.5436581113573434,B-like,C-like,C-like,C-like,Quiet,C-like,B-like,44.19055862148335,0.46288834985948024,0.5436581113573434,LOW,1207,d028aab5-86d6-4346-ab5c-2939fc82d0b7
2026-07-10T04:52:33.439757Z,B-like,0.5004149876938384,B-like,C-like,C-like,C-like,Quiet,C-like,B-like,42.94539987044272,0.4695639172605485,0.5004149876938384,LOW,1394,834555e9-9a4a-4ca0-ad2f-78eacdd6b8f8
2026-07-10T04:52:43.509637Z,B-like,0.494400551732009,B-like,C-like,C-like,C-like,Quiet,C-like,B-like,40.54073348971443,0.4437039529611433,0.494400551732009,LOW,1190,595c86d5-9ee1-428c-b34b-d4d38273a018
2026-07-10T04:52:53.291805Z,B-like,0.540810464235858,B-like,C-like,C-like,C-like,Quiet,C-like,B-like,42.95298585781459,0.44945384320134224,0.540810464235858,LOW,980,7b9d89d6-07d0-42af-a742-309fe2615b94
2026-07-10T04:53:03.497974Z,B-like,0.4859959456931924,B-like,C-like,C-like,C-like,Quiet,C-like,B-like,42.64285639230449,0.43445947429689225,0.4859959456931924,LOW,1179,ca6977d1-ac3a-4f74-9782-8072ae3d7800
2026-07-10T04:53:13.352866Z,B-like,0.5221630094575608,B-like,C-like,C-like,C-like,Quiet,C-like,B-like,43.97946437033774,0.4446449878507498,0.5221630094575608,LOW,1036,be0c01c4-3b03-4d9a-b522-1bfc873090b1
2026-07-10T04:53:23.503103Z,B-like,0.4854753006204953,B-like,C-like,C-like,C-like,Quiet,C-like,B-like,42.00514869395752,0.47867186107811177,0.4854753006204953,LOW,1182,44bea8f7-3ca1-47d4-8831-74fdec3c1a3f
2026-07-10T04:53:33.450582Z,B-like,0.5263363956440754,B-like,C-like,C-like,C-like,Quiet,C-like,B-like,43.86823668246351,0.45048031888037127,0.5263363956440754,LOW,1135,124eafad-42cc-4b2a-8346-de2096f9d6db
2026-07-10T04:54:30.399882Z,B-like,0.500741719402356,B-like,C-like,C-like,C-like,Quiet,C-like,B-like,42.36651025636276,0.44208181130487834,0.500741719402356,LOW,1058,4088d42c-7a4f-434b-b23a-9e0aedb93632
2026-07-10T04:55:30.772512Z,B-like,0.525663546046466,B-like,C-like,C-like,C-like,Quiet,C-like,B-like,42.71042411438022,0.4393013201928682,0.525663546046466,LOW,1432,b0265c25-1fbd-450d-8b65-4409f678fd5b
2026-07-10T04:56:30.921162Z,B-like,0.5162114334293176,B-like,C-like,C-like,C-like,Quiet,C-like,B-like,43.3448459378983,0.4361034629691891,0.5162114334293176,LOW,1575,00e815a6-a08c-4ffe-bc55-a9a438774bec
2026-07-10T04:57:03.925115Z,B-like,0.4839186418396706,B-like,C-like,C-like,C-like,Quiet,C-like,B-like,41.695022895102724,0.4840293788102066,0.4839186418396706,LOW,2660,81adca32-d2e2-4557-997e-b2bc68ba6c2f
2026-07-10T04:57:05.363609Z,B-like,0.4759921713449062,B-like,C-like,C-like,C-like,Quiet,C-like,B-like,39.38355000136485,0.4600871587601983,0.4759921713449062,LOW,1426,fcae0ddb-d0bc-423e-8ce9-a30f9c955d6e
2026-07-10T04:57:13.670038Z,B-like,0.4886673859225354,B-like,C-like,C-like,C-like,Quiet,C-like,B-like,43.611217755049466,0.44375328149035,0.4886673859225354,LOW,1622,c39863f4-34af-4428-9f92-f8c4b37f84cb
2026-07-10T04:57:26.377742Z,B-like,0.5163331702558611,B-like,C-like,C-like,C-like,Quiet,C-like,B-like,40.750668873174895,0.44678174206751897,0.5163331702558611,LOW,4008,ebebcf24-dfa3-418f-a95f-ec1036392220
2026-07-10T04:57:34.125018Z,B-like,0.5253867211290081,B-like,C-like,C-like,C-like,Quiet,C-like,B-like,41.571887213099274,0.43224489487302187,0.5253867211290081,LOW,2067,c6b5ddcf-92af-4da5-8a12-65a519166cb8
2026-07-10T04:57:46.196012Z,B-like,0.5159677009974803,B-like,C-like,C-like,C-like,Quiet,C-like,B-like,43.78930775124263,0.4292493764754619,0.5159677009974803,LOW,3812,e1361550-230a-4228-8f9e-c25f3a765fa6
2026-07-10T04:57:54.148360Z,B-like,0.48875550340559726,B-like,C-like,C-like,C-like,Quiet,C-like,B-like,40.156505244235866,0.44704848250286333,0.48875550340559726,LOW,2086,5a6aa65f-3992-4c99-88d2-f18b22aad052
2026-07-10T04:58:05.918987Z,B-like,0.5370939512887248,B-like,C-like,C-like,C-like,Quiet,C-like,B-like,41.18282153804331,0.4413964618108167,0.5370939512887248,LOW,3547,cb189993-0e13-4f2c-9a1b-63463877197f
2026-07-10T04:58:24.131096Z,B-like,0.49844467620025323,B-like,C-like,C-like,C-like,Quiet,C-like,B-like,42.54746972680654,0.4669288172613777,0.49844467620025323,LOW,3699,428a931e-1b57-4748-b44d-8c4233d1ed8d
2026-07-10T04:58:31.597209Z,B-like,0.5331624768322758,B-like,C-like,C-like,C-like,Quiet,C-like,B-like,43.30891449207729,0.47140160498516903,0.5331624768322758,LOW,1164,18a04bc9-4a9f-4fe3-b1d1-466f9cf8d98e
2026-07-10T04:58:41.970043Z,B-like,0.487029469997224,B-like,C-like,C-like,C-like,Quiet,C-like,B-like,40.37013128173431,0.46909654729540246,0.487029469997224,LOW,651,2e461753-8676-46a5-8301-5d05d624572a
2026-07-10T04:58:52.273528Z,B-like,0.5043310889579226,B-like,C-like,C-like,C-like,Quiet,C-like,B-like,43.84904869664514,0.4587711418501032,0.5043310889579226,LOW,951,e70ea884-dcb9-4634-8107-2157a8f145a2
2026-07-10T04:59:02.135714Z,B-like,0.48124698786213704,B-like,C-like,C-like,C-like,Quiet,C-like,B-like,40.21377804814246,0.44826870908931765,0.48124698786213704,LOW,816,b2966d35-ab3b-4daa-9083-7598ed3714fb
2026-07-10T04:59:12.091579Z,B-like,0.5060716264179234,B-like,C-like,C-like,C-like,Quiet,C-like,B-like,41.88869430357008,0.4435735298348025,0.5060716264179234,LOW,770,a597dabc-73ee-4491-80ad-b238474258e0
2026-07-10T04:59:21.536613Z,B-like,0.5055622947194975,B-like,C-like,C-like,C-like,Quiet,C-like,B-like,44.11284959438434,0.4778869110709307,0.5055622947194975,LOW,213,3b046c36-caac-4617-8da0-42b0387f0d4e
2026-07-10T04:59:32.048524Z,B-like,0.5013056039412733,B-like,C-like,C-like,C-like,Quiet,C-like,B-like,42.72280213150978,0.4443369559815071,0.5013056039412733,LOW,734,a58d7ab6-8146-45d6-99e4-e00e46cb53fe
2026-07-10T05:00:30.009752Z,B-like,0.5095837943930166,B-like,C-like,C-like,C-like,Quiet,C-like,B-like,41.609324714660765,0.44593748073040756,0.5095837943930166,LOW,661,ff54e8da-fba1-466b-85f7-cb41bc4ab888
2026-07-10T05:01:30.037008Z,B-like,0.5319847469850749,B-like,C-like,C-like,C-like,Quiet,C-like,B-like,41.98572242570855,0.4726369888341823,0.5319847469850749,LOW,708,4acb7125-f282-4f6f-888a-fd7691670862
2026-07-10T05:02:29.917154Z,B-like,0.49601110042577484,B-like,C-like,C-like,C-like,Quiet,C-like,B-like,42.76046446564102,0.4818513320552594,0.49601110042577484,LOW,246,fdbf190a-a4fa-4d39-8ddb-2eba7c15b0f7
2026-07-10T05:03:30.541402Z,B-like,0.5301543749526371,B-like,C-like,C-like,C-like,Quiet,C-like,B-like,41.34445905544279,0.4556620066110248,0.5301543749526371,LOW,1213,1320aaac-ec16-4c75-b9b3-46e86473f4aa
2026-07-10T05:04:30.609319Z,B-like,0.5288440817435311,B-like,C-like,C-like,C-like,Quiet,C-like,B-like,43.232851177855245,0.4757859790312596,0.5288440817435311,LOW,947,42842721-4468-446f-9d1e-9a5f92399328
2026-07-10T05:05:30.037946Z,B-like,0.5452171621409226,B-like,C-like,C-like,C-like,Quiet,C-like,B-like,43.15633086217699,0.47416400904347966,0.5452171621409226,LOW,710,3649b9e6-3001-4ccb-b696-a6df9168fcfb
2026-07-10T05:06:30.999026Z,B-like,0.5057651169075925,B-like,C-like,C-like,C-like,Quiet,C-like,B-like,39.55425387034846,0.44033271009214286,0.5057651169075925,LOW,1313,2cb625bc-5de8-4b57-b584-dac90419a0cf
2026-07-10T05:07:30.578591Z,B-like,0.5095876944024521,B-like,C-like,C-like,C-like,Quiet,C-like,B-like,40.177761267634416,0.4586058486104659,0.5095876944024521,LOW,1190,aa12bffa-8398-4cd3-bec2-842c0c0729f7
2026-07-10T05:08:30.940736Z,B-like,0.491876519373996,B-like,C-like,C-like,C-like,Quiet,C-like,B-like,40.5952253387983,0.4578263273046598,0.491876519373996,LOW,1276,c6ad583b-793e-424d-ada4-6cd2c6db0ea3
2026-07-10T05:09:30.120835Z,B-like,0.5017366862775333,B-like,C-like,C-like,C-like,Quiet,C-like,B-like,41.644140708345205,0.4813370967097306,0.5017366862775333,LOW,794,8839f5cf-6dcb-40db-a2ab-68b48eb10de3
2026-07-10T05:10:30.530606Z,B-like,0.5183473902815002,B-like,C-like,C-like,C-like,Quiet,C-like,B-like,43.47435953970915,0.4566081441906917,0.5183473902815002,LOW,863,c9c1d0a0-ea78-4629-9f54-f54f07f329b2
2026-07-10T05:11:30.172617Z,B-like,0.503722967437109,B-like,C-like,C-like,C-like,Quiet,C-like,B-like,40.7441014387731,0.45305985353455314,0.503722967437109,LOW,803,cfb3f25f-b3a9-41e7-8ab0-bbbc473ef23a
2026-07-10T05:12:30.877951Z,B-like,0.49073919789270454,B-like,C-like,C-like,C-like,Quiet,C-like,B-like,43.89489838000553,0.47319908067328487,0.49073919789270454,LOW,1190,5e44b707-9690-4f13-8714-18efd4fd2df8
2026-07-10T05:13:30.149716Z,B-like,0.5149047490754118,B-like,C-like,C-like,C-like,Quiet,C-like,B-like,41.056347551620654,0.4337424795488796,0.5149047490754118,LOW,781,a66e307e-56e8-4935-b220-baf9bcbeb08d
2026-07-10T05:14:30.416816Z,B-like,0.5270485108050172,B-like,C-like,C-like,C-like,Quiet,C-like,B-like,42.27273219097282,0.4640907792486272,0.5270485108050172,LOW,776,c8e7eaeb-8cc2-46bf-af91-f91f1044d021
2026-07-10T05:15:30.323250Z,B-like,0.50402034201119,B-like,C-like,C-like,C-like,Quiet,C-like,B-like,41.75781994997155,0.44775348455890085,0.50402034201119,LOW,979,4c5a4cee-eb2d-4251-94ae-2e1be3222e3d
2026-07-10T05:16:31.072503Z,B-like,0.5054449663776445,B-like,C-like,C-like,C-like,Quiet,C-like,B-like,40.45091426183034,0.48172800689822803,0.5054449663776445,LOW,1418,32f1baed-aeeb-4005-9656-919fe8dbaaa7
2026-07-10T05:17:30.037748Z,B-like,0.5186564088193226,B-like,C-like,C-like,C-like,Quiet,C-like,B-like,43.083428121364705,0.47669481564467164,0.5186564088193226,LOW,697,318ce529-4ebb-453e-8d19-a8473b646d68
2026-07-10T05:18:30.795118Z,B-like,0.5398807426482779,B-like,C-like,C-like,C-like,Quiet,C-like,B-like,42.13425822343439,0.4774463412691799,0.5398807426482779,LOW,1122,fa5fc368-fb57-4933-a92d-045730e682f9
2026-07-10T05:19:30.429934Z,B-like,0.5415723539871244,B-like,C-like,C-like,C-like,Quiet,C-like,B-like,43.26369318985003,0.4725572684314088,0.5415723539871244,LOW,1102,9fefc40d-e11a-4df0-bdcd-5fbba837f1bf
2026-07-10T05:20:30.641937Z,B-like,0.5401171596565719,B-like,C-like,C-like,C-like,Quiet,C-like,B-like,43.920251626422186,0.45617138302431615,0.5401171596565719,LOW,988,2ed437a9-78f1-4889-927f-e56b35391482
2026-07-10T05:20:46.937601Z,B-like,0.5018429382092894,B-like,C-like,C-like,C-like,Quiet,C-like,B-like,39.92026869091298,0.4708794545546861,0.5018429382092894,LOW,1775,254060e2-8d18-462e-ac5e-d6aec4a534e7
2026-07-10T05:20:51.191266Z,B-like,0.503652771614676,B-like,C-like,C-like,C-like,Quiet,C-like,B-like,40.18936891918465,0.470907468923766,0.503652771614676,LOW,758,7a7060e3-2f5a-4f38-b971-fc404197e87a
2026-07-10T05:21:01.138532Z,B-like,0.4919408346799407,B-like,C-like,C-like,C-like,Quiet,C-like,B-like,40.52103870526917,0.4788502754357601,0.4919408346799407,LOW,708,3cba49fd-5887-4892-9509-798c673d8634
2026-07-10T05:21:11.190200Z,B-like,0.506102161686757,B-like,C-like,C-like,C-like,Quiet,C-like,B-like,40.617467602193265,0.46462647068039475,0.506102161686757,LOW,759,37d78300-cffe-4cd1-bdfa-0eedde5da9ba
2026-07-10T05:21:22.218185Z,B-like,0.5108063452257031,B-like,C-like,C-like,C-like,Quiet,C-like,B-like,42.30784259924652,0.48539087450234986,0.5108063452257031,LOW,901,6aac0894-65f9-4a9a-8f95-d77b09617c4d
2026-07-10T05:21:32.092124Z,B-like,0.5048797678533917,B-like,C-like,C-like,C-like,Quiet,C-like,B-like,42.79486906356472,0.4313808119184966,0.5048797678533917,LOW,775,3c96c98c-a0ae-44c8-a4c7-5c674b27c3f0
2026-07-10T05:21:41.461135Z,B-like,0.5251605632462546,B-like,C-like,C-like,C-like,Quiet,C-like,B-like,43.010196411938686,0.44600592964427455,0.5251605632462546,LOW,810,433a1a18-88a4-4351-9f58-3191f6ed0a02
2026-07-10T05:21:51.158740Z,B-like,0.4786281837890705,B-like,C-like,C-like,C-like,Quiet,C-like,B-like,39.442357224955344,0.43810200666305094,0.4786281837890705,LOW,726,4a084bf7-d61a-4483-8d79-196a86c6faf6
2026-07-10T05:22:01.139932Z,B-like,0.5179062495879461,B-like,C-like,C-like,C-like,Quiet,C-like,B-like,40.142013426965086,0.4312066230762031,0.5179062495879461,LOW,706,5555e0b9-d0d2-4ba5-af1c-0ff63a57dade
2026-07-10T05:22:11.056381Z,B-like,0.5226112727047323,B-like,C-like,C-like,C-like,Quiet,C-like,B-like,40.41557348423229,0.4441215594614287,0.5226112727047323,LOW,624,69c61c8e-0ccf-493a-8c8f-1ef2e3898f48
2026-07-10T05:22:21.227917Z,B-like,0.5080660643600793,B-like,C-like,C-like,C-like,Quiet,C-like,B-like,39.89824982521012,0.4862764029944144,0.5080660643600793,LOW,797,f0017f1a-a08b-4b15-a988-aac403bd6850
2026-07-10T05:22:31.149855Z,B-like,0.5290691189540397,B-like,C-like,C-like,C-like,Quiet,C-like,B-like,42.9550447254514,0.4568066777034361,0.5290691189540397,LOW,718,0d3c8e5f-2a97-4109-ae5a-d50ce081f131
2026-07-10T05:22:41.411530Z,B-like,0.529816147284073,B-like,C-like,C-like,C-like,Quiet,C-like,B-like,41.21244904710845,0.48177117089096494,0.529816147284073,LOW,980,f5b72280-2fdd-44e2-a0dd-fbcef6f15db9
2026-07-10T05:22:52.927731Z,B-like,0.4833917954297654,B-like,C-like,C-like,C-like,Quiet,C-like,B-like,39.45864046429809,0.4587274983062934,0.4833917954297654,LOW,2494,bfce57d9-3ed4-40bd-b318-418bbbfef94d
2026-07-10T05:23:01.670144Z,B-like,0.5160784664901625,B-like,C-like,C-like,C-like,Quiet,C-like,B-like,40.67347105056221,0.46199331329060084,0.5160784664901625,LOW,1237,da25fd95-d654-43e6-89e3-bd4a0c7bbb12
2026-07-10T05:23:11.815163Z,B-like,0.5433297118244185,B-like,C-like,C-like,C-like,Quiet,C-like,B-like,44.22905723033864,0.4578120324087714,0.5433297118244185,LOW,1382,5fed9522-fc89-436e-af13-9e856f654373
2026-07-10T05:23:22.272988Z,B-like,0.5164715282719384,B-like,C-like,C-like,C-like,Quiet,C-like,B-like,42.14337941076816,0.47117804947011127,0.5164715282719384,LOW,1841,d7629ac8-1eea-41a4-8fb8-c54263664e71
2026-07-10T05:23:31.646164Z,B-like,0.5234551381599477,B-like,C-like,C-like,C-like,Quiet,C-like,B-like,40.538278939892,0.44489568228802656,0.5234551381599477,LOW,1198,f7d0ef28-d9fb-41ad-be7e-34674875a300
2026-07-10T05:23:42.225359Z,B-like,0.49113127135574003,B-like,C-like,C-like,C-like,Quiet,C-like,B-like,44.27446780479579,0.4456284738980749,0.49113127135574003,LOW,1792,a9a24cb2-a5a3-4e46-abe1-61d9466b6ea7
2026-07-10T05:23:51.365832Z,B-like,0.5096483082817123,B-like,C-like,C-like,C-like,Quiet,C-like,B-like,43.43602884097308,0.43353428658970794,0.5096483082817123,LOW,932,222fb160-09a9-4c75-bf44-518001f9a1d1
2026-07-10T05:24:01.223824Z,B-like,0.5107926049458232,B-like,C-like,C-like,C-like,Quiet,C-like,B-like,42.228079995370415,0.45014740281805427,0.5107926049458232,LOW,790,2206b0f4-27db-4fe4-b74e-9db1f084cc3e
2026-07-10T05:24:11.381025Z,B-like,0.5202899510126903,B-like,C-like,C-like,C-like,Quiet,C-like,B-like,41.23155771831687,0.46822725684642047,0.5202899510126903,LOW,950,13279f2d-b5b5-4c3b-b6c9-88d122fd7b0c
2026-07-10T05:24:21.688596Z,B-like,0.5259315304404857,B-like,C-like,C-like,C-like,Quiet,C-like,B-like,39.29867559329894,0.48732605759818015,0.5259315304404857,LOW,1248,63c836b8-0b84-49d6-8c83-ed199254cb4d
2026-07-10T05:24:31.363868Z,B-like,0.5067598121299878,B-like,C-like,C-like,C-like,Quiet,C-like,B-like,42.726303475531,0.44766029491298875,0.5067598121299878,LOW,932,96775dca-dbe3-4099-8ba6-18e15bb401e0
2026-07-10T05:24:41.881971Z,B-like,0.5212168094376434,B-like,C-like,C-like,C-like,Quiet,C-like,B-like,44.07917603695029,0.4441996789547469,0.5212168094376434,LOW,1451,bfaf268c-0034-44b5-9dbd-3c95ddb97d78
2026-07-10T05:24:51.279480Z,B-like,0.5435825366553373,B-like,C-like,C-like,C-like,Quiet,C-like,B-like,42.85376110286355,0.4355194244452032,0.5435825366553373,LOW,848,c7b625d7-d7d6-4634-bd82-db9299021ae5
2026-07-10T05:25:02.094827Z,B-like,0.5085457772984309,B-like,C-like,C-like,C-like,Quiet,C-like,B-like,40.70056636927036,0.47856857501081795,0.5085457772984309,LOW,778,5f60d889-5e2a-464b-a0ed-19e88760a5dd
2026-07-10T05:25:12.154811Z,B-like,0.5357117562850997,B-like,C-like,C-like,C-like,Quiet,C-like,B-like,42.8606178577659,0.4558535718947735,0.5357117562850997,LOW,836,0e477a48-3e47-4e1f-9a2b-8457f85ff1b8
2026-07-10T05:25:22.040308Z,B-like,0.5268164661006579,B-like,C-like,C-like,C-like,Quiet,C-like,B-like,40.88946740017798,0.43695087348423806,0.5268164661006579,LOW,718,23b0845b-0545-48c8-8afe-c1446bc7d513
2026-07-10T05:25:32.110339Z,B-like,0.5212396590365057,B-like,C-like,C-like,C-like,Quiet,C-like,B-like,41.868823458507556,0.44739953559856044,0.5212396590365057,LOW,789,00ff3e0b-0c66-42c8-ae93-6969e538b934
2026-07-10T05:25:42.193097Z,B-like,0.5399064840989787,B-like,C-like,C-like,C-like,Quiet,C-like,B-like,42.836389178117145,0.4598390191866213,0.5399064840989787,LOW,870,359001f2-0fc2-405a-ae05-d22a4886bbba
2026-07-10T05:25:52.131136Z,B-like,0.5123996587736331,B-like,C-like,C-like,C-like,Quiet,C-like,B-like,41.149512097275064,0.46602997449038525,0.5123996587736331,LOW,816,4c04f2af-a3f8-4a89-b9ee-116b9084b4b8
2026-07-10T05:26:30.308727Z,B-like,0.4951009974165295,B-like,C-like,C-like,C-like,Quiet,C-like,B-like,41.327023445656984,0.4431059856659199,0.4951009974165295,LOW,908,a55a34bb-072e-4dc9-a466-3927eb857aaf
2026-07-10T05:27:30.433084Z,B-like,0.53465721578066,B-like,C-like,C-like,C-like,Quiet,C-like,B-like,42.849421490557106,0.45546994906365795,0.53465721578066,LOW,1057,71436091-21f7-4468-afee-135ab31d2a3e
2026-07-10T05:28:03.271823Z,B-like,0.5363283566532034,B-like,C-like,C-like,C-like,Quiet,C-like,B-like,43.10932350295186,0.441369426948294,0.5363283566532034,LOW,2041,37f19182-36d3-4b20-9351-16ae2d831aab
2026-07-10T05:28:12.260006Z,B-like,0.49364626990847843,B-like,C-like,C-like,C-like,Quiet,C-like,B-like,41.05769670532895,0.4716728124201106,0.49364626990847843,LOW,1827,9491f5e2-e562-437b-9f32-07a7f503f9f8
2026-07-10T05:28:21.907552Z,B-like,0.5097260108143017,B-like,C-like,C-like,C-like,Quiet,C-like,B-like,41.60451654174841,0.4320674374542078,0.5097260108143017,LOW,1466,ae7a6e82-9e9e-4567-b457-9a911f892bb4
2026-07-10T05:28:32.383329Z,B-like,0.5002536648108139,B-like,C-like,C-like,C-like,Quiet,C-like,B-like,42.24952420974146,0.45615376413054687,0.5002536648108139,LOW,1942,a55b8d0d-0db6-4688-85de-f273731e322d
2026-07-10T05:28:42.099566Z,B-like,0.49512399067306057,B-like,C-like,C-like,C-like,Quiet,C-like,B-like,39.52325828796089,0.46163423638994666,0.49512399067306057,LOW,773,fe0afd51-583c-4373-a00c-c6be84284bba
2026-07-10T05:28:52.158956Z,B-like,0.518254112452193,B-like,C-like,C-like,C-like,Quiet,C-like,B-like,43.404879522603586,0.45771197954980986,0.518254112452193,LOW,842,35c83acf-f351-41fa-9669-e5a32036a6ff
2026-07-10T05:29:02.042434Z,B-like,0.4941934819006065,B-like,C-like,C-like,C-like,Quiet,C-like,B-like,40.020283686733876,0.44046021923794526,0.4941934819006065,LOW,731,6ef76a9a-bcc3-48ba-a48c-d988f6e1cc63
2026-07-10T05:29:12.185447Z,B-like,0.5412820977895921,B-like,C-like,C-like,C-like,Quiet,C-like,B-like,43.36706496734217,0.4817787647126793,0.5412820977895921,LOW,870,f40722ee-2b83-456b-8481-0f40da3d6ebf
2026-07-10T05:29:22.153672Z,B-like,0.5137157288571662,B-like,C-like,C-like,C-like,Quiet,C-like,B-like,39.543645487671505,0.4590930182445822,0.5137157288571662,LOW,836,0e698410-7b51-411d-8666-c02d02c51bcf
2026-07-10T05:29:32.124546Z,B-like,0.532945049364734,B-like,C-like,C-like,C-like,Quiet,C-like,B-like,39.67759338270363,0.46219477703559914,0.532945049364734,LOW,1099,4e4bbe76-8bbc-4b03-979f-4af2e66cd9a2
2026-07-10T05:29:41.627872Z,B-like,0.4904494784148453,B-like,C-like,C-like,C-like,Quiet,C-like,B-like,43.64602617033211,0.4606342324973567,0.4904494784148453,LOW,1195,2744d917-af72-4835-b83c-dc71125bc251
2026-07-10T05:29:52.059101Z,B-like,0.48471823588064405,B-like,C-like,C-like,C-like,Quiet,C-like,B-like,39.87441799143875,0.46986768535395323,0.48471823588064405,LOW,735,50be680e-db89-452a-81e6-e2fa63d7dc6e
2026-07-10T05:30:02.078078Z,B-like,0.5305350956897003,B-like,C-like,C-like,C-like,Quiet,C-like,B-like,42.541626775054155,0.4751743901036478,0.5305350956897003,LOW,753,7870eb08-b0d2-4241-b7de-185a56e87da8
2026-07-10T05:30:12.227729Z,B-like,0.5338634923274894,B-like,C-like,C-like,C-like,Quiet,C-like,B-like,42.10936740309402,0.4713160646859218,0.5338634923274894,LOW,915,31c74be0-6815-46d9-baf3-e1eba9cd4c25
2026-07-10T05:30:22.078337Z,B-like,0.5177210625984701,B-like,C-like,C-like,C-like,Quiet,C-like,B-like,41.493408620682175,0.45634970837151756,0.5177210625984701,LOW,755,7b39f1e5-704d-4b05-944f-54e24d734a0c
2026-07-10T05:30:32.033137Z,B-like,0.5237119914785626,B-like,C-like,C-like,C-like,Quiet,C-like,B-like,42.0851697475197,0.4626490906302162,0.5237119914785626,LOW,715,6f66ed3a-6e94-4ace-abbb-457bac8bfb7b
2026-07-10T05:31:30.269563Z,B-like,0.5016119551601876,B-like,C-like,C-like,C-like,Quiet,C-like,B-like,40.853434347733824,0.4845742101830465,0.5016119551601876,LOW,1106,7e0f5a41-1661-43d2-af6c-1764c9136ddd
2026-07-10T05:31:32.796154Z,B-like,0.49980374349782475,B-like,C-like,C-like,C-like,Quiet,C-like,B-like,43.570690652887286,0.47914315561757176,0.49980374349782475,LOW,2342,4490d04b-b5c7-4cf0-beb2-6194adf8adf4
2026-07-10T05:31:42.276028Z,B-like,0.4892521099594275,B-like,C-like,C-like,C-like,Quiet,C-like,B-like,42.05568215505552,0.4779900243039483,0.4892521099594275,LOW,940,844cfaad-47a8-4b84-a649-b1eba0dc0074
2026-07-10T05:31:52.515026Z,B-like,0.5234718549672774,B-like,C-like,C-like,C-like,Quiet,C-like,B-like,40.24366968092769,0.4815864631491774,0.5234718549672774,LOW,1203,a163c317-2aad-4602-8d40-0ec57fc7ae71
2026-07-10T05:32:02.464868Z,B-like,0.5102221141592138,B-like,C-like,C-like,C-like,Quiet,C-like,B-like,40.834262644232304,0.44320052368836654,0.5102221141592138,LOW,1154,653a14ec-684a-4677-b09a-ea19668be600
2026-07-10T05:32:12.811714Z,B-like,0.5290837872811269,B-like,C-like,C-like,C-like,Quiet,C-like,B-like,40.48319490874695,0.4850164619697919,0.5290837872811269,LOW,588,acd2ae6b-336a-4402-b0b2-2cfa83b73dcf
2026-07-10T05:32:34.836176Z,B-like,0.5067803375476619,B-like,C-like,C-like,C-like,Quiet,C-like,B-like,40.36420277415578,0.45435639433559627,0.5067803375476619,LOW,2831,8c39a1fc-5cc1-42c2-942c-ad7ee01213c0
2026-07-10T05:33:26.681381Z,B-like,0.5319506911417476,B-like,C-like,C-like,C-like,Quiet,C-like,B-like,43.083937178920344,0.4440736468683678,0.5319506911417476,LOW,1003,52f1a2be-c8d8-48b4-b136-d79058525d3e
2026-07-10T05:56:11.799212Z,B-like,0.5179369925559196,B-like,C-like,C-like,C-like,Quiet,C-like,B-like,42.34161354787241,0.4385880858778867,0.5179369925559196,LOW,8645,e8c004ca-7f70-4196-92b3-11cb2c280fd9
2026-07-10T05:56:19.851642Z,B-like,0.48426044056436723,B-like,C-like,C-like,C-like,Quiet,C-like,B-like,39.66976850212146,0.43132937044526193,0.48426044056436723,LOW,7954,73344006-d739-4617-b5ae-a560e35c66d5
2026-07-10T05:56:32.899287Z,B-like,0.4875931876091744,B-like,C-like,C-like,C-like,Quiet,C-like,B-like,40.2953910556312,0.4545398890925523,0.4875931876091744,LOW,952,e86528b7-4e72-4dfc-94ab-bada5615fb24
2026-07-10T05:56:45.943450Z,B-like,0.5207313055335263,B-like,C-like,C-like,C-like,Quiet,C-like,B-like,43.30817427464622,0.4663376159844976,0.5207313055335263,LOW,1547,d58517b7-cc0b-42a5-b67b-ca7cced6dc68
2026-07-10T05:56:51.535865Z,B-like,0.49527532999729496,B-like,C-like,C-like,C-like,Quiet,C-like,B-like,41.192775629930665,0.4509890695322385,0.49527532999729496,LOW,1460,c167c3ec-4468-426c-93a4-1b762c31ba2b
2026-07-10T05:56:59.013181Z,B-like,0.5344581479747421,B-like,C-like,C-like,C-like,Quiet,C-like,B-like,42.400426103224596,0.44498658032618565,0.5344581479747421,LOW,1281,ea59e7e5-19ec-46e5-9ddc-5ff01c541dcf
2026-07-10T05:57:30.413651Z,B-like,0.4964917202946964,B-like,C-like,C-like,C-like,Quiet,C-like,B-like,44.250210917115,0.46142739227167523,0.4964917202946964,LOW,1058,f63a3abd-8a99-4d5d-ae85-c93924d04981
2026-07-10T05:58:30.831577Z,B-like,0.537910775546657,B-like,C-like,C-like,C-like,Quiet,C-like,B-like,43.1362622894484,0.48721525092174117,0.537910775546657,LOW,1163,726095bf-3700-43ae-a968-0091361a1ff3
2026-07-10T05:59:30.277802Z,B-like,0.5133261565432877,B-like,C-like,C-like,C-like,Quiet,C-like,B-like,41.96864268162513,0.4816536382446198,0.5133261565432877,LOW,957,4ce0031d-48fe-490b-a15b-47da52dd65a8
2026-07-10T06:00:30.948437Z,B-like,0.5177450631332626,B-like,C-like,C-like,C-like,Quiet,C-like,B-like,39.737294486040696,0.43240130733024773,0.5177450631332626,LOW,1303,c29b0a62-b9b0-4f91-9b3a-1c3099d0032d
2026-07-10T06:01:30.287215Z,B-like,0.5397384177620927,B-like,C-like,C-like,C-like,Quiet,C-like,B-like,44.26954085681634,0.45046866254439694,0.5397384177620927,LOW,936,3b5a28a0-caab-4f9a-a799-c0e31e654a0a
2026-07-10T06:02:31.413746Z,B-like,0.5038490510397051,B-like,C-like,C-like,C-like,Quiet,C-like,B-like,43.73514127228404,0.4464820893247976,0.5038490510397051,LOW,1780,67967648-a891-49f5-833c-0536981719ed
2026-07-10T06:03:29.942906Z,B-like,0.5020191355089089,B-like,C-like,C-like,C-like,Quiet,C-like,B-like,39.494418070533214,0.46528870634483765,0.5020191355089089,LOW,633,d4143219-c219-46b1-a15f-2c0c61d42950
2026-07-10T06:04:30.756397Z,B-like,0.531554628612768,B-like,C-like,C-like,C-like,Quiet,C-like,B-like,39.942496368008634,0.43001422175316106,0.531554628612768,LOW,1135,17fcc7b8-e27e-4fba-84be-9f7ddc91a4b8
2026-07-10T06:05:30.714402Z,B-like,0.5072390184272771,B-like,C-like,C-like,C-like,Quiet,C-like,B-like,41.52582884662547,0.4505339065041259,0.5072390184272771,LOW,1398,c48f2ac9-a68b-4f2f-9975-bb7ea95790cc
2026-07-10T06:06:31.172661Z,B-like,0.5044940554313465,B-like,C-like,C-like,C-like,Quiet,C-like,B-like,40.45303388213442,0.43274550568776066,0.5044940554313465,LOW,1513,d20d4941-e525-4696-8a78-6c73cea752c1
2026-07-10T06:07:30.318479Z,B-like,0.5077853806097986,B-like,C-like,C-like,C-like,Quiet,C-like,B-like,42.24575205995468,0.4660741855562964,0.5077853806097986,LOW,987,6573d875-79f9-4233-8038-a71a6c65515c
2026-07-10T06:08:30.656690Z,B-like,0.5066950689384888,B-like,C-like,C-like,C-like,Quiet,C-like,B-like,40.46684257078164,0.4637128323828835,0.5066950689384888,LOW,1031,7caa8ef6-b277-4a4a-818d-d945088dd4a4
2026-07-10T06:09:31.570783Z,B-like,0.49039166369115866,B-like,C-like,C-like,C-like,Quiet,C-like,B-like,42.454452603914234,0.48007912389402035,0.49039166369115866,LOW,2254,b238cd94-b56e-49f5-8b0d-9e189c6d8b03
2026-07-10T06:10:30.781385Z,B-like,0.497895279572907,B-like,C-like,C-like,C-like,Quiet,C-like,B-like,40.75752137790993,0.4347433797959932,0.497895279572907,LOW,1112,5efdf4d5-b589-4038-a743-3f477e689cc5
2026-07-10T06:11:30.327332Z,B-like,0.513203351723718,B-like,C-like,C-like,C-like,Quiet,C-like,B-like,42.35546151023957,0.48161368193632187,0.513203351723718,LOW,1001,3ae315a0-bfa8-459e-9f1d-6b24b21c2724
2026-07-10T06:12:30.686913Z,B-like,0.5272400214051651,B-like,C-like,C-like,C-like,Quiet,C-like,B-like,43.271481604969196,0.45656457730193006,0.5272400214051651,LOW,1043,411569f9-7157-4614-aa49-3240a44552df
2026-07-10T06:13:30.948195Z,B-like,0.48485452844844196,B-like,C-like,C-like,C-like,Quiet,C-like,B-like,40.08605282778102,0.4395258398871517,0.48485452844844196,LOW,1632,e5497a81-fa33-4bba-ba38-b2b52102e3be
2026-07-10T06:14:30.719989Z,B-like,0.531661010189123,B-like,C-like,C-like,C-like,Quiet,C-like,B-like,41.96726048745568,0.43918871818209965,0.531661010189123,LOW,1074,e68c445f-227f-4431-b8f4-b06e82537995
2026-07-10T06:15:30.330097Z,B-like,0.5325350101926681,B-like,C-like,C-like,C-like,Quiet,C-like,B-like,42.78800370608873,0.4415863926981828,0.5325350101926681,LOW,989,2d32aac2-7920-4154-8cd8-910fde246a2a
2026-07-10T06:16:30.858685Z,B-like,0.5253207364780325,B-like,C-like,C-like,C-like,Quiet,C-like,B-like,41.816429639186836,0.4460725672223279,0.5253207364780325,LOW,1220,2d398d98-913e-4201-a800-e0fc3c5b2d97
2026-07-10T06:16:46.663241Z,B-like,0.5096270455034686,B-like,C-like,C-like,C-like,Quiet,C-like,B-like,40.075612205707536,0.447017642489902,0.5096270455034686,LOW,3257,f0fd3112-b071-452e-aa03-d3721211bfe2
2026-07-10T06:16:48.819887Z,B-like,0.5389514252805577,B-like,C-like,C-like,C-like,Quiet,C-like,B-like,40.771604163073576,0.4450677275638866,0.5389514252805577,LOW,2046,0e39a0a9-1090-4b19-9920-428c43e7fbe5
2026-07-10T06:16:56.176496Z,B-like,0.4965513939678365,B-like,C-like,C-like,C-like,Quiet,C-like,B-like,41.81525469749105,0.4615505273608236,0.4965513939678365,LOW,1871,88a460ce-8392-4099-bd3f-9dfcc599a5c1
2026-07-10T06:17:05.387368Z,B-like,0.5283305179592629,B-like,C-like,C-like,C-like,Quiet,C-like,B-like,41.78729651168017,0.46162907222744765,0.5283305179592629,LOW,1080,946cba74-64e2-4e52-985e-9b5004b45e43
2026-07-10T06:17:15.327865Z,B-like,0.5410727613009629,B-like,C-like,C-like,C-like,Quiet,C-like,B-like,42.88810007434924,0.4537397116554014,0.5410727613009629,LOW,1021,d927f8c4-6919-4ed1-9382-977cbe6223a0
2026-07-10T06:17:26.123708Z,B-like,0.5360576093653635,B-like,C-like,C-like,C-like,Quiet,C-like,B-like,42.10968835561793,0.4774159204263355,0.5360576093653635,LOW,1817,8000a0e8-7ef1-4ff8-9cfe-0891d5e66ffe
2026-07-10T06:17:36.549095Z,B-like,0.49287020249540653,B-like,C-like,C-like,C-like,Quiet,C-like,B-like,41.763598003411005,0.4284196038704949,0.49287020249540653,LOW,1339,4eef8b61-dfd1-47af-b26b-cb72308e98b5
2026-07-10T06:17:45.452308Z,B-like,0.4992036861425397,B-like,C-like,C-like,C-like,Quiet,C-like,B-like,43.81568431219832,0.4781995365311444,0.4992036861425397,LOW,1039,78d78527-0bbb-44ec-a8eb-7a5aea38b454
2026-07-10T06:17:56.373470Z,B-like,0.48118165302847904,B-like,C-like,C-like,C-like,Quiet,C-like,B-like,40.776589178953955,0.4690285593468953,0.48118165302847904,LOW,1120,772db83e-40d9-483c-98df-5dbe2ab3021f
2026-07-10T06:18:06.054499Z,B-like,0.5038859364814678,B-like,C-like,C-like,C-like,Quiet,C-like,B-like,42.96801564870016,0.4600562304902447,0.5038859364814678,LOW,1679,b4f8d835-a210-40ad-8e85-f9b641819953
2026-07-10T06:18:16.176493Z,B-like,0.5092567755823831,B-like,C-like,C-like,C-like,Quiet,C-like,B-like,41.90248289170047,0.47907308517293506,0.5092567755823831,LOW,1525,84000ef5-c109-41f7-b6de-ff0e22e2fd76
2026-07-10T06:18:25.651220Z,B-like,0.5254059598432625,B-like,C-like,C-like,C-like,Quiet,C-like,B-like,40.85715427645653,0.44775185941275514,0.5254059598432625,LOW,1259,a1d4d1af-ab59-43bc-84cd-bb649f428a87
2026-07-10T06:19:07.263450Z,B-like,0.5022580075511188,B-like,C-like,C-like,C-like,Quiet,C-like,B-like,41.76962183796312,0.4586794212069019,0.5022580075511188,LOW,2064,ac7d5764-a79f-41d7-b434-c237e2c7e0e3
2026-07-10T06:19:16.447134Z,B-like,0.5167782098404862,B-like,C-like,C-like,C-like,Quiet,C-like,B-like,40.512041545306836,0.4661848476150108,0.5167782098404862,LOW,2113,15dd08ee-1a66-4b14-9d17-60f05bf05a30
2026-07-10T06:19:26.054269Z,B-like,0.5171603071277148,B-like,C-like,C-like,C-like,Quiet,C-like,B-like,42.34530056384176,0.46696655270562604,0.5171603071277148,LOW,1747,aa01eff4-2484-4399-9b3e-e5dea80034c1
2026-07-10T06:19:35.990080Z,B-like,0.5233699787081016,B-like,C-like,C-like,C-like,Quiet,C-like,B-like,41.960027444439625,0.44872421910090426,0.5233699787081016,LOW,1675,5a7789a9-ca69-4633-be22-4a2184f02c40
2026-07-10T06:19:45.419358Z,B-like,0.5280714233698061,B-like,C-like,C-like,C-like,Quiet,C-like,B-like,42.941244212656315,0.4553718669056777,0.5280714233698061,LOW,1112,15d4a3a1-b252-42e2-b1ff-c2fc34e81c05
2026-07-10T06:19:56.119155Z,B-like,0.4925924178901011,B-like,C-like,C-like,C-like,Quiet,C-like,B-like,44.10275321650161,0.46213528917222463,0.4925924178901011,LOW,1817,065ade00-5eb5-47a8-a016-84ff82595d13
2026-07-10T06:20:05.481857Z,B-like,0.5073372921246716,B-like,C-like,C-like,C-like,Quiet,C-like,B-like,42.08182406755783,0.46357253988191405,0.5073372921246716,LOW,1177,6cd5124b-37b7-4f3a-a613-072d11cf3736
2026-07-10T06:20:15.826635Z,B-like,0.5224925943566742,B-like,C-like,C-like,C-like,Quiet,C-like,B-like,43.23423787293085,0.45181223949897853,0.5224925943566742,LOW,1277,4c6eb56f-ff15-4437-ba1f-2c1cddcc9a81
2026-07-10T06:20:27.521969Z,B-like,0.5221462648188725,B-like,C-like,C-like,C-like,Quiet,C-like,B-like,42.65095752163108,0.45008131083881003,0.5221462648188725,LOW,1693,e10f0c2e-0e70-487e-bea8-2a953247c4ee
2026-07-10T06:20:35.784254Z,B-like,0.5105715123189477,B-like,C-like,C-like,C-like,Quiet,C-like,B-like,43.6739960589786,0.487515279557352,0.5105715123189477,LOW,1242,88fcbeed-eb60-4e19-9617-b4590bcaac1a
2026-07-10T06:20:46.734970Z,B-like,0.4926476817596975,B-like,C-like,C-like,C-like,Quiet,C-like,B-like,39.851312700643724,0.47415469355509443,0.4926476817596975,LOW,1029,682cef3d-bb12-4ade-a562-6fef42f16078
2026-07-10T06:20:56.644303Z,B-like,0.5161209759766333,B-like,C-like,C-like,C-like,Quiet,C-like,B-like,41.40653127375816,0.4851022629166877,0.5161209759766333,LOW,741,24d6bf32-b3ea-4b77-9407-e92f1d4a1a04
2026-07-10T06:21:05.470996Z,B-like,0.5365726739558969,B-like,C-like,C-like,C-like,Quiet,C-like,B-like,42.284126087421775,0.45081338719510067,0.5365726739558969,LOW,1107,ebd4a452-46dd-40ff-ae65-13120fd45dc7
2026-07-10T06:21:30.269908Z,B-like,0.5164301539668755,B-like,C-like,C-like,C-like,Quiet,C-like,B-like,39.54119100947939,0.4580756785846453,0.5164301539668755,LOW,908,a0a0a32d-e4b1-45f9-adc3-85760aaac279
2026-07-10T06:22:30.925829Z,B-like,0.5465677454934177,B-like,C-like,C-like,C-like,Quiet,C-like,B-like,43.42713299757545,0.4355062888629786,0.5465677454934177,LOW,1496,fdf13033-ba02-4466-bad4-0d9a0edd0a35
2026-07-10T06:23:30.529805Z,B-like,0.48420319022113156,B-like,C-like,C-like,C-like,Quiet,C-like,B-like,41.94049592275904,0.4776711158182041,0.48420319022113156,LOW,684,bde782aa-b711-4b71-9715-a14258c01da8
2026-07-10T06:24:30.247238Z,B-like,0.5185421977181087,B-like,C-like,C-like,C-like,Quiet,C-like,B-like,42.48485795079583,0.4845887768388972,0.5185421977181087,LOW,906,8a0fa752-ff4f-420c-bec6-52a5449300e7
2026-07-10T06:25:31.272655Z,B-like,0.521358013332553,B-like,C-like,C-like,C-like,Quiet,C-like,B-like,39.32417487820358,0.46847912958842475,0.521358013332553,LOW,1293,96be6e98-4bc5-4a4d-81a8-82478c1a973e
2026-07-10T06:26:30.203231Z,B-like,0.534738364736275,B-like,C-like,C-like,C-like,Quiet,C-like,B-like,40.804755761282465,0.48353755868531795,0.534738364736275,LOW,851,a8ec24f5-2bc2-42a8-818a-e057fed85b6c
2026-07-10T06:27:30.181179Z,B-like,0.4776495067015803,B-like,C-like,C-like,C-like,Quiet,C-like,B-like,39.80713630064671,0.43340320831009754,0.4776495067015803,LOW,835,20a0b747-1476-4e1a-9500-c64aa6269b53
2026-07-10T06:28:30.368284Z,B-like,0.5142440753716774,B-like,C-like,C-like,C-like,Quiet,C-like,B-like,43.48181961784262,0.44132269000991314,0.5142440753716774,LOW,946,a9e1585e-97f5-40e0-a52f-dc003c2abb91
2026-07-10T06:29:30.027768Z,B-like,0.48344718365911293,B-like,C-like,C-like,C-like,Quiet,C-like,B-like,42.07315022355837,0.44608432565673284,0.48344718365911293,LOW,678,aa3a6669-6f6d-4ed0-ab24-7a1a18acd44d
2026-07-10T06:30:30.229360Z,B-like,0.5269961351500612,B-like,C-like,C-like,C-like,Quiet,C-like,B-like,39.46386450405102,0.4795064019148012,0.5269961351500612,LOW,872,96785a02-6028-4084-bea9-6c6410c550df
2026-07-10T06:31:30.283307Z,B-like,0.5460671286551037,B-like,C-like,C-like,C-like,Quiet,C-like,B-like,43.66405978710962,0.4402912368335199,0.5460671286551037,LOW,848,4a47c195-5724-4977-b1f9-0f33be3d07f0
2026-07-10T06:32:30.151479Z,B-like,0.503032536209424,B-like,C-like,C-like,C-like,Quiet,C-like,B-like,42.133104436512,0.4441039173630104,0.503032536209424,LOW,795,e4020f16-1681-421b-8959-b2154b46fde2
2026-07-10T06:34:43.459005Z,B-like,0.4871634135975082,B-like,C-like,C-like,C-like,Quiet,C-like,B-like,41.51011010878047,0.462289112914274,0.4871634135975082,LOW,5900,7d000cf3-739c-43fd-b421-1a714458d2c1
2026-07-10T06:35:30.183448Z,B-like,0.48784559636666847,B-like,C-like,C-like,C-like,Quiet,C-like,B-like,41.02453473574426,0.4658734058870628,0.48784559636666847,LOW,814,be56306d-7e52-4a91-8bca-30c0e88507b9
2026-07-10T06:35:38.431766Z,B-like,0.5171682137784612,B-like,C-like,C-like,C-like,Quiet,C-like,B-like,43.093252749833525,0.43451636830768525,0.5171682137784612,LOW,1456,0f042e6f-3d42-45ee-aaa6-000326d959ad
2026-07-10T06:35:40.213443Z,B-like,0.5028681030039895,B-like,C-like,C-like,C-like,Quiet,C-like,B-like,43.29438135481643,0.4635816486812089,0.5028681030039895,LOW,1767,fb7f5456-033d-441e-8a06-086feb3ac23d
2026-07-10T06:35:49.828430Z,B-like,0.52587516105991,B-like,C-like,C-like,C-like,Quiet,C-like,B-like,41.70396821212621,0.4358605335144842,0.52587516105991,LOW,1424,d375a5bf-3838-4611-9d6e-7341307a96c6
2026-07-10T06:35:59.956280Z,B-like,0.5196165578477336,B-like,C-like,C-like,C-like,Quiet,C-like,B-like,42.840186301372306,0.4432477964499386,0.5196165578477336,LOW,639,cab35e09-7752-4d9b-b54b-7ba769f6d0eb
2026-07-10T06:36:10.020986Z,B-like,0.5434476043019498,B-like,C-like,C-like,C-like,Quiet,C-like,B-like,43.827205402177185,0.4688183555032397,0.5434476043019498,LOW,699,95efe334-75a1-4e19-9230-26711bd8e904
2026-07-10T06:36:20.001084Z,B-like,0.540054043467762,B-like,C-like,C-like,C-like,Quiet,C-like,B-like,42.68313595011434,0.4379281359018617,0.540054043467762,LOW,680,05bbc86e-f42f-4f95-b127-77b7157f148d
2026-07-10T06:36:29.975808Z,B-like,0.5258775189650069,B-like,C-like,C-like,C-like,Quiet,C-like,B-like,39.30377389256282,0.4838329976113183,0.5258775189650069,LOW,660,73db6274-005b-4dd6-a388-54614d42659e
2026-07-10T06:36:40.117952Z,B-like,0.5111766249475149,B-like,C-like,C-like,C-like,Quiet,C-like,B-like,40.98130991907963,0.4744632991795832,0.5111766249475149,LOW,794,d572b7ab-d54d-4a8c-b307-d9db1d5503c5
2026-07-10T06:37:30.069917Z,B-like,0.52147211730604,B-like,C-like,C-like,C-like,Quiet,C-like,B-like,43.52194568314399,0.44466785153823424,0.52147211730604,LOW,721,09efaa3e-f09b-4afc-8457-1900d45234d4
2026-07-10T06:38:30.613516Z,B-like,0.4979831806150052,B-like,C-like,C-like,C-like,Quiet,C-like,B-like,39.950228293215936,0.44071597045529426,0.4979831806150052,LOW,972,79d96d6e-077d-4359-9eba-9cd6a76a02c4
2026-07-10T06:39:30.246943Z,B-like,0.5087315180374519,B-like,C-like,C-like,C-like,Quiet,C-like,B-like,41.58179319825322,0.4719476779816526,0.5087315180374519,LOW,905,fe5cc78e-3c60-42dd-8f83-2c946bf1f8c9
2026-07-10T06:39:39.148738Z,B-like,0.5329288177654792,B-like,C-like,C-like,C-like,Quiet,C-like,B-like,42.036284184722845,0.4543395224140603,0.5329288177654792,LOW,749,e052cba1-84b0-4182-b169-f42077fb2d1f
2026-07-10T06:39:49.237758Z,B-like,0.521786319409656,B-like,C-like,C-like,C-like,Quiet,C-like,B-like,41.35046885420107,0.43109409485098205,0.521786319409656,LOW,840,b392a1fb-81da-4b44-bc86-f65d88e8d760
2026-07-10T06:40:03.431203Z,B-like,0.5183871507816473,B-like,C-like,C-like,C-like,Quiet,C-like,B-like,42.90614094607035,0.45910095200239787,0.5183871507816473,LOW,897,8c586b0b-c36a-48a0-92fb-5b46f7cd2d9c
2026-07-10T06:40:14.405189Z,B-like,0.5015990969831535,B-like,C-like,C-like,C-like,Quiet,C-like,B-like,40.43834704004403,0.47077804136858287,0.5015990969831535,LOW,770,070c2425-b9b0-42f3-8a64-a967e75c0876
2026-07-10T06:40:23.986772Z,B-like,0.5279625861269717,B-like,C-like,C-like,C-like,Quiet,C-like,B-like,39.64133080465877,0.46118980949711186,0.5279625861269717,LOW,661,3126e90c-c43f-47e0-ac53-04dd1d0a3343
2026-07-10T06:40:34.385764Z,B-like,0.54312176542031,B-like,C-like,C-like,C-like,Quiet,C-like,B-like,44.22432050516835,0.4476509008585212,0.54312176542031,LOW,749,69df2d9e-ae0e-47b3-8c15-94a535c5167c
2026-07-10T06:40:43.979861Z,B-like,0.5039599737085991,B-like,C-like,C-like,C-like,Quiet,C-like,B-like,42.47772672853591,0.4587951252930752,0.5039599737085991,LOW,670,8b4c7d8c-39ed-4937-8c5a-2667cdb7a69b
2026-07-10T06:40:54.282089Z,B-like,0.49511043872069294,B-like,C-like,C-like,C-like,Quiet,C-like,B-like,39.45214039807482,0.4751115693782871,0.49511043872069294,LOW,646,c77624ad-8d3b-462c-ab55-78a642c54483
2026-07-10T06:41:03.939708Z,B-like,0.5091222479644517,B-like,C-like,C-like,C-like,Quiet,C-like,B-like,41.5084299155234,0.42851654898667785,0.5091222479644517,LOW,620,600de812-e862-47b3-968e-1d65c3c5b3c4
2026-07-10T06:41:25.378630Z,B-like,0.4887070443237217,B-like,C-like,C-like,C-like,Quiet,C-like,B-like,41.474125151084294,0.4472631966609296,0.4887070443237217,LOW,847,84c67f2c-85c2-42c6-b5d5-5e75d70c8e01
2026-07-10T06:41:33.337742Z,B-like,0.5208639401117177,B-like,C-like,C-like,C-like,Quiet,C-like,B-like,41.470611844776286,0.4457264881320771,0.5208639401117177,LOW,802,163434f5-aea4-456b-84f5-77645ca4939b
2026-07-10T06:41:43.111454Z,B-like,0.5270513287986628,B-like,C-like,C-like,C-like,Quiet,C-like,B-like,40.94318790715334,0.4502236361820239,0.5270513287986628,LOW,576,d0a95db8-2f05-49d8-b05a-0fb9f92cc16a
2026-07-10T06:41:53.270836Z,B-like,0.4834884215759231,B-like,C-like,C-like,C-like,Quiet,C-like,B-like,39.446963174709225,0.4660691522361151,0.4834884215759231,LOW,726,8fb96def-5dbb-42b0-8c85-db2c10a6e32c
2026-07-10T06:42:03.170000Z,B-like,0.5298272340535516,B-like,C-like,C-like,C-like,Quiet,C-like,B-like,40.87580984524619,0.44396560621336084,0.5298272340535516,LOW,635,da425f47-9ad6-4ae0-95c6-8f9bb969592a
2026-07-10T06:42:09.814034Z,B-like,0.5289518604525486,B-like,C-like,C-like,C-like,Quiet,C-like,B-like,39.65456175645232,0.4872887417718772,0.5289518604525486,LOW,854,91d224e6-5be7-4a3c-a982-95986d7b2244
2026-07-10T06:42:19.724260Z,B-like,0.5276518149497716,B-like,C-like,C-like,C-like,Quiet,C-like,B-like,40.058597286152235,0.46851108559076676,0.5276518149497716,LOW,760,fb54ec40-ffcc-4f4c-b9ac-ae6b6a01ee85
2026-07-10T06:42:29.542110Z,B-like,0.49910593684406623,B-like,C-like,C-like,C-like,Quiet,C-like,B-like,42.867629601315656,0.45024826610029406,0.49910593684406623,LOW,577,721b95a9-559e-4c25-b248-f2ed17f42a7f
2026-07-10T06:42:39.638694Z,B-like,0.4905190382941167,B-like,C-like,C-like,C-like,Quiet,C-like,B-like,40.36830268591122,0.45859582048902237,0.4905190382941167,LOW,673,b353eef4-e85e-4168-9d6d-f7112d7ea4cc
2026-07-10T06:42:49.689244Z,B-like,0.5385155843844606,B-like,C-like,C-like,C-like,Quiet,C-like,B-like,41.8552801163466,0.4785859014755236,0.5385155843844606,LOW,728,ab27c7bd-70ee-4e94-9430-3f3b5ec259d5
2026-07-10T06:43:00.075544Z,B-like,0.5028241548279951,B-like,C-like,C-like,C-like,Quiet,C-like,B-like,43.5704252196804,0.48765289065724515,0.5028241548279951,LOW,1113,cded7cd8-2328-4275-b8ec-c4251821f6b0
2026-07-10T06:43:09.595083Z,B-like,0.4947792952244692,B-like,C-like,C-like,C-like,Quiet,C-like,B-like,39.777467031828834,0.4422011510697871,0.4947792952244692,LOW,267,551b123a-8629-464a-9ba1-cfbae87852c7
2026-07-10T06:43:19.596687Z,B-like,0.49486303709709845,B-like,C-like,C-like,C-like,Quiet,C-like,B-like,43.01240933345818,0.4779760135140675,0.49486303709709845,LOW,636,60dbb854-9298-4c02-9052-9b52dc09ef45
2026-07-10T06:43:29.651273Z,B-like,0.49918191721995797,B-like,C-like,C-like,C-like,Quiet,C-like,B-like,41.90039131776615,0.4517482628691904,0.49918191721995797,LOW,691,33203efd-9323-4d9e-a602-7eb3cdd09953
2026-07-10T06:43:39.637523Z,B-like,0.527785059236346,B-like,C-like,C-like,C-like,Quiet,C-like,B-like,40.07495782966439,0.4389130001529719,0.527785059236346,LOW,676,516c51b8-c0df-440e-b098-d506172c29f6
2026-07-10T06:43:49.976444Z,B-like,0.5356935730622887,B-like,C-like,C-like,C-like,Quiet,C-like,B-like,42.49228009011668,0.4447195765800866,0.5356935730622887,LOW,650,10c27139-c7ae-4969-8c0c-b3bd5b08e757
2026-07-10T06:43:59.945480Z,B-like,0.5126697353471377,B-like,C-like,C-like,C-like,Quiet,C-like,B-like,42.24926899045746,0.43373046636840584,0.5126697353471377,LOW,622,bb0d591a-34e1-4a68-9499-540e619c4de3
2026-07-10T06:44:09.958551Z,B-like,0.5188585738283821,B-like,C-like,C-like,C-like,Quiet,C-like,B-like,42.2014147341011,0.46611353719257015,0.5188585738283821,LOW,636,e3fc1b38-7aa8-4ed9-8502-3406ca05f073
2026-07-10T06:44:19.905710Z,B-like,0.5153153824222138,B-like,C-like,C-like,C-like,Quiet,C-like,B-like,44.20472737661777,0.43474899998885963,0.5153153824222138,LOW,582,26e160c7-0cc2-4c12-a4ab-b57801d5368d
2026-07-10T06:44:30.030463Z,B-like,0.5176485827505327,B-like,C-like,C-like,C-like,Quiet,C-like,B-like,41.17187805828661,0.46477565581540425,0.5176485827505327,LOW,702,4c598cc9-463b-4781-b4c4-e10f3baec36a
2026-07-10T06:44:40.059914Z,B-like,0.5293326296303188,B-like,C-like,C-like,C-like,Quiet,C-like,B-like,40.018685988872846,0.4841633104104433,0.5293326296303188,LOW,748,8086a9a2-54f5-4053-baf6-9189687f65fc
2026-07-10T06:45:29.939391Z,B-like,0.5364543847465042,B-like,C-like,C-like,C-like,Quiet,C-like,B-like,42.32053991102693,0.46697181457143766,0.5364543847465042,LOW,586,0fd5e427-c271-488b-943d-facf5b29413d
2026-07-10T06:46:30.071276Z,B-like,0.5136835122197377,B-like,C-like,C-like,C-like,Quiet,C-like,B-like,42.22701474144785,0.48227826615569874,0.5136835122197377,LOW,722,83ced49b-7f0f-415e-aa7d-f3e26698632f
2026-07-10T06:47:30.057840Z,B-like,0.5324940400752292,B-like,C-like,C-like,C-like,Quiet,C-like,B-like,40.72187450763019,0.47965311210609635,0.5324940400752292,LOW,711,390804e3-9d74-44bd-b121-feea2b525af2
2026-07-10T06:48:30.017938Z,B-like,0.5083027588109833,B-like,C-like,C-like,C-like,Quiet,C-like,B-like,42.82168503973881,0.4789150150206943,0.5083027588109833,LOW,623,cd8460a5-258d-4b2e-bac4-81ed2425ee40
2026-07-10T06:49:29.961282Z,B-like,0.5157058839578182,B-like,C-like,C-like,C-like,Quiet,C-like,B-like,42.73439699588351,0.45000654851220795,0.5157058839578182,LOW,569,412890fa-dfa8-4422-b9f5-a053a2dfe5d6
2026-07-10T06:50:30.128257Z,B-like,0.5037439154581347,B-like,C-like,C-like,C-like,Quiet,C-like,B-like,42.554640569722714,0.4830546342228003,0.5037439154581347,LOW,724,ca407576-dc4d-4843-84a8-44608ab005db
2026-07-10T06:51:30.108482Z,B-like,0.5275117728950447,B-like,C-like,C-like,C-like,Quiet,C-like,B-like,41.87454338401111,0.4853591121848913,0.5275117728950447,LOW,708,352acb92-914a-4bdf-98fb-189c6c3f33dd
2026-07-10T06:52:30.049027Z,B-like,0.5011527310677161,B-like,C-like,C-like,C-like,Quiet,C-like,B-like,41.960210927293716,0.43822995688227584,0.5011527310677161,LOW,656,eadf090e-a163-456d-9eff-7b506e5a4284
2026-07-10T06:53:30.034624Z,B-like,0.544575650380412,B-like,C-like,C-like,C-like,Quiet,C-like,B-like,42.57689825311171,0.4625511728583473,0.544575650380412,LOW,678,88bee358-fbc6-4352-b9ea-19df7cba0e89
2026-07-10T06:54:26.779458Z,B-like,0.5113058437511341,B-like,C-like,C-like,C-like,Quiet,C-like,B-like,43.42511654932677,0.46864262710535165,0.5113058437511341,LOW,680,2ce4bf83-cd48-4827-b3bc-a415ccc65f76
2026-07-10T06:54:29.522847Z,B-like,0.5309013328556464,B-like,C-like,C-like,C-like,Quiet,C-like,B-like,44.10755322777558,0.45068351793968725,0.5309013328556464,LOW,561,56f6af4d-b75b-4354-94df-bc6bcc946904
2026-07-10T06:54:39.527060Z,B-like,0.5042297079726592,B-like,C-like,C-like,C-like,Quiet,C-like,B-like,40.43195847127204,0.43039448143079606,0.5042297079726592,LOW,566,ef670509-25ff-4dd4-984e-c2d8fd5cc957
2026-07-10T06:54:49.692024Z,B-like,0.5391642938781948,B-like,C-like,C-like,C-like,Quiet,C-like,B-like,43.6849112023012,0.43984573887779094,0.5391642938781948,LOW,731,2a336a0a-59df-41ce-b60f-8b674e8b63b3
2026-07-10T06:55:00.089197Z,B-like,0.5443208318863285,B-like,C-like,C-like,C-like,Quiet,C-like,B-like,43.43449605323184,0.47466763444795623,0.5443208318863285,LOW,766,7e5777d1-d6cf-49fe-b089-6199f96ee3c3
2026-07-10T06:55:09.969505Z,B-like,0.49365874861849285,B-like,C-like,C-like,C-like,Quiet,C-like,B-like,44.152552838893946,0.4331431214039348,0.49365874861849285,LOW,638,e9d9b1a6-d398-4648-b3f0-d2d4e19729cb
2026-07-10T06:55:20.066821Z,B-like,0.4917706275176537,B-like,C-like,C-like,C-like,Quiet,C-like,B-like,44.19210253804176,0.4313691107013308,0.4917706275176537,LOW,754,727c5283-0ce4-4541-9b5a-623c26816ab8
2026-07-10T06:55:30.056117Z,B-like,0.5033282737035161,B-like,C-like,C-like,C-like,Quiet,C-like,B-like,43.13242567817319,0.44921256163128387,0.5033282737035161,LOW,697,192bde84-683a-4b30-9cc5-9a02b816f15b
2026-07-10T06:55:40.107055Z,B-like,0.49503127148446674,B-like,C-like,C-like,C-like,Quiet,C-like,B-like,41.91952312698678,0.46875437364170064,0.49503127148446674,LOW,741,cdbaeb59-5dc0-47a1-949d-ebe2a25ea48f
2026-07-10T06:55:50.338960Z,B-like,0.5036387835751708,B-like,C-like,C-like,C-like,Quiet,C-like,B-like,40.03911282342689,0.4481941400459372,0.5036387835751708,LOW,1015,1214d00a-2f8d-431b-8eba-90c4cb78deec
2026-07-10T06:56:30.030846Z,B-like,0.5033002116949029,B-like,C-like,C-like,C-like,Quiet,C-like,B-like,39.852182080318414,0.48298637821441326,0.5033002116949029,LOW,653,40505d9e-19ab-4ed3-ad97-599570d82238
2026-07-10T06:57:30.257110Z,B-like,0.5436240124468273,B-like,C-like,C-like,C-like,Quiet,C-like,B-like,42.41634557478221,0.4551970580660819,0.5436240124468273,LOW,861,b83d4543-f6b9-42ba-933e-4a690b10e42a
2026-07-10T06:58:30.034147Z,B-like,0.4772970692896232,B-like,C-like,C-like,C-like,Quiet,C-like,B-like,39.56582832828473,0.4835909940126713,0.4772970692896232,LOW,680,782bc6aa-c3df-4693-83c0-795892119a2b
2026-07-10T06:59:12.147417Z,B-like,0.5257400388739271,B-like,C-like,C-like,C-like,Quiet,C-like,B-like,41.392311650190116,0.4453105097442192,0.5257400388739271,LOW,715,dcc2c748-8c21-477c-a70b-5caa612db1d8
2026-07-10T06:59:19.692661Z,B-like,0.48960335316523435,B-like,C-like,C-like,C-like,Quiet,C-like,B-like,41.87362537049548,0.4428607641959542,0.48960335316523435,LOW,729,4c493624-cdda-4d4b-9e0c-0cf220be230b
2026-07-10T06:59:29.608613Z,B-like,0.5175775728141494,B-like,C-like,C-like,C-like,Quiet,C-like,B-like,41.81298615035293,0.4618330305813821,0.5175775728141494,LOW,647,9b4edaa0-5ddc-49c6-86c0-94003d1ab886
2026-07-10T06:59:39.654218Z,B-like,0.5173740685028009,B-like,C-like,C-like,C-like,Quiet,C-like,B-like,41.88846248490744,0.45601390297376276,0.5173740685028009,LOW,692,25256746-a60e-4cb5-84bf-78009e547b63
2026-07-10T06:59:49.567780Z,B-like,0.47741162826432393,B-like,C-like,C-like,C-like,Quiet,C-like,B-like,39.99491968467937,0.4878577698638453,0.47741162826432393,LOW,606,ca3309fe-9465-4a6b-b723-2cc155a481b6
2026-07-10T06:59:59.661791Z,B-like,0.5040261469955197,B-like,C-like,C-like,C-like,Quiet,C-like,B-like,40.98597759354781,0.450240323811438,0.5040261469955197,LOW,687,056fbb65-12e7-47da-825d-fa5036e045f8
2026-07-10T07:00:09.621351Z,B-like,0.48716903278436674,B-like,C-like,C-like,C-like,Quiet,C-like,B-like,42.57154717536907,0.447819070820839,0.48716903278436674,LOW,659,24deb248-76e0-4971-969a-acb936f15bce
2026-07-10T07:00:19.739866Z,B-like,0.5242513481945462,B-like,C-like,C-like,C-like,Quiet,C-like,B-like,44.236385685768184,0.4555459100472782,0.5242513481945462,LOW,777,11a42e44-d68a-43e9-8b76-5f9d44040386
2026-07-10T07:00:29.627378Z,B-like,0.5242624837902352,B-like,C-like,C-like,C-like,Quiet,C-like,B-like,41.98048300490316,0.4333612193204217,0.5242624837902352,LOW,667,5146e6ca-0566-477c-ad30-df2849e23b35
2026-07-10T07:00:40.188294Z,B-like,0.49403018506440266,B-like,C-like,C-like,C-like,Quiet,C-like,B-like,43.779637626575386,0.44842486526070996,0.49403018506440266,LOW,880,94c96afd-96ed-4366-9d32-1c1d24e7e481
2026-07-10T07:00:49.982417Z,B-like,0.53809254159928,B-like,C-like,C-like,C-like,Quiet,C-like,B-like,43.865675450568055,0.43255315053186805,0.53809254159928,LOW,665,853dc394-9076-4bf6-9669-0abc30d9c37c
2026-07-10T07:00:59.975871Z,B-like,0.5170604198483898,B-like,C-like,C-like,C-like,Quiet,C-like,B-like,40.781260097492066,0.4442752442395802,0.5170604198483898,LOW,660,c25971eb-1f6d-45d2-9550-6253177d2c18
2026-07-10T07:01:10.005552Z,B-like,0.5166920436538582,B-like,C-like,C-like,C-like,Quiet,C-like,B-like,39.564757795049466,0.47981601538470864,0.5166920436538582,LOW,681,621c9e3b-a287-4183-a2fb-847839f06915
2026-07-10T07:01:19.979685Z,B-like,0.5092924158046216,B-like,C-like,C-like,C-like,Quiet,C-like,B-like,41.320234761157515,0.4427375613467047,0.5092924158046216,LOW,668,117db61d-17ab-469a-b5d2-21b3a0ed771f
2026-07-10T07:01:29.957790Z,B-like,0.5075963672964773,B-like,C-like,C-like,C-like,Quiet,C-like,B-like,43.46767410247119,0.45527236613253863,0.5075963672964773,LOW,631,12fe9e45-269f-4b40-b163-2df707929c28
2026-07-10T07:01:39.512626Z,B-like,0.51265425013394,B-like,C-like,C-like,C-like,Quiet,C-like,B-like,39.4353928417708,0.48400771285202254,0.51265425013394,LOW,548,8879850e-3b01-4df1-8f84-226b3be6fb3d
2026-07-10T07:01:49.591921Z,B-like,0.4950943369794981,B-like,C-like,C-like,C-like,Quiet,C-like,B-like,40.61947495899122,0.4404359352175815,0.4950943369794981,LOW,630,37434779-c58a-4385-87c6-616bc9c6ee98
2026-07-10T07:01:59.708213Z,B-like,0.5235650219977929,B-like,C-like,C-like,C-like,Quiet,C-like,B-like,41.27838740390999,0.48186402255568556,0.5235650219977929,LOW,747,15931400-d26d-4c0c-a7da-00b564fc044c
2026-07-10T07:02:09.598985Z,B-like,0.5194885122918312,B-like,C-like,C-like,C-like,Quiet,C-like,B-like,41.686764508092175,0.4603914458850399,0.5194885122918312,LOW,639,1e472411-c408-4a5a-811b-8fb1372ae933
2026-07-10T07:02:19.570770Z,B-like,0.5092498869884851,B-like,C-like,C-like,C-like,Quiet,C-like,B-like,42.63466562728256,0.4508148414798429,0.5092498869884851,LOW,610,537bfce9-33f5-46b4-a0fd-cbfafafa491a
2026-07-10T07:02:29.586987Z,B-like,0.4913241532921157,B-like,C-like,C-like,C-like,Quiet,C-like,B-like,42.54502563476247,0.47839822212094313,0.4913241532921157,LOW,625,c3552280-bf1d-48cc-801f-90aa7ef85ecd
2026-07-10T07:02:39.557263Z,B-like,0.4845517731864022,B-like,C-like,C-like,C-like,Quiet,C-like,B-like,40.96769748357604,0.44884457601093974,0.4845517731864022,LOW,597,a76139fd-dc39-48f1-b603-0e07fc30a704
2026-07-10T07:02:49.549937Z,B-like,0.5259095239894132,B-like,C-like,C-like,C-like,Quiet,C-like,B-like,42.376237538006016,0.45371980366803033,0.5259095239894132,LOW,589,29ff8abc-b925-45f2-aa2c-454d1ca76114
2026-07-10T07:02:59.496898Z,B-like,0.5381344483228607,B-like,C-like,C-like,C-like,Quiet,C-like,B-like,42.76568600255416,0.48084324856196775,0.5381344483228607,LOW,536,3c4dc303-2d93-4e54-9ced-184ed5a8ae90
2026-07-10T07:03:09.634582Z,B-like,0.5291705925416704,B-like,C-like,C-like,C-like,Quiet,C-like,B-like,41.34731776563063,0.4636059493436697,0.5291705925416704,LOW,675,b80f5fc7-950b-4a35-af7c-d0389fe4739d
2026-07-10T07:03:19.613567Z,B-like,0.5065441779885466,B-like,C-like,C-like,C-like,Quiet,C-like,B-like,43.774720122532145,0.45831508291413664,0.5065441779885466,LOW,652,4d4c00b4-1aef-4112-8362-1235e53c26df
2026-07-10T07:03:29.586183Z,B-like,0.5442249953037311,B-like,C-like,C-like,C-like,Quiet,C-like,B-like,44.25591700417876,0.4612164432183581,0.5442249953037311,LOW,625,044cdafe-2a44-4c8c-abb2-4605422a9ebd
2026-07-10T07:03:39.526490Z,B-like,0.4917186353941362,B-like,C-like,C-like,C-like,Quiet,C-like,B-like,44.058046879102854,0.48223129998825226,0.4917186353941362,LOW,565,453ec7be-7a62-4c57-b73a-b8861b83499e
2026-07-10T07:03:49.987676Z,B-like,0.4974994168690968,B-like,C-like,C-like,C-like,Quiet,C-like,B-like,39.77757150785943,0.482284799292512,0.4974994168690968,LOW,667,0689de98-c307-49b3-9dcd-c2a2bdbf3bdf
2026-07-10T07:04:00.015709Z,B-like,0.5017100110255146,B-like,C-like,C-like,C-like,Quiet,C-like,B-like,41.91200054252922,0.4571254905576845,0.5017100110255146,LOW,695,cba6f118-8947-4972-95c6-97c4358cd919
2026-07-10T07:04:10.155231Z,B-like,0.5406743328546594,B-like,C-like,C-like,C-like,Quiet,C-like,B-like,43.88691869592502,0.4415676108873592,0.5406743328546594,LOW,834,6cf35051-ab3b-44ca-83d7-bc4c50b0ae3e
2026-07-10T07:04:20.008482Z,B-like,0.5296662796668238,B-like,C-like,C-like,C-like,Quiet,C-like,B-like,39.729248600147386,0.4562068047981743,0.5296662796668238,LOW,686,85ed61e3-b1be-45ae-97e0-939513a72093
2026-07-10T07:04:29.612978Z,B-like,0.5307616815392919,B-like,C-like,C-like,C-like,Quiet,C-like,B-like,43.580339534943136,0.4730089350631785,0.5307616815392919,LOW,637,ff3e7546-4026-4065-bf6a-7bca17d29da5
2026-07-10T07:04:39.680479Z,B-like,0.5164471930570871,B-like,C-like,C-like,C-like,Quiet,C-like,B-like,41.664802678170304,0.4617115660844871,0.5164471930570871,LOW,720,35f5b70d-0f7c-41c4-a2e9-a036c27e9ca8
2026-07-10T07:04:49.539899Z,B-like,0.5316906813667944,B-like,C-like,C-like,C-like,Quiet,C-like,B-like,42.85998418244376,0.4502789954302746,0.5316906813667944,LOW,579,b051ebf4-016d-4464-b723-0bef48a41f3e
2026-07-10T07:04:59.898804Z,B-like,0.4911840042582863,B-like,C-like,C-like,C-like,Quiet,C-like,B-like,44.20580588383279,0.44691683064902826,0.4911840042582863,LOW,588,a785b818-72ed-4d37-bfca-5e0d8328648a
2026-07-10T07:05:10.052711Z,B-like,0.5245899353479593,B-like,C-like,C-like,C-like,Quiet,C-like,B-like,44.13375498635968,0.4691884700519432,0.5245899353479593,LOW,723,a8a2bcd0-4b1f-4dcc-845e-02a20d591bb2
2026-07-10T07:05:20.068251Z,B-like,0.4992914925647302,B-like,C-like,C-like,C-like,Quiet,C-like,B-like,39.688917707777655,0.4681490153390313,0.4992914925647302,LOW,749,5c7d3a4c-a574-4f5e-854a-18e6af4a9449
2026-07-10T07:05:29.980286Z,B-like,0.4874837220804068,B-like,C-like,C-like,C-like,Quiet,C-like,B-like,40.051244013800435,0.4539181340725848,0.4874837220804068,LOW,650,78ed02b7-2ca7-41c3-8fd7-f757ac127394
2026-07-10T07:05:39.995251Z,B-like,0.5326059847577549,B-like,C-like,C-like,C-like,Quiet,C-like,B-like,40.34243285120695,0.4647975961656624,0.5326059847577549,LOW,673,fdd52b33-b347-4ba1-a96c-bcf9ce76c105
2026-07-10T07:05:50.070625Z,B-like,0.48701622988274024,B-like,C-like,C-like,C-like,Quiet,C-like,B-like,41.96290827507679,0.47278494535194643,0.48701622988274024,LOW,756,0e3b01b2-c775-429a-a511-7cbab9690d85
2026-07-10T07:06:29.976487Z,B-like,0.5185153172450702,B-like,C-like,C-like,C-like,Quiet,C-like,B-like,43.392080367392026,0.4445434811199116,0.5185153172450702,LOW,632,ccf35d9c-0348-4775-8793-911aec89bf11
2026-07-10T07:07:30.116334Z,B-like,0.5339812952894301,B-like,C-like,C-like,C-like,Quiet,C-like,B-like,43.33639935650945,0.44908053158413885,0.5339812952894301,LOW,732,316a8e1a-0762-4d89-8e12-42f648ca299d
2026-07-10T08:43:41.278207Z,B-like,0.5218916379518809,B-like,C-like,C-like,C-like,Quiet,C-like,B-like,41.629792762901076,0.47871212085847054,0.5218916379518809,LOW,10174,266db93c-f76d-4006-813e-58abb071dd7a
2026-07-10T08:44:48.246487Z,B-like,0.47726386762184486,B-like,C-like,C-like,C-like,Quiet,C-like,B-like,39.90298491465539,0.46522609828879957,0.47726386762184486,LOW,1055,aa1784f6-d1d9-479f-8f23-8b5253ad833c
2026-07-10T08:51:52.110277Z,B-like,0.4850909883992189,B-like,C-like,C-like,C-like,Quiet,C-like,B-like,41.38523792446785,0.44493257452800283,0.4850909883992189,LOW,2104,f71697ff-4b54-46c9-88db-4e80ff641899
2026-07-10T09:23:11.431271Z,B-like,0.5367827272119481,B-like,C-like,C-like,C-like,Quiet,C-like,B-like,42.56404286864656,0.4364196830256785,0.5367827272119481,LOW,7498,c92c3e54-710c-484f-ad3d-2aae095537c4
2026-07-10T09:37:54.666543Z,B-like,0.49662185038388457,B-like,C-like,C-like,C-like,Quiet,C-like,B-like,40.70898493346051,0.45465403332827803,0.49662185038388457,LOW,710,70e1d660-2ace-43d9-9c34-6132b62e6e80
2026-07-10T09:38:05.272555Z,B-like,0.5178487236095256,B-like,C-like,C-like,C-like,Quiet,C-like,B-like,43.03845169282912,0.47966838973164555,0.5178487236095256,LOW,647,bc6575fb-298c-478d-b62a-446ac7508321
2026-07-10T09:38:14.933213Z,B-like,0.5153400020003966,B-like,C-like,C-like,C-like,Quiet,C-like,B-like,40.384019300005356,0.44358531617517677,0.5153400020003966,LOW,624,e48d7775-111b-4b1f-98f6-6a90517b2837
2026-07-10T09:38:25.201462Z,B-like,0.5050113069103257,B-like,C-like,C-like,C-like,Quiet,C-like,B-like,40.04591391953504,0.46365415514380764,0.5050113069103257,LOW,569,b910a59c-9974-405f-a957-7d01b0116748
2026-07-10T09:38:34.885117Z,B-like,0.4951797364725161,B-like,C-like,C-like,C-like,Quiet,C-like,B-like,42.70310528936264,0.47219146906065335,0.4951797364725161,LOW,577,d5014eb9-4e24-45fc-a520-77391c3d8e20
2026-07-10T09:38:45.287537Z,B-like,0.5150610127148811,B-like,C-like,C-like,C-like,Quiet,C-like,B-like,43.95297280236399,0.4862376300371761,0.5150610127148811,LOW,653,5fc04a18-5ae3-452e-85a9-a5eae685b84c
2026-07-10T09:38:54.908461Z,B-like,0.5316292111056466,B-like,C-like,C-like,C-like,Quiet,C-like,B-like,43.410762564448596,0.4841878921259913,0.5316292111056466,LOW,589,384114de-286c-4a8a-837e-341f3e5400d7
2026-07-10T09:39:30.283551Z,B-like,0.5317044378130545,B-like,C-like,C-like,C-like,Quiet,C-like,B-like,43.8295069731645,0.4528088859741031,0.5317044378130545,LOW,615,1296db10-4967-4401-a11e-b90444381baf
2026-07-10T09:40:30.104345Z,B-like,0.5319479672240773,B-like,C-like,C-like,C-like,Quiet,C-like,B-like,40.56078142688595,0.44905468262796155,0.5319479672240773,LOW,764,a189b5e6-6719-469f-bbe5-6311bd0ee4cd
2026-07-10T09:41:30.153859Z,B-like,0.5105213115659766,B-like,C-like,C-like,C-like,Quiet,C-like,B-like,41.16868732634212,0.4750813815725649,0.5105213115659766,LOW,509,aaae4de0-2a5b-4245-9ba8-4663bc0e23ff
2026-07-10T09:42:30.103123Z,B-like,0.5090895910139029,B-like,C-like,C-like,C-like,Quiet,C-like,B-like,41.89858979708038,0.48042473726680957,0.5090895910139029,LOW,769,4d23a633-bd12-4970-8a5c-cd9c16d74b80
2026-07-10T09:43:30.433919Z,B-like,0.5012384409226555,B-like,C-like,C-like,C-like,Quiet,C-like,B-like,42.051938695623136,0.4334372593064064,0.5012384409226555,LOW,803,97d64c26-8905-49f4-b599-4cd4bf43b463
2026-07-10T09:44:30.108678Z,B-like,0.52533271777198,B-like,C-like,C-like,C-like,Quiet,C-like,B-like,41.51776556238532,0.43173977269416136,0.52533271777198,LOW,782,a9b644a0-7586-4823-8b37-7f07fb418d65
2026-07-10T09:45:30.325535Z,B-like,0.5108067177650351,B-like,C-like,C-like,C-like,Quiet,C-like,B-like,39.86854960801698,0.4599491768658405,0.5108067177650351,LOW,637,dc042cbe-fcfa-4e55-b138-10b369d84ea0
2026-07-10T09:46:29.986025Z,B-like,0.5308926964014948,B-like,C-like,C-like,C-like,Quiet,C-like,B-like,44.172100830834964,0.4504826548309815,0.5308926964014948,LOW,663,b99083c9-7096-47c8-bbb9-337acbf9a937
2026-07-10T09:47:30.187708Z,B-like,0.5250636415612386,B-like,C-like,C-like,C-like,Quiet,C-like,B-like,43.6526266580069,0.46918797096577824,0.5250636415612386,LOW,555,0971ace9-015b-42b1-9672-df3539acbdb9
2026-07-10T09:48:30.071337Z,B-like,0.5090513582628443,B-like,C-like,C-like,C-like,Quiet,C-like,B-like,40.33001641791398,0.43113736404100966,0.5090513582628443,LOW,746,75ccace2-17bd-48c2-8c47-4354a1a102ad
2026-07-10T09:49:30.250224Z,B-like,0.5104043114398947,B-like,C-like,C-like,C-like,Quiet,C-like,B-like,43.4450133819427,0.44503450021256186,0.5104043114398947,LOW,624,ca46c5cd-89df-4e3b-9881-d8f0d17c8d7d
2026-07-10T09:50:29.933606Z,B-like,0.4979556688756327,B-like,C-like,C-like,C-like,Quiet,C-like,B-like,40.1208474669653,0.48449828182720667,0.4979556688756327,LOW,617,4ff62389-42a6-40ea-b179-09b37f4a9d07
2026-07-10T09:51:30.247774Z,B-like,0.49752552053638494,B-like,C-like,C-like,C-like,Quiet,C-like,B-like,41.02429824127007,0.48243486466481383,0.49752552053638494,LOW,619,16c0da3c-f7d7-425c-b3ea-7e244a730ee1
2026-07-10T11:05:01.601342Z,B-like,0.5377778048506128,B-like,C-like,C-like,C-like,Quiet,C-like,B-like,40.45267124508632,0.45621919095577784,0.5377778048506128,LOW,976,cc1edb02-be0b-4bbe-bc50-8914206481f0
2026-07-10T11:05:11.878864Z,B-like,0.5177854676749469,B-like,C-like,C-like,C-like,Quiet,C-like,B-like,42.17519685978307,0.4429712948123132,0.5177854676749469,LOW,972,415bedd9-7059-4178-a7ec-ed6a7dddf502
2026-07-10T11:05:22.039668Z,B-like,0.5381424532373708,B-like,C-like,C-like,C-like,Quiet,C-like,B-like,43.916266864441255,0.43401373270113713,0.5381424532373708,LOW,1138,2b329f93-7e55-41d0-ab4f-cd7346f78e24
2026-07-10T11:05:31.822880Z,B-like,0.5151088702410455,B-like,C-like,C-like,C-like,Quiet,C-like,B-like,40.248900593793806,0.44846646340535723,0.5151088702410455,LOW,504,69e14090-734f-4c5b-9c28-cd255ea51c55
2026-07-10T11:05:41.944588Z,B-like,0.5261253583857742,B-like,C-like,C-like,C-like,Quiet,C-like,B-like,40.264957385839374,0.45983416957626144,0.5261253583857742,LOW,623,0a1f4b09-514d-41e7-99e3-58abfea5a0e8
2026-07-10T11:05:52.158972Z,B-like,0.5092413136640576,B-like,C-like,C-like,C-like,Quiet,C-like,B-like,41.38981785135975,0.44284949477063357,0.5092413136640576,LOW,845,59cbae7e-14c5-4f8e-a682-893a92db0aec
2026-07-10T11:06:02.031850Z,B-like,0.5216465813425519,B-like,C-like,C-like,C-like,Quiet,C-like,B-like,41.97648386700575,0.48018955334146385,0.5216465813425519,LOW,712,0767efb5-9d6d-4e08-a906-f734513a52e5
2026-07-10T11:06:11.977338Z,B-like,0.50390870098467,B-like,C-like,C-like,C-like,Quiet,C-like,B-like,41.659729399758405,0.470546959041717,0.50390870098467,LOW,653,3567ccae-46c3-4e18-9881-4ffcfa9be435
2026-07-10T11:06:29.973393Z,B-like,0.5227701182580026,B-like,C-like,C-like,C-like,Quiet,C-like,B-like,40.76850453447087,0.43277743635488597,0.5227701182580026,LOW,665,42450769-af4c-42c8-a1fb-1860600575a8
2026-07-10T11:06:34.766899Z,B-like,0.5255003468599607,B-like,C-like,C-like,C-like,Quiet,C-like,B-like,42.01918388882969,0.4567977997686352,0.5255003468599607,LOW,698,161f9751-8fa9-42fb-a146-21d2c0054de8
2026-07-10T11:06:41.259002Z,B-like,0.4843756007474521,B-like,C-like,C-like,C-like,Quiet,C-like,B-like,40.7664209966629,0.4754159149307822,0.4843756007474521,LOW,666,21e401f2-e880-4263-8ec3-225387711038
2026-07-10T11:06:51.381017Z,B-like,0.5082924940311317,B-like,C-like,C-like,C-like,Quiet,C-like,B-like,43.19799119587501,0.45819580323515663,0.5082924940311317,LOW,786,c3152985-2fd8-4313-9b08-bcf7a50558b1
2026-07-10T11:07:01.348224Z,B-like,0.53240751133047,B-like,C-like,C-like,C-like,Quiet,C-like,B-like,41.7067186731428,0.43390237750677846,0.53240751133047,LOW,750,06de58cf-bac3-4a2f-8fe3-a7bda10096a0
2026-07-10T11:07:11.395166Z,B-like,0.5300755065895277,B-like,C-like,C-like,C-like,Quiet,C-like,B-like,41.91252661123466,0.4742155868201103,0.5300755065895277,LOW,800,6e4ccf3d-e54f-4660-b8c4-a2e8f4f79bcf
2026-07-10T11:07:22.061541Z,B-like,0.4910311019304844,B-like,C-like,C-like,C-like,Quiet,C-like,B-like,43.80315274630345,0.45328344873265314,0.4910311019304844,LOW,731,4bdd855a-8ee4-4141-a158-426a44bfa2a2
2026-07-10T11:07:32.219273Z,B-like,0.5320767836000176,B-like,C-like,C-like,C-like,Quiet,C-like,B-like,41.76355677286819,0.4632051348040532,0.5320767836000176,LOW,901,b08eecfb-b136-466d-a1b6-22bf58d5dc06
2026-07-10T11:07:42.264252Z,B-like,0.5169681740016927,B-like,C-like,C-like,C-like,Quiet,C-like,B-like,44.15454067110851,0.45517969797250024,0.5169681740016927,LOW,951,8c008fbd-d977-4c4d-876b-f93af50d8017
2026-07-10T11:07:52.199437Z,B-like,0.5193203174344676,B-like,C-like,C-like,C-like,Quiet,C-like,B-like,41.74267822787739,0.46330183012166887,0.5193203174344676,LOW,884,8e0816fd-47ad-48c0-9c80-c506109c0cd4
2026-07-10T11:08:01.868199Z,B-like,0.5242175895385588,B-like,C-like,C-like,C-like,Quiet,C-like,B-like,42.65013221214372,0.4310780444671838,0.5242175895385588,LOW,555,a48d1ec7-3dab-452f-8a9e-04462dacae0c
2026-07-10T11:08:12.046970Z,B-like,0.5003266981413469,B-like,C-like,C-like,C-like,Quiet,C-like,B-like,42.75836278417821,0.48347036708582664,0.5003266981413469,LOW,735,c9d5db1e-b264-4e82-b9cb-7f82e1b97652
2026-07-10T11:08:27.377995Z,B-like,0.510727498152491,B-like,C-like,C-like,C-like,Quiet,C-like,B-like,42.40772306194208,0.44792947689899926,0.510727498152491,LOW,6068,b6c66332-f0db-4a0f-a9f2-1ccdb91b5ef7
2026-07-10T11:08:32.252622Z,B-like,0.5392996693550554,B-like,C-like,C-like,C-like,Quiet,C-like,B-like,43.54010211705679,0.480953196372099,0.5392996693550554,LOW,938,ef49db8b-a37e-4092-a16e-ce50330cef81
2026-07-10T11:08:42.343428Z,B-like,0.5417466139399792,B-like,C-like,C-like,C-like,Quiet,C-like,B-like,42.69554947522043,0.44202999466255294,0.5417466139399792,LOW,1036,c2162787-91f7-4f2b-80f2-77f339fe3021
2026-07-10T11:08:51.932990Z,B-like,0.5422966436495249,B-like,C-like,C-like,C-like,Quiet,C-like,B-like,43.37175287165796,0.48425024454809323,0.5422966436495249,LOW,618,a126eaf2-f43d-4d55-ae56-6da0074b1a83
2026-07-10T11:09:01.891507Z,B-like,0.4877222782112921,B-like,C-like,C-like,C-like,Quiet,C-like,B-like,39.34326723614351,0.4352229061410434,0.4877222782112921,LOW,586,c18fd260-8c94-4332-aa12-380ef1807d0b
2026-07-10T11:09:12.072974Z,B-like,0.5249781491474806,B-like,C-like,C-like,C-like,Quiet,C-like,B-like,41.4628354039971,0.4410775370655142,0.5249781491474806,LOW,763,49ccfdaa-b812-456b-a0ae-2dba268aecef
2026-07-10T11:09:21.940506Z,B-like,0.4913869342941085,B-like,C-like,C-like,C-like,Quiet,C-like,B-like,44.276150050892475,0.44355153841832823,0.4913869342941085,LOW,634,cd9aa4d1-47e7-4cd3-ae14-0e53e005830a
2026-07-10T11:09:31.932859Z,B-like,0.5370531445307173,B-like,C-like,C-like,C-like,Quiet,C-like,B-like,40.49452365335355,0.4377236510340803,0.5370531445307173,LOW,621,58673994-5c0a-4186-b226-5402f57b74fb
2026-07-10T11:09:41.961820Z,B-like,0.4970092009325941,B-like,C-like,C-like,C-like,Quiet,C-like,B-like,40.24467820472674,0.46603605413654225,0.4970092009325941,LOW,656,60f4283c-f403-4fa6-980b-5587b542359f
2026-07-10T11:09:51.911465Z,B-like,0.516499338121702,B-like,C-like,C-like,C-like,Quiet,C-like,B-like,40.930744103420736,0.4341866868482551,0.516499338121702,LOW,603,01d90de7-9674-4790-b013-83ff699e6e52
2026-07-10T11:10:01.826250Z,B-like,0.5208139913630797,B-like,C-like,C-like,C-like,Quiet,C-like,B-like,39.397649182933925,0.46553524701859894,0.5208139913630797,LOW,515,969931aa-eece-4b8a-a057-26511a9d9168
2026-07-10T11:10:12.029599Z,B-like,0.5339717666153946,B-like,C-like,C-like,C-like,Quiet,C-like,B-like,39.97532504845812,0.47079538977055746,0.5339717666153946,LOW,714,6eaf4a7f-c3d9-4dba-97b4-97f1302e7a44
2026-07-10T11:10:21.853579Z,B-like,0.5334616578888218,B-like,C-like,C-like,C-like,Quiet,C-like,B-like,41.41574038210365,0.43336059361045265,0.5334616578888218,LOW,545,18028f3f-77c4-420e-bbdd-8ef63759aa94
2026-07-10T11:11:16.766245Z,B-like,0.48876046354714736,B-like,C-like,C-like,C-like,Quiet,C-like,B-like,43.498113650928346,0.4649323084193216,0.48876046354714736,LOW,868,0354bad0-b671-4e36-bf0d-907d96e4a5c5
2026-07-10T11:11:26.013542Z,B-like,0.5064189031015571,B-like,C-like,C-like,C-like,Quiet,C-like,B-like,40.546310436590375,0.4715561572942092,0.5064189031015571,LOW,5700,cb1d0ba4-1a00-4e29-9be2-316e9b4a2bd6
2026-07-10T11:11:28.828462Z,B-like,0.48959247800855843,B-like,C-like,C-like,C-like,Quiet,C-like,B-like,43.43642468483746,0.45683006301858914,0.48959247800855843,LOW,2772,4c6268fd-cb23-4533-8e99-37a67284937e
2026-07-10T11:11:36.864435Z,B-like,0.49696481181841595,B-like,C-like,C-like,C-like,Quiet,C-like,B-like,41.33940884158567,0.4622154397885641,0.49696481181841595,LOW,557,bdd6586b-afd2-4264-b31e-138ac38783cf
2026-07-10T11:11:47.296345Z,B-like,0.48289999230204866,B-like,C-like,C-like,C-like,Quiet,C-like,B-like,41.288295422757244,0.4422339566273272,0.48289999230204866,LOW,682,fa70ffdf-9734-4847-a4c7-d4bf8a6f51cf
2026-07-10T11:11:57.064201Z,B-like,0.4986537290268563,B-like,C-like,C-like,C-like,Quiet,C-like,B-like,42.824346836943924,0.46748662598455215,0.4986537290268563,LOW,758,3135d355-65a1-4afb-b9bf-b3868942ecbb
2026-07-10T11:12:07.314612Z,B-like,0.5197593513996787,B-like,C-like,C-like,C-like,Quiet,C-like,B-like,40.0021474605723,0.48153500369334434,0.5197593513996787,LOW,704,99e783dd-5f34-4d1d-ac8e-a9cf544e3143
2026-07-10T11:12:17.660179Z,B-like,0.5229826198310168,B-like,C-like,C-like,C-like,Quiet,C-like,B-like,40.431485927234334,0.45280745602098493,0.5229826198310168,LOW,1062,ec54a9cd-bbc0-4afb-a2ef-02a9156cb76d
2026-07-10T11:12:28.784053Z,B-like,0.4968157616697638,B-like,C-like,C-like,C-like,Quiet,C-like,B-like,43.24483023589163,0.4592775257065377,0.4968157616697638,LOW,839,095d14cc-f4a4-4ef3-a030-6c71053fff2f
2026-07-10T11:13:26.403976Z,B-like,0.49786418745097477,B-like,C-like,C-like,C-like,Quiet,C-like,B-like,40.02705320939569,0.4294801887232344,0.49786418745097477,LOW,546,c3e01d08-f057-4567-9a65-69dfd59489d0
2026-07-10T11:13:36.030027Z,B-like,0.5225550610911901,B-like,C-like,C-like,C-like,Quiet,C-like,B-like,41.96840255280936,0.4521153860980182,0.5225550610911901,LOW,713,33024b7a-d433-48af-a58f-98a0b2020df6
2026-07-10T11:13:47.666648Z,B-like,0.5062892631567689,B-like,C-like,C-like,C-like,Quiet,C-like,B-like,40.74035448805975,0.4417071809912445,0.5062892631567689,LOW,1875,ea0dc0d6-1006-4590-b847-48720afc14e0
2026-07-10T11:13:56.929208Z,B-like,0.5106390993189577,B-like,C-like,C-like,C-like,Quiet,C-like,B-like,40.15768354541804,0.4493836467375614,0.5106390993189577,LOW,622,7562d844-6671-4533-821d-f67c2e2cd429
2026-07-10T11:14:07.074334Z,B-like,0.5335602657296291,B-like,C-like,C-like,C-like,Quiet,C-like,B-like,43.66298516612389,0.47643147858804435,0.5335602657296291,LOW,756,86cd1cd6-891e-4323-a43f-ce606a08c32f
2026-07-10T11:14:17.015778Z,B-like,0.5252283132547179,B-like,C-like,C-like,C-like,Quiet,C-like,B-like,42.26906259014682,0.44108508992108275,0.5252283132547179,LOW,705,fe8c7adc-a0a1-4299-923c-b2e2b7dfdf53
2026-07-10T11:14:26.996948Z,B-like,0.49688344049322763,B-like,C-like,C-like,C-like,Quiet,C-like,B-like,42.801566660359924,0.45737081491192944,0.49688344049322763,LOW,691,b6b45409-0e94-4d83-b052-b79b4cf07d99
2026-07-10T11:14:37.257600Z,B-like,0.481820578660053,B-like,C-like,C-like,C-like,Quiet,C-like,B-like,40.84298091564855,0.4306440421412839,0.481820578660053,LOW,650,c0f22c14-c02f-44af-aba2-564734b67261
2026-07-10T11:14:46.088855Z,B-like,0.5080389301041605,B-like,C-like,C-like,C-like,Quiet,C-like,B-like,41.100144139887874,0.44846438659232013,0.5080389301041605,LOW,766,dc98a851-b033-40a9-a69e-f8df412eea16
2026-07-10T11:15:30.549193Z,B-like,0.4969164265163762,B-like,C-like,C-like,C-like,Quiet,C-like,B-like,41.3364992966987,0.45193675690812457,0.4969164265163762,LOW,887,6a5ff427-3d41-41ec-8044-59401ec0b5bd
2026-07-10T11:15:38.864211Z,B-like,0.5182072127546189,B-like,C-like,C-like,C-like,Quiet,C-like,B-like,41.24567959812514,0.4619204701232318,0.5182072127546189,LOW,865,1ea61781-d200-41bc-8cce-912ae193831e
2026-07-10T11:15:47.049834Z,B-like,0.5277268146600966,B-like,C-like,C-like,C-like,Quiet,C-like,B-like,42.451544259818675,0.4489938074584761,0.5277268146600966,LOW,1732,c3632b2c-cde9-48a6-a4f0-1425924014fb
2026-07-10T11:15:57.101886Z,B-like,0.491932920119633,B-like,C-like,C-like,C-like,Quiet,C-like,B-like,39.857054650602386,0.4644104463974261,0.491932920119633,LOW,790,6e4f64ed-d0f3-4461-ae22-047d0e6b2a9e
2026-07-10T11:16:07.025752Z,B-like,0.5298915451985062,B-like,C-like,C-like,C-like,Quiet,C-like,B-like,39.38296674918386,0.4675836128394032,0.5298915451985062,LOW,719,0c98c9e7-5c0b-4322-8aa3-b55070e758ad
2026-07-10T11:16:17.184173Z,B-like,0.5313745920190412,B-like,C-like,C-like,C-like,Quiet,C-like,B-like,40.05997132446969,0.4765464839029448,0.5313745920190412,LOW,877,9326d117-452f-49c5-9f2a-29ff58cd5fe0
2026-07-10T11:16:27.898253Z,B-like,0.4854324891322742,B-like,C-like,C-like,C-like,Quiet,C-like,B-like,42.20282673412225,0.4465018890790834,0.4854324891322742,LOW,1588,7fce4fce-eb2f-4e30-a973-1104a4b8d16b
2026-07-10T11:16:37.176802Z,B-like,0.5077236648986381,B-like,C-like,C-like,C-like,Quiet,C-like,B-like,39.63668116095104,0.44920442613322464,0.5077236648986381,LOW,869,4c6c45ed-68e4-470d-8c14-38049761e530
2026-07-10T11:16:47.659349Z,B-like,0.5052987212308948,B-like,C-like,C-like,C-like,Quiet,C-like,B-like,42.19438469198477,0.4305424667116332,0.5052987212308948,LOW,1045,f8f55629-19f0-4f2d-a2b9-9ccfe30ed8cc
2026-07-10T11:16:57.190291Z,B-like,0.5143442879503979,B-like,C-like,C-like,C-like,Quiet,C-like,B-like,42.14518698885519,0.4637376633782529,0.5143442879503979,LOW,883,94ef054b-cd3f-442d-9521-80a1ff808d20
2026-07-10T11:17:07.079329Z,B-like,0.5338432647151135,B-like,C-like,C-like,C-like,Quiet,C-like,B-like,42.237570205934006,0.46672505205687276,0.5338432647151135,LOW,772,7489bd32-ac21-491b-8e67-9c94b1edf949
2026-07-10T11:17:17.195009Z,B-like,0.5176570232823515,B-like,C-like,C-like,C-like,Quiet,C-like,B-like,42.9330614421611,0.441015650052341,0.5176570232823515,LOW,885,bedd250a-6c1a-4b6b-8c62-734cbe1b72d0
2026-07-10T11:17:27.015196Z,B-like,0.5207085225845519,B-like,C-like,C-like,C-like,Quiet,C-like,B-like,44.12955508026377,0.46946448898476895,0.5207085225845519,LOW,707,340eb2c4-84fe-4f17-9cab-56c1dcc1640d
2026-07-10T11:17:36.974283Z,B-like,0.5429547032306277,B-like,C-like,C-like,C-like,Quiet,C-like,B-like,43.08360853951126,0.45391699122447526,0.5429547032306277,LOW,667,c3cfda28-ed15-4dc9-a420-ce2eab60daef
2026-07-10T11:18:30.309619Z,B-like,0.514683137307027,B-like,C-like,C-like,C-like,Quiet,C-like,B-like,40.09838280443483,0.4479666718717203,0.514683137307027,LOW,670,d7a7efa0-6f2e-473d-8dab-59ff69384319
2026-07-10T11:18:42.824598Z,B-like,0.5104456183240449,B-like,C-like,C-like,C-like,Quiet,C-like,B-like,43.77421408359496,0.4406614204217086,0.5104456183240449,LOW,1639,7fe47a28-4d1e-48a6-b97f-81c746c06c42
2026-07-10T11:18:46.318191Z,B-like,0.5295723959580048,B-like,C-like,C-like,C-like,Quiet,C-like,B-like,41.89002268318888,0.4337428685462388,0.5295723959580048,LOW,991,c4a7bf3a-6207-41e5-8915-dfaade6a02d1
2026-07-10T11:18:57.363494Z,B-like,0.506089094056324,B-like,C-like,C-like,C-like,Quiet,C-like,B-like,42.19152292604617,0.4747941599993634,0.506089094056324,LOW,1056,0d8512b2-0dfb-4a14-a2f0-328458facccc
2026-07-10T11:19:07.013449Z,B-like,0.5106105637929346,B-like,C-like,C-like,C-like,Quiet,C-like,B-like,39.99720466567565,0.4696996398910529,0.5106105637929346,LOW,1696,ebf4c28e-3778-4931-80f1-75006031b1e3
2026-07-10T11:19:17.204535Z,B-like,0.4844043023349443,B-like,C-like,C-like,C-like,Quiet,C-like,B-like,42.30678239382416,0.43845521010163235,0.4844043023349443,LOW,1883,9142f821-2bb8-451c-b9f9-694e2346743f
2026-07-10T11:19:26.957862Z,B-like,0.5081582108000171,B-like,C-like,C-like,C-like,Quiet,C-like,B-like,39.873240694862,0.4339211264301683,0.5081582108000171,LOW,649,681ddfd9-31d5-4838-a848-964ea87b0642
2026-07-10T11:19:36.994797Z,B-like,0.5040528331325443,B-like,C-like,C-like,C-like,Quiet,C-like,B-like,41.900881119467265,0.44552535553497125,0.5040528331325443,LOW,688,93e93b54-186d-4e75-8322-a01729535ecc
2026-07-10T11:19:47.567122Z,B-like,0.5108992922668336,B-like,C-like,C-like,C-like,Quiet,C-like,B-like,41.402026273571494,0.4529986827221935,0.5108992922668336,LOW,1255,a0f5e658-58cd-492b-9a65-73b419e40073
2026-07-10T11:19:58.470101Z,B-like,0.5280025649412504,B-like,C-like,C-like,C-like,Quiet,C-like,B-like,43.26841587870496,0.4410142672742596,0.5280025649412504,LOW,2162,fc31eec7-a674-47b8-8817-fab1257bed12
2026-07-10T11:20:07.744771Z,B-like,0.5312858854734094,B-like,C-like,C-like,C-like,Quiet,C-like,B-like,42.70275797052656,0.4713153373448041,0.5312858854734094,LOW,1435,a1f94f45-d0ff-4039-abf9-96d05b60f251
2026-07-10T11:20:17.194114Z,B-like,0.4934375447793545,B-like,C-like,C-like,C-like,Quiet,C-like,B-like,43.301833405857586,0.4650025811309041,0.4934375447793545,LOW,885,8afd9a97-5848-4409-9139-8034f177e387
2026-07-10T11:20:31.003354Z,B-like,0.5308545672900052,B-like,C-like,C-like,C-like,Quiet,C-like,B-like,42.84700740400964,0.46346885448406383,0.5308545672900052,LOW,1386,3b24ac6b-4bfd-4d56-856b-f0bbe7bbbd14
2026-07-10T11:20:45.740793Z,B-like,0.536116772421601,B-like,C-like,C-like,C-like,Quiet,C-like,B-like,43.806405955249424,0.46444630316142854,0.536116772421601,LOW,3779,c0b84e7a-38fa-4250-a99e-309d23485e1c
2026-07-10T11:20:47.861610Z,B-like,0.5257517441229563,B-like,C-like,C-like,C-like,Quiet,C-like,B-like,40.23535292647957,0.47276787987571406,0.5257517441229563,LOW,2106,a9e33b8c-8136-4389-a6c0-46e6ab1f30d6
2026-07-10T11:20:56.534169Z,B-like,0.5343756471653277,B-like,C-like,C-like,C-like,Quiet,C-like,B-like,43.86380530093551,0.46481881127615554,0.5343756471653277,LOW,1214,4fd76789-07a0-4d21-8f95-4c8345f7ab44
2026-07-10T11:21:06.441507Z,B-like,0.5236426560227642,B-like,C-like,C-like,C-like,Quiet,C-like,B-like,39.53746065764665,0.4323540367475832,0.5236426560227642,LOW,1118,4c661eb7-0285-4fdb-aafc-08a3868ef814
2026-07-10T11:21:16.430665Z,B-like,0.5223795610390173,B-like,C-like,C-like,C-like,Quiet,C-like,B-like,42.58407621982316,0.4347787769459007,0.5223795610390173,LOW,1113,852d0b20-e551-44f7-a663-a544f3eb8001
2026-07-10T11:21:26.649279Z,B-like,0.5032296885632769,B-like,C-like,C-like,C-like,Quiet,C-like,B-like,40.7736317541988,0.4659620216608186,0.5032296885632769,LOW,1332,fd30bd10-b724-45c5-9a5d-c553cd2e5d2e
2026-07-10T11:21:38.749843Z,B-like,0.48251571256494463,B-like,C-like,C-like,C-like,Quiet,C-like,B-like,39.555028415679324,0.4528497826917296,0.48251571256494463,LOW,3432,5378f33a-cb6e-4fdd-a545-9d1718e0873a
2026-07-10T11:21:46.719609Z,B-like,0.52470756266743,B-like,C-like,C-like,C-like,Quiet,C-like,B-like,40.50916964509238,0.45236031190852516,0.52470756266743,LOW,1399,3b31d6a9-21aa-4fe4-a888-22a6a2900272
2026-07-10T11:21:57.215593Z,B-like,0.5305945100808994,B-like,C-like,C-like,C-like,Quiet,C-like,B-like,41.29596372325574,0.4646739854654639,0.5305945100808994,LOW,1898,3701d2e0-9d0e-4c26-afce-782a4ec2d207
2026-07-10T11:22:06.227116Z,B-like,0.5231126354890222,B-like,C-like,C-like,C-like,Quiet,C-like,B-like,43.24063467472789,0.4303621010254981,0.5231126354890222,LOW,909,5b9920ec-602b-412f-89aa-1edf8082cb55
2026-07-10T11:22:15.950181Z,B-like,0.48365135022428324,B-like,C-like,C-like,C-like,Quiet,C-like,B-like,40.035939602063635,0.4701485736857771,0.48365135022428324,LOW,633,9bb661b4-acef-448a-b843-6201c07abd67
2026-07-10T11:22:26.458452Z,B-like,0.5025773637470087,B-like,C-like,C-like,C-like,Quiet,C-like,B-like,40.47874505721393,0.4574204391161017,0.5025773637470087,LOW,1139,45a2e817-5759-4b65-ad6e-3cfeaa583d61
2026-07-10T11:22:36.837587Z,B-like,0.4993698480491361,B-like,C-like,C-like,C-like,Quiet,C-like,B-like,43.844476937213685,0.47976620793657354,0.4993698480491361,LOW,1516,55638fe5-464a-4327-8570-7c15c84cc0b0
2026-07-10T11:22:46.136755Z,B-like,0.4921495120873463,B-like,C-like,C-like,C-like,Quiet,C-like,B-like,44.047264336835795,0.4536336835721497,0.4921495120873463,LOW,818,a9dab07f-4c5c-42dd-8083-8b5719ef0685
2026-07-10T11:22:57.400813Z,B-like,0.5020431455387959,B-like,C-like,C-like,C-like,Quiet,C-like,B-like,41.56748210492931,0.4723285337461577,0.5020431455387959,LOW,2083,e95084fe-c5b8-4a5c-8688-a7fb4a89d5e6
2026-07-10T11:23:08.250207Z,B-like,0.5065678399645114,B-like,C-like,C-like,C-like,Quiet,C-like,B-like,41.37990163947812,0.4614677383937721,0.5065678399645114,LOW,1942,bfe1c5b9-6a01-4ae2-8f6c-f8eccaa793ba
2026-07-10T11:23:17.900038Z,B-like,0.49049120082437725,B-like,C-like,C-like,C-like,Quiet,C-like,B-like,41.54239201530471,0.43878375802260816,0.49049120082437725,LOW,1592,81ff6b6e-f470-4404-86fa-1a586f96bf9e
2026-07-10T11:23:27.363122Z,B-like,0.5192478687707326,B-like,C-like,C-like,C-like,Quiet,C-like,B-like,40.848857861055436,0.42921837532478424,0.5192478687707326,LOW,1056,effc86e2-8be3-4342-bea8-d80f670d8325
2026-07-10T11:23:37.407094Z,B-like,0.49153596351556755,B-like,C-like,C-like,C-like,Quiet,C-like,B-like,41.160489405588535,0.47686456247941783,0.49153596351556755,LOW,1096,6cc36a35-323a-41d7-ae1a-84c9b8d04e94
2026-07-10T11:23:48.786394Z,B-like,0.5064570119530809,B-like,C-like,C-like,C-like,Quiet,C-like,B-like,42.04884061953931,0.45830742895291166,0.5064570119530809,LOW,3468,68bec0a8-c1eb-42b5-9295-62415d6d18d0
2026-07-10T11:23:57.096218Z,B-like,0.5361190673105214,B-like,C-like,C-like,C-like,Quiet,C-like,B-like,43.01477645044597,0.43862722163860907,0.5361190673105214,LOW,1777,95c217dc-6ea0-4b69-8d85-2a04671bc41b
2026-07-10T11:24:06.430654Z,B-like,0.5449785602099678,B-like,C-like,C-like,C-like,Quiet,C-like,B-like,43.52447991490094,0.4567568453408144,0.5449785602099678,LOW,1114,3ef02440-c9e6-48de-a42d-310051f6dcd1
2026-07-10T11:24:17.194489Z,B-like,0.5060189576787965,B-like,C-like,C-like,C-like,Quiet,C-like,B-like,42.22183663078669,0.4689283314911585,0.5060189576787965,LOW,1876,0ed3eafd-593c-40a9-82e4-6edbd8092a40
2026-07-10T11:24:26.379202Z,B-like,0.5166282971299693,B-like,C-like,C-like,C-like,Quiet,C-like,B-like,42.26686214514727,0.47366204505713577,0.5166282971299693,LOW,1060,97330240-82fc-4bc9-be14-759eea348b91
2026-07-10T11:24:36.981414Z,B-like,0.5288591942724916,B-like,C-like,C-like,C-like,Quiet,C-like,B-like,42.81623179994232,0.47241671851131256,0.5288591942724916,LOW,676,2d2c507f-6c02-433f-b7c5-287910658b0b
2026-07-10T11:24:47.063390Z,B-like,0.5233025025542275,B-like,C-like,C-like,C-like,Quiet,C-like,B-like,41.28895017695889,0.47603613778716347,0.5233025025542275,LOW,756,18d9965c-e5e4-4319-a360-e72eff2daa4f
2026-07-10T11:24:57.004784Z,B-like,0.49637662715145947,B-like,C-like,C-like,C-like,Quiet,C-like,B-like,41.10670127378572,0.480883609947913,0.49637662715145947,LOW,697,944533a7-3570-4618-a8c0-3c2cd16d2a3d
2026-07-10T11:25:07.311777Z,B-like,0.48628683132185135,B-like,C-like,C-like,C-like,Quiet,C-like,B-like,41.7974447802797,0.46205049228795225,0.48628683132185135,LOW,1006,a9ed0439-99d5-406f-98aa-2e4a3e86bf9c
2026-07-10T11:25:17.076697Z,B-like,0.5347006740670948,B-like,C-like,C-like,C-like,Quiet,C-like,B-like,41.7639586202042,0.4800361119334453,0.5347006740670948,LOW,770,b9f02a5b-ad0e-4a8c-9188-604bd5d7c6cd
2026-07-10T11:25:30.284832Z,B-like,0.4921575060955943,B-like,C-like,C-like,C-like,Quiet,C-like,B-like,42.609952814123844,0.45373619778781277,0.4921575060955943,LOW,674,00338ffb-1854-479b-847c-033c14d1b70e
2026-07-10T11:26:29.799494Z,B-like,0.5260322344413119,B-like,C-like,C-like,C-like,Quiet,C-like,B-like,43.9778818583538,0.4458105550309259,0.5260322344413119,LOW,453,3c3c14cb-cb23-4a3d-a6d4-f61c8a3332ca
2026-07-10T11:27:29.739035Z,B-like,0.5190457884177637,B-like,C-like,C-like,C-like,Quiet,C-like,B-like,40.85475214943707,0.4656979807981625,0.5190457884177637,LOW,396,1cf54328-0072-42c6-8a03-34ff00085140
2026-07-10T11:27:38.350140Z,B-like,0.5073632891998612,B-like,C-like,C-like,C-like,Quiet,C-like,B-like,43.41767011513685,0.4400169974808106,0.5073632891998612,LOW,3024,054f7f9b-c213-4f17-8d35-e70e357a5f1c
2026-07-10T11:27:48.226812Z,B-like,0.4978757685409983,B-like,C-like,C-like,C-like,Quiet,C-like,B-like,40.2648693742708,0.44403662810251376,0.4978757685409983,LOW,1611,ccf9bbe8-2718-4d94-8739-674b9b35cf2b
2026-07-10T11:27:57.565357Z,B-like,0.5281951568579223,B-like,C-like,C-like,C-like,Quiet,C-like,B-like,40.85885755499959,0.4365529405635502,0.5281951568579223,LOW,1254,2e4bbd32-72e5-4d14-933b-05a21349f02e
2026-07-10T11:28:07.283369Z,B-like,0.514176204463477,B-like,C-like,C-like,C-like,Quiet,C-like,B-like,39.35096821939025,0.4583871647172887,0.514176204463477,LOW,972,0feb8861-1bf0-4290-81fe-4e2f3b184dea
2026-07-10T11:28:17.174829Z,B-like,0.499642196159812,B-like,C-like,C-like,C-like,Quiet,C-like,B-like,44.17036667408443,0.4737773050028584,0.499642196159812,LOW,866,f21b9ca6-58ef-4442-af59-734faa83b767
2026-07-10T11:28:27.075488Z,B-like,0.4923282179400713,B-like,C-like,C-like,C-like,Quiet,C-like,B-like,40.39419866216574,0.4316097340830055,0.4923282179400713,LOW,765,2309b1ea-aa35-4c3b-8b0d-65b37be137c8
2026-07-10T11:28:37.331348Z,B-like,0.5193338886239516,B-like,C-like,C-like,C-like,Quiet,C-like,B-like,41.3209331128252,0.4306558022670459,0.5193338886239516,LOW,1022,aaa9f336-01e8-43d0-8677-126069a54ab0
2026-07-10T17:57:51.575180Z,B-like,0.5065318000558687,B-like,C-like,C-like,C-like,Quiet,C-like,B-like,43.76553137415473,0.4409051988616322,0.5065318000558687,LOW,12790,af65aa9e-6d16-41eb-8fb9-dc6be3b6ba01
2026-07-10T17:58:23.468488Z,B-like,0.5361072738821344,B-like,C-like,C-like,C-like,Quiet,C-like,B-like,41.60849914968145,0.45950866996292566,0.5361072738821344,LOW,8686,7be3e573-06d2-41dd-b7db-745c9d340eea
2026-07-10T17:58:32.525501Z,B-like,0.5166109745868893,B-like,C-like,C-like,C-like,Quiet,C-like,B-like,43.734229667860795,0.45741390626910045,0.5166109745868893,LOW,7729,525c1103-437b-4265-b5e6-3a10eb277725
2026-07-10T17:58:56.001212Z,B-like,0.5255526868621931,B-like,C-like,C-like,C-like,Quiet,C-like,B-like,40.37140145920377,0.4841163787478765,0.5255526868621931,LOW,1793,be831e9f-7e19-4215-8d94-9af51041a8ed
2026-07-10T18:01:03.481046Z,B-like,0.5112761599550674,B-like,C-like,C-like,C-like,Quiet,C-like,B-like,41.261179626691046,0.47114791493871805,0.5112761599550674,LOW,1095,334c8a46-5447-4997-865b-b48c844966f9
2026-07-10T18:01:46.501389Z,B-like,0.5011214578994996,B-like,C-like,C-like,C-like,Quiet,C-like,B-like,41.08639378561287,0.4790605887544763,0.5011214578994996,LOW,216,e045a5d4-3667-46b3-82e5-2060399a69ba
2026-07-10T18:01:57.721846Z,B-like,0.512712214077286,B-like,C-like,C-like,C-like,Quiet,C-like,B-like,40.58105597701584,0.48746187185143647,0.512712214077286,LOW,723,b6d0ec7f-d910-429a-b175-4fc750334cf0
2026-07-10T18:02:06.337469Z,B-like,0.5147975680823158,B-like,C-like,C-like,C-like,Quiet,C-like,B-like,42.92723305840382,0.4395821999161374,0.5147975680823158,LOW,687,15585a11-731f-467b-a086-aeb7d8bc3cee
2026-07-10T18:02:30.142752Z,B-like,0.5385063401378946,B-like,C-like,C-like,C-like,Quiet,C-like,B-like,42.31139445661144,0.4797992032598395,0.5385063401378946,LOW,680,3e767c82-9ff2-415e-a543-b3129785d6ac
2026-07-10T18:02:41.598002Z,B-like,0.5018118993978385,B-like,C-like,C-like,C-like,Quiet,C-like,B-like,42.08459831017253,0.4800512415803623,0.5018118993978385,LOW,2376,dc3d990c-6840-4217-879b-95a1a10f0c30
2026-07-10T18:02:50.373600Z,B-like,0.5247392258716095,B-like,C-like,C-like,C-like,Quiet,C-like,B-like,42.79183300689118,0.47307009743404094,0.5247392258716095,LOW,663,8c0207ae-b20d-4fdd-aab2-12dc64e7f723
2026-07-10T18:03:00.362054Z,B-like,0.5155233324586254,B-like,C-like,C-like,C-like,Quiet,C-like,B-like,41.99239282196413,0.47121016628133783,0.5155233324586254,LOW,965,41a66f23-4c27-4cae-835e-90109e503a5e
2026-07-10T18:03:06.247175Z,B-like,0.5209218546908784,B-like,C-like,C-like,C-like,Quiet,C-like,B-like,43.51200362856257,0.4719785232895468,0.5209218546908784,LOW,630,682c4e79-4c99-4e07-9a61-39221538d2aa
2026-07-10T18:03:20.184154Z,B-like,0.5290702732637195,B-like,C-like,C-like,C-like,Quiet,C-like,B-like,42.52059033740713,0.44794831347906483,0.5290702732637195,LOW,1777,26215ab5-1f41-4d04-a631-647125577c6e
2026-07-10T18:05:04.615395Z,B-like,0.507656410643122,B-like,C-like,C-like,C-like,Quiet,C-like,B-like,40.06925075435046,0.4727242435939339,0.507656410643122,LOW,800,9bd5e0dd-7509-4a83-8a8a-90f44019bd76
2026-07-10T18:05:29.969395Z,B-like,0.5096072633868579,B-like,C-like,C-like,C-like,Quiet,C-like,B-like,39.65723100056761,0.4855711211732205,0.5096072633868579,LOW,647,760e23d3-8d20-4b20-b1c5-a93e00b48c10
2026-07-10T18:06:31.186885Z,B-like,0.48249601532452413,B-like,C-like,C-like,C-like,Quiet,C-like,B-like,41.73494294953965,0.46343316446935356,0.48249601532452413,LOW,1492,bdfa6602-5434-4e3f-95dc-ded235f276f9
2026-07-10T18:10:30.080945Z,B-like,0.4950703015192166,B-like,C-like,C-like,C-like,Quiet,C-like,B-like,43.07692446909754,0.4452717703585882,0.4950703015192166,LOW,447,6de24240-4f46-47a7-bd89-11cad2e8fd34
2026-07-10T18:11:30.012366Z,B-like,0.507455470668168,B-like,C-like,C-like,C-like,Quiet,C-like,B-like,42.65946165333801,0.4705126763770202,0.507455470668168,LOW,680,a671d64f-d588-4cf1-a450-38c1c9b583ac
2026-07-10T18:12:30.650379Z,B-like,0.5184290588500855,B-like,C-like,C-like,C-like,Quiet,C-like,B-like,41.94195270496735,0.45889776017344974,0.5184290588500855,LOW,973,21297237-97ee-4a3a-8e48-2513745da441
2026-07-10T18:13:37.047348Z,B-like,0.5285977269208189,B-like,C-like,C-like,C-like,Quiet,C-like,B-like,41.392683960694164,0.4753670563809322,0.5285977269208189,LOW,942,5968b92f-80aa-4b09-afe6-aa23ad91fc08
2026-07-10T18:18:31.608152Z,B-like,0.5046221574018959,B-like,C-like,C-like,C-like,Quiet,C-like,B-like,43.47213704589988,0.4508610344851558,0.5046221574018959,LOW,193,e7a80f87-a1a4-4545-b5ec-9edc757c83ce
2026-07-10T18:19:29.563042Z,B-like,0.519080915008898,B-like,C-like,C-like,C-like,Quiet,C-like,B-like,43.613215493784296,0.46221934059675973,0.519080915008898,LOW,209,c1457a2d-a81d-4340-9408-beeaba0b4916
2026-07-10T18:20:29.595846Z,B-like,0.5068021329257775,B-like,C-like,C-like,C-like,Quiet,C-like,B-like,44.113094255535025,0.45031526581632125,0.5068021329257775,LOW,135,46991c9b-b580-4020-932a-a0d37fd242ce
2026-07-10T18:21:29.469190Z,B-like,0.5312055621126164,B-like,C-like,C-like,C-like,Quiet,C-like,B-like,43.68815392657796,0.4573434796969159,0.5312055621126164,LOW,141,981ed47f-3c45-44d8-a229-d3790e8b31d9
2026-07-10T18:22:29.591075Z,B-like,0.4957006029393866,B-like,C-like,C-like,C-like,Quiet,C-like,B-like,39.63774437987693,0.4583200567206219,0.4957006029393866,LOW,140,3f2ef4d6-5e62-48bb-b1a1-d326dfdcf6df
2026-07-10T18:23:29.636757Z,B-like,0.5092783659337928,B-like,C-like,C-like,C-like,Quiet,C-like,B-like,42.79567471154668,0.4803852748586057,0.5092783659337928,LOW,174,546c48e6-0323-4273-a740-9d3404ab8d45
2026-07-10T18:24:29.538984Z,B-like,0.48686398623172183,B-like,C-like,C-like,C-like,Quiet,C-like,B-like,39.70885544002875,0.4513453396271552,0.48686398623172183,LOW,200,0b41575a-7a93-491b-a93d-4988706e7882
2026-07-10T18:25:30.410425Z,B-like,0.5045293872321646,B-like,C-like,C-like,C-like,Quiet,C-like,B-like,40.93791986485319,0.4414816084399518,0.5045293872321646,LOW,1085,64f59c48-6a84-4881-8dbe-f8c8625383b9
2026-07-10T18:26:30.516473Z,B-like,0.5128153051235673,B-like,C-like,C-like,C-like,Quiet,C-like,B-like,41.0132297119374,0.4838897706726722,0.5128153051235673,LOW,854,4a2ca1ab-b077-48c9-b122-7b834b2d45ca
2026-07-10T18:27:29.882658Z,B-like,0.5418032827370021,B-like,C-like,C-like,C-like,Quiet,C-like,B-like,43.861635244485896,0.4347792704774443,0.5418032827370021,LOW,545,7b65438e-2ee3-4cb5-9379-9a917e66ddc1
2026-07-10T18:28:11.037103Z,B-like,0.5388725678695354,B-like,C-like,C-like,C-like,Quiet,C-like,B-like,44.08726613959368,0.447019781414085,0.5388725678695354,LOW,746,dae98f66-bfad-44f7-9e79-017102274fdf
2026-07-10T18:28:16.646701Z,B-like,0.5169237708038963,B-like,C-like,C-like,C-like,Quiet,C-like,B-like,39.410546438251075,0.4629770778624185,0.5169237708038963,LOW,645,abdcd49b-223d-48a4-82a3-15df12e0d3f4
2026-07-10T18:28:28.856923Z,B-like,0.49818146676884845,B-like,C-like,C-like,C-like,Quiet,C-like,B-like,42.97044188488422,0.4746227809354631,0.49818146676884845,LOW,564,2544c42f-cc86-40f2-be40-5ffd69ddc912
2026-07-10T18:28:36.277079Z,B-like,0.5265598529746939,B-like,C-like,C-like,C-like,Quiet,C-like,B-like,42.98122024328947,0.4590661953362937,0.5265598529746939,LOW,640,7ba92ffc-8728-4b65-8732-748eec8c6a9e
2026-07-10T18:28:45.969417Z,B-like,0.5326515803029863,B-like,C-like,C-like,C-like,Quiet,C-like,B-like,41.45925098899555,0.48757719639141306,0.5326515803029863,LOW,653,463f10fa-a12f-4cac-b3ea-5098a52de582
2026-07-10T18:28:57.676848Z,B-like,0.48674571999618654,B-like,C-like,C-like,C-like,Quiet,C-like,B-like,42.18586517288655,0.4772091442259396,0.48674571999618654,LOW,557,ea8c7251-9b56-4878-9c09-3ae22d3007d7
2026-07-10T18:29:05.763575Z,B-like,0.5395105153989065,B-like,C-like,C-like,C-like,Quiet,C-like,B-like,43.34867474532104,0.4305038278644891,0.5395105153989065,LOW,441,cdf5c2ca-8e04-4216-87f4-10cafad33eb7
2026-07-10T18:29:33.827170Z,B-like,0.5385498131474104,B-like,C-like,C-like,C-like,Quiet,C-like,B-like,43.513264672225844,0.48739127946899574,0.5385498131474104,LOW,1018,2235897d-ec41-41aa-87cf-d0edd9b2a3f9
2026-07-10T18:30:30.239379Z,B-like,0.48934729772654667,B-like,C-like,C-like,C-like,Quiet,C-like,B-like,41.398099743372285,0.47302241479811846,0.48934729772654667,LOW,581,edee41f3-5ca4-46ef-ad26-cab63bb1595e
2026-07-10T18:31:30.244247Z,B-like,0.499804976228575,B-like,C-like,C-like,C-like,Quiet,C-like,B-like,39.77149171156184,0.47763214204165355,0.499804976228575,LOW,585,a1b323db-2d68-4cd1-b375-1d8a0d5fb41f
2026-07-10T18:32:32.114237Z,B-like,0.5389316134826948,B-like,C-like,C-like,C-like,Quiet,C-like,B-like,43.12769413549573,0.4780934816859041,0.5389316134826948,LOW,1646,d94fba00-be1c-4f67-93e6-e85be1e9d986
2026-07-11T06:13:01.546718Z,B-like,0.4956473604102745,B-like,C-like,C-like,C-like,Quiet,C-like,B-like,43.64959029036575,0.444519622892672,0.4956473604102745,LOW,1571,e04dca23-ef9f-4265-ac9c-2d58118ecb27
2026-07-11T06:13:02.218777Z,B-like,0.5178830699844693,B-like,C-like,C-like,C-like,Quiet,C-like,B-like,40.243224868053744,0.48500583383818685,0.5178830699844693,LOW,660,6b9cdfde-0b61-44e6-a180-2b8768ded797
