flare_start,flare_peak,flare_end,peak_flux,duration_sec,flare_class
2024-06-27 01:25:34.175,2024-06-27 01:25:56.900,2024-06-27 01:25:57.900,1418.0,23.725,Major
2024-06-27 01:28:01.900,2024-06-27 01:28:02.900,2024-06-27 01:28:03.900,840.0,2.0,Minor
2024-06-27 01:30:10.900,2024-06-27 01:30:11.900,2024-06-27 01:30:12.900,864.0,2.0,Moderate
2024-06-27 01:33:00.900,2024-06-27 01:33:01.900,2024-06-27 01:33:02.900,754.0,2.0,Minor
2024-06-27 01:35:14.900,2024-06-27 01:35:15.900,2024-06-27 01:35:16.900,766.0,2.0,Minor
2024-06-27 01:37:22.900,2024-06-27 01:37:23.900,2024-06-27 01:37:24.900,884.0,2.0,Moderate
2024-06-27 01:42:04.900,2024-06-27 01:42:05.900,2024-06-27 01:42:06.900,950.0,2.0,Moderate
2024-06-27 01:45:53.900,2024-06-27 01:45:54.900,2024-06-27 01:45:55.900,846.0,2.0,Minor
2024-06-27 01:48:18.900,2024-06-27 01:48:19.900,2024-06-27 01:48:20.900,1488.0,2.0,Major
2024-06-27 01:51:32.900,2024-06-27 01:51:33.900,2024-06-27 01:51:34.900,784.0,2.0,Minor
2024-06-27 01:53:37.900,2024-06-27 01:53:38.900,2024-06-27 01:53:39.900,718.0,2.0,Minor
2024-06-27 01:55:39.900,2024-06-27 01:55:40.900,2024-06-27 01:55:41.900,774.0,2.0,Minor
2024-06-27 01:58:06.900,2024-06-27 01:58:07.900,2024-06-27 01:58:08.900,820.0,2.0,Minor
2024-06-27 02:02:02.900,2024-06-27 02:02:03.900,2024-06-27 02:02:04.900,864.0,2.0,Moderate
2024-06-27 02:05:48.900,2024-06-27 02:05:49.900,2024-06-27 02:05:50.900,864.0,2.0,Moderate
2024-06-27 02:08:16.900,2024-06-27 02:08:17.900,2024-06-27 02:08:18.900,820.0,2.0,Minor
2024-06-27 02:10:21.900,2024-06-27 02:10:22.900,2024-06-27 02:10:23.900,758.0,2.0,Minor
2024-06-27 02:12:27.900,2024-06-27 02:12:28.900,2024-06-27 02:12:29.900,966.0,2.0,Moderate
2024-06-27 02:15:24.900,2024-06-27 02:15:25.900,2024-06-27 02:15:26.900,826.0,2.0,Minor
2024-06-27 02:18:22.900,2024-06-27 02:18:23.900,2024-06-27 02:18:24.900,772.0,2.0,Minor
2024-06-27 02:20:24.900,2024-06-27 02:20:25.900,2024-06-27 02:20:26.900,792.0,2.0,Minor
2024-06-27 02:22:32.900,2024-06-27 02:22:33.900,2024-06-27 02:22:34.900,862.0,2.0,Moderate
2024-06-27 02:25:34.900,2024-06-27 02:25:35.900,2024-06-27 02:25:36.900,822.0,2.0,Minor
2024-06-27 02:28:21.900,2024-06-27 02:28:22.900,2024-06-27 02:28:24.900,1374.0,3.0,Major
2024-06-27 02:31:32.900,2024-06-27 02:31:33.900,2024-06-27 02:31:34.900,832.0,2.0,Minor
2024-06-27 02:34:46.900,2024-06-27 02:34:47.900,2024-06-27 02:34:48.900,886.0,2.0,Moderate
2024-06-27 02:38:45.900,2024-06-27 02:38:46.900,2024-06-27 02:38:47.900,822.0,2.0,Minor
2024-06-27 02:41:11.900,2024-06-27 02:41:12.900,2024-06-27 02:41:13.900,878.0,2.0,Moderate
2024-06-27 02:44:40.900,2024-06-27 02:44:41.900,2024-06-27 02:44:42.900,858.0,2.0,Minor
2024-06-27 02:47:04.900,2024-06-27 02:47:05.900,2024-06-27 02:47:06.900,874.0,2.0,Moderate
2024-06-27 02:50:48.900,2024-06-27 02:50:49.900,2024-06-27 02:50:50.900,836.0,2.0,Minor
2024-06-27 02:53:18.900,2024-06-27 02:53:19.900,2024-06-27 02:53:20.900,798.0,2.0,Minor
2024-06-27 02:56:05.900,2024-06-27 02:56:06.900,2024-06-27 02:56:07.900,828.0,2.0,Minor
2024-06-27 02:59:22.900,2024-06-27 02:59:23.900,2024-06-27 02:59:24.900,898.0,2.0,Moderate
2024-06-27 03:03:38.900,2024-06-27 03:03:39.900,2024-06-27 03:03:40.900,844.0,2.0,Minor
2024-06-27 03:06:34.900,2024-06-27 03:06:35.900,2024-06-27 03:06:36.900,854.0,2.0,Minor
2024-06-27 03:10:24.900,2024-06-27 03:10:25.900,2024-06-27 03:10:26.900,848.0,2.0,Minor
2024-06-27 03:13:12.900,2024-06-27 03:13:13.900,2024-06-27 03:13:14.900,800.0,2.0,Minor
2024-06-27 03:15:52.900,2024-06-27 03:15:53.900,2024-06-27 03:15:54.900,812.0,2.0,Minor
2024-06-27 03:18:06.900,2024-06-27 03:18:07.900,2024-06-27 03:18:08.900,808.0,2.0,Minor
2024-06-27 03:20:58.900,2024-06-27 03:20:59.900,2024-06-27 03:21:00.900,788.0,2.0,Minor
2024-06-27 03:24:36.900,2024-06-27 03:24:37.900,2024-06-27 03:24:38.900,892.0,2.0,Moderate
2024-06-27 03:28:13.900,2024-06-27 03:28:14.900,2024-06-27 03:28:15.900,792.0,2.0,Minor
2024-06-27 03:31:00.900,2024-06-27 03:31:01.900,2024-06-27 03:31:02.900,824.0,2.0,Minor
2024-06-27 03:34:36.900,2024-06-27 03:34:37.900,2024-06-27 03:34:38.900,778.0,2.0,Minor
2024-06-27 03:37:38.900,2024-06-27 03:37:39.900,2024-06-27 03:37:40.900,1026.0,2.0,Moderate
2024-06-27 03:40:19.900,2024-06-27 03:40:20.900,2024-06-27 03:40:21.900,768.0,2.0,Minor
2024-06-27 03:43:10.900,2024-06-27 03:43:11.900,2024-06-27 03:43:12.900,870.0,2.0,Moderate
2024-06-27 03:45:26.900,2024-06-27 03:45:27.900,2024-06-27 03:45:28.900,786.0,2.0,Minor
2024-06-27 03:49:37.900,2024-06-27 03:49:38.900,2024-06-27 03:49:39.900,892.0,2.0,Moderate
2024-06-27 03:52:27.900,2024-06-27 03:52:28.900,2024-06-27 03:52:29.900,800.0,2.0,Minor
2024-06-27 03:55:36.900,2024-06-27 03:55:37.900,2024-06-27 03:55:38.900,820.0,2.0,Minor
2024-06-27 03:58:16.900,2024-06-27 03:58:17.900,2024-06-27 03:58:18.900,890.0,2.0,Moderate
2024-06-27 04:02:29.900,2024-06-27 04:02:30.900,2024-06-27 04:02:31.900,904.0,2.0,Moderate
2024-06-27 04:05:52.900,2024-06-27 04:05:53.900,2024-06-27 04:05:54.900,852.0,2.0,Minor
2024-06-27 04:09:50.900,2024-06-27 04:09:51.900,2024-06-27 04:09:52.900,790.0,2.0,Minor
2024-06-27 04:12:56.900,2024-06-27 04:12:57.900,2024-06-27 04:12:58.900,800.0,2.0,Minor
2024-06-27 04:15:04.900,2024-06-27 04:15:05.900,2024-06-27 04:15:06.900,842.0,2.0,Minor
2024-06-27 04:17:17.900,2024-06-27 04:17:18.900,2024-06-27 04:17:19.900,744.0,2.0,Minor
2024-06-27 04:20:21.900,2024-06-27 04:20:22.900,2024-06-27 04:20:23.900,1178.0,2.0,Major
2024-06-27 04:23:23.900,2024-06-27 04:23:24.900,2024-06-27 04:23:25.900,842.0,2.0,Minor
2024-06-27 04:25:41.900,2024-06-27 04:25:42.900,2024-06-27 04:25:43.900,882.0,2.0,Moderate
2024-06-27 04:27:47.900,2024-06-27 04:27:48.900,2024-06-27 04:27:49.900,820.0,2.0,Minor
2024-06-27 04:30:10.900,2024-06-27 04:30:11.900,2024-06-27 04:30:12.900,806.0,2.0,Minor
2024-06-27 04:33:56.900,2024-06-27 04:33:57.900,2024-06-27 04:33:58.900,834.0,2.0,Minor
2024-06-27 04:35:59.900,2024-06-27 04:36:00.900,2024-06-27 04:36:01.900,766.0,2.0,Minor
2024-06-27 04:38:03.900,2024-06-27 04:38:04.900,2024-06-27 04:38:05.900,808.0,2.0,Minor
2024-06-27 04:40:06.900,2024-06-27 04:40:07.900,2024-06-27 04:40:08.900,782.0,2.0,Minor
2024-06-27 04:42:21.900,2024-06-27 04:42:22.900,2024-06-27 04:42:23.900,824.0,2.0,Minor
2024-06-27 04:44:21.900,2024-06-27 04:44:22.900,2024-06-27 04:44:23.900,842.0,2.0,Minor
2024-06-27 04:46:50.900,2024-06-27 04:46:51.900,2024-06-27 04:46:52.900,766.0,2.0,Minor
2024-06-27 04:50:22.900,2024-06-27 04:50:23.900,2024-06-27 04:50:24.900,782.0,2.0,Minor
2024-06-27 04:53:03.900,2024-06-27 04:53:04.900,2024-06-27 04:53:05.900,822.0,2.0,Minor
2024-06-27 04:57:01.900,2024-06-27 04:57:02.900,2024-06-27 04:57:03.900,848.0,2.0,Minor
2024-06-27 04:59:13.900,2024-06-27 04:59:14.900,2024-06-27 04:59:15.900,846.0,2.0,Minor
2024-06-27 05:03:11.900,2024-06-27 05:03:13.900,2024-06-27 05:03:14.900,1088.0,3.0,Moderate
2024-06-27 05:05:30.900,2024-06-27 05:05:31.900,2024-06-27 05:05:32.900,854.0,2.0,Minor
2024-06-27 05:09:21.900,2024-06-27 05:09:22.900,2024-06-27 05:09:23.900,868.0,2.0,Moderate
2024-06-27 05:13:14.900,2024-06-27 05:13:15.900,2024-06-27 05:13:16.900,864.0,2.0,Moderate
2024-06-27 05:15:33.900,2024-06-27 05:15:34.900,2024-06-27 05:15:35.900,832.0,2.0,Minor
2024-06-27 05:19:20.900,2024-06-27 05:19:21.900,2024-06-27 05:19:22.900,874.0,2.0,Moderate
2024-06-27 05:21:53.900,2024-06-27 05:21:54.900,2024-06-27 05:21:55.900,706.0,2.0,Minor
2024-06-27 05:23:59.900,2024-06-27 05:24:00.900,2024-06-27 05:24:01.900,790.0,2.0,Minor
2024-06-27 05:27:15.900,2024-06-27 05:27:16.900,2024-06-27 05:27:17.900,802.0,2.0,Minor
2024-06-27 05:30:01.900,2024-06-27 05:30:02.900,2024-06-27 05:30:03.900,808.0,2.0,Minor
2024-06-27 05:32:17.900,2024-06-27 05:32:18.900,2024-06-27 05:32:19.900,858.0,2.0,Minor
2024-06-27 05:36:04.900,2024-06-27 05:36:05.900,2024-06-27 05:36:06.900,854.0,2.0,Minor
2024-06-27 05:38:05.900,2024-06-27 05:38:06.900,2024-06-27 05:38:07.900,842.0,2.0,Minor
2024-06-27 05:40:59.900,2024-06-27 05:41:00.900,2024-06-27 05:41:01.900,716.0,2.0,Minor
2024-06-27 05:43:12.900,2024-06-27 05:43:13.900,2024-06-27 05:43:14.900,778.0,2.0,Minor
2024-06-27 05:46:12.900,2024-06-27 05:46:13.900,2024-06-27 05:46:14.900,808.0,2.0,Minor
2024-06-27 05:48:59.900,2024-06-27 05:49:00.900,2024-06-27 05:49:01.900,924.0,2.0,Moderate
2024-06-27 05:52:01.900,2024-06-27 05:52:02.900,2024-06-27 05:52:03.900,842.0,2.0,Minor
2024-06-27 05:55:08.900,2024-06-27 05:55:09.900,2024-06-27 05:55:10.900,858.0,2.0,Minor
2024-06-27 05:57:32.900,2024-06-27 05:57:33.900,2024-06-27 05:57:34.900,734.0,2.0,Minor
2024-06-27 05:59:36.900,2024-06-27 05:59:37.900,2024-06-27 05:59:38.900,818.0,2.0,Minor
2024-06-27 06:01:40.900,2024-06-27 06:01:41.900,2024-06-27 06:01:42.900,838.0,2.0,Minor
2024-06-27 06:04:11.900,2024-06-27 06:04:12.900,2024-06-27 06:04:13.900,734.0,2.0,Minor
2024-06-27 06:06:25.900,2024-06-27 06:06:26.900,2024-06-27 06:06:27.900,782.0,2.0,Minor
2024-06-27 06:09:36.900,2024-06-27 06:09:37.900,2024-06-27 06:09:38.900,894.0,2.0,Moderate
2024-06-27 06:13:32.900,2024-06-27 06:13:33.900,2024-06-27 06:13:34.900,868.0,2.0,Moderate
2024-06-27 06:17:17.900,2024-06-27 06:17:18.900,2024-06-27 06:17:19.900,850.0,2.0,Minor
2024-06-27 06:19:41.900,2024-06-27 06:19:42.900,2024-06-27 06:19:43.900,830.0,2.0,Minor
2024-06-27 06:21:55.900,2024-06-27 06:21:56.900,2024-06-27 06:21:57.900,836.0,2.0,Minor
2024-06-27 06:24:11.900,2024-06-27 06:24:12.900,2024-06-27 06:24:13.900,776.0,2.0,Minor
2024-06-27 06:26:48.900,2024-06-27 06:26:49.900,2024-06-27 06:26:50.900,804.0,2.0,Minor
2024-06-27 06:29:33.900,2024-06-27 06:29:34.900,2024-06-27 06:29:35.900,846.0,2.0,Minor
2024-06-27 06:31:46.900,2024-06-27 06:31:47.900,2024-06-27 06:31:48.900,780.0,2.0,Minor
2024-06-27 06:34:01.900,2024-06-27 06:34:02.900,2024-06-27 06:34:03.900,824.0,2.0,Minor
2024-06-27 06:36:14.900,2024-06-27 06:36:15.900,2024-06-27 06:36:16.900,882.0,2.0,Moderate
2024-06-27 06:39:10.900,2024-06-27 06:39:11.900,2024-06-27 06:39:12.900,846.0,2.0,Minor
2024-06-27 06:43:32.900,2024-06-27 06:43:33.900,2024-06-27 06:43:34.900,832.0,2.0,Minor
2024-06-27 06:45:41.900,2024-06-27 06:45:42.900,2024-06-27 06:45:43.900,760.0,2.0,Minor
2024-06-27 06:48:21.900,2024-06-27 06:48:22.900,2024-06-27 06:48:23.900,810.0,2.0,Minor
2024-06-27 06:52:26.900,2024-06-27 06:52:27.900,2024-06-27 06:52:28.900,850.0,2.0,Minor
2024-06-27 06:54:58.900,2024-06-27 06:54:59.900,2024-06-27 06:55:00.900,750.0,2.0,Minor
2024-06-27 06:57:29.900,2024-06-27 06:57:30.900,2024-06-27 06:57:31.900,928.0,2.0,Moderate
2024-06-27 07:00:25.900,2024-06-27 07:00:26.900,2024-06-27 07:00:27.900,854.0,2.0,Minor
2024-06-27 07:04:29.900,2024-06-27 07:04:30.900,2024-06-27 07:04:31.900,848.0,2.0,Minor
2024-06-27 07:08:24.900,2024-06-27 07:08:25.900,2024-06-27 07:08:26.900,788.0,2.0,Minor
2024-06-27 07:10:29.900,2024-06-27 07:10:30.900,2024-06-27 07:10:31.900,822.0,2.0,Minor
2024-06-27 07:12:32.900,2024-06-27 07:12:33.900,2024-06-27 07:12:34.900,708.0,2.0,Minor
2024-06-27 07:15:13.900,2024-06-27 07:15:14.900,2024-06-27 07:15:15.900,862.0,2.0,Moderate
2024-06-27 07:18:43.900,2024-06-27 07:18:44.900,2024-06-27 07:18:45.900,770.0,2.0,Minor
2024-06-27 07:20:46.900,2024-06-27 07:20:47.900,2024-06-27 07:20:48.900,880.0,2.0,Moderate
2024-06-27 07:23:54.900,2024-06-27 07:23:55.900,2024-06-27 07:23:56.900,868.0,2.0,Moderate
2024-06-27 07:26:14.900,2024-06-27 07:26:15.900,2024-06-27 07:26:16.900,808.0,2.0,Minor
2024-06-27 07:29:10.900,2024-06-27 07:29:11.900,2024-06-27 07:29:12.900,796.0,2.0,Minor
2024-06-27 07:31:32.900,2024-06-27 07:31:33.900,2024-06-27 07:31:34.900,844.0,2.0,Minor
2024-06-27 07:34:58.900,2024-06-27 07:34:59.900,2024-06-27 07:35:00.900,796.0,2.0,Minor
2024-06-27 07:37:28.900,2024-06-27 07:37:29.900,2024-06-27 07:37:30.900,752.0,2.0,Minor
2024-06-27 07:39:28.900,2024-06-27 07:39:29.900,2024-06-27 07:39:30.900,794.0,2.0,Minor
2024-06-27 07:42:42.900,2024-06-27 07:42:43.900,2024-06-27 07:42:44.900,824.0,2.0,Minor
2024-06-27 07:46:58.900,2024-06-27 07:46:59.900,2024-06-27 07:47:00.900,852.0,2.0,Minor
2024-06-27 07:50:12.900,2024-06-27 07:50:13.900,2024-06-27 07:50:14.900,830.0,2.0,Minor
2024-06-27 07:52:40.900,2024-06-27 07:52:41.900,2024-06-27 07:52:42.900,786.0,2.0,Minor
2024-06-27 07:55:43.900,2024-06-27 07:55:44.900,2024-06-27 07:55:45.900,782.0,2.0,Minor
2024-06-27 07:59:11.900,2024-06-27 07:59:12.900,2024-06-27 07:59:13.900,818.0,2.0,Minor
2024-06-27 08:02:22.900,2024-06-27 08:02:23.900,2024-06-27 08:02:24.900,840.0,2.0,Minor
2024-06-27 08:06:23.900,2024-06-27 08:06:24.900,2024-06-27 08:06:25.900,850.0,2.0,Minor
2024-06-27 08:09:30.900,2024-06-27 08:09:31.900,2024-06-27 08:09:32.900,904.0,2.0,Moderate
2024-06-27 08:12:55.900,2024-06-27 08:12:56.900,2024-06-27 08:12:57.900,782.0,2.0,Minor
2024-06-27 08:15:13.900,2024-06-27 08:15:14.900,2024-06-27 08:15:15.900,696.0,2.0,Minor
2024-06-27 08:17:16.900,2024-06-27 08:17:17.900,2024-06-27 08:17:18.900,836.0,2.0,Minor
2024-06-27 08:19:59.900,2024-06-27 08:20:00.900,2024-06-27 08:20:01.900,854.0,2.0,Minor
2024-06-27 08:22:58.900,2024-06-27 08:22:59.900,2024-06-27 08:23:00.900,792.0,2.0,Minor
2024-06-27 08:26:49.900,2024-06-27 08:26:50.900,2024-06-27 08:26:51.900,816.0,2.0,Minor
2024-06-27 08:28:59.900,2024-06-27 08:29:00.900,2024-06-27 08:29:01.900,790.0,2.0,Minor
2024-06-27 08:31:55.900,2024-06-27 08:31:56.900,2024-06-27 08:31:57.900,866.0,2.0,Moderate
2024-06-27 08:34:00.900,2024-06-27 08:34:01.900,2024-06-27 08:34:02.900,732.0,2.0,Minor
2024-06-27 08:37:48.900,2024-06-27 08:37:49.900,2024-06-27 08:37:50.900,890.0,2.0,Moderate
2024-06-27 08:41:24.900,2024-06-27 08:41:25.900,2024-06-27 08:41:26.900,758.0,2.0,Minor
2024-06-27 08:43:38.900,2024-06-27 08:43:39.900,2024-06-27 08:43:40.900,862.0,2.0,Moderate
2024-06-27 08:47:31.900,2024-06-27 08:47:32.900,2024-06-27 08:47:33.900,850.0,2.0,Minor
2024-06-27 08:49:32.900,2024-06-27 08:49:33.900,2024-06-27 08:49:34.900,868.0,2.0,Moderate
2024-06-27 08:51:51.900,2024-06-27 08:51:52.900,2024-06-27 08:51:53.900,768.0,2.0,Minor
2024-06-27 08:53:53.900,2024-06-27 08:53:54.900,2024-06-27 08:53:55.900,828.0,2.0,Minor
2024-06-27 08:56:05.900,2024-06-27 08:56:06.900,2024-06-27 08:56:07.900,882.0,2.0,Moderate
2024-06-27 08:59:29.900,2024-06-27 08:59:30.900,2024-06-27 08:59:31.900,1340.0,2.0,Major
2024-06-27 09:02:37.900,2024-06-27 09:02:38.900,2024-06-27 09:02:39.900,888.0,2.0,Moderate
2024-06-27 09:05:53.900,2024-06-27 09:05:54.900,2024-06-27 09:05:55.900,800.0,2.0,Minor
2024-06-27 09:08:23.900,2024-06-27 09:08:24.900,2024-06-27 09:08:25.900,780.0,2.0,Minor
2024-06-27 09:10:25.900,2024-06-27 09:10:26.900,2024-06-27 09:10:27.900,822.0,2.0,Minor
2024-06-27 09:13:54.900,2024-06-27 09:13:55.900,2024-06-27 09:13:56.900,786.0,2.0,Minor
2024-06-27 09:15:59.900,2024-06-27 09:16:00.900,2024-06-27 09:16:01.900,772.0,2.0,Minor
2024-06-27 09:18:00.900,2024-06-27 09:18:01.900,2024-06-27 09:18:02.900,806.0,2.0,Minor
2024-06-27 09:20:19.900,2024-06-27 09:20:20.900,2024-06-27 09:20:21.900,906.0,2.0,Moderate
2024-06-27 09:22:31.900,2024-06-27 09:22:32.900,2024-06-27 09:22:33.900,810.0,2.0,Minor
2024-06-27 09:26:19.900,2024-06-27 09:26:20.900,2024-06-27 09:26:21.900,810.0,2.0,Minor
2024-06-27 09:29:32.900,2024-06-27 09:29:33.900,2024-06-27 09:29:34.900,784.0,2.0,Minor
2024-06-27 09:32:24.900,2024-06-27 09:32:25.900,2024-06-27 09:32:26.900,826.0,2.0,Minor
2024-06-27 09:34:32.900,2024-06-27 09:34:33.900,2024-06-27 09:34:34.900,794.0,2.0,Minor
2024-06-27 09:37:35.900,2024-06-27 09:37:36.900,2024-06-27 09:37:37.900,800.0,2.0,Minor
2024-06-27 09:41:06.900,2024-06-27 09:41:07.900,2024-06-27 09:41:08.900,954.0,2.0,Moderate
2024-06-27 09:43:26.900,2024-06-27 09:43:27.900,2024-06-27 09:43:28.900,760.0,2.0,Minor
2024-06-27 09:46:58.900,2024-06-27 09:46:59.900,2024-06-27 09:47:00.900,792.0,2.0,Minor
2024-06-27 09:49:54.900,2024-06-27 09:49:55.900,2024-06-27 09:49:56.900,846.0,2.0,Minor
2024-06-27 09:53:57.900,2024-06-27 09:53:58.900,2024-06-27 09:53:59.900,860.0,2.0,Minor
2024-06-27 09:56:03.900,2024-06-27 09:56:04.900,2024-06-27 09:56:05.900,750.0,2.0,Minor
2024-06-27 09:58:20.900,2024-06-27 09:58:21.900,2024-06-27 09:58:22.900,802.0,2.0,Minor
2024-06-27 10:00:41.900,2024-06-27 10:00:42.900,2024-06-27 10:00:43.900,868.0,2.0,Moderate
2024-06-27 10:04:06.900,2024-06-27 10:04:07.900,2024-06-27 10:04:08.900,898.0,2.0,Moderate
2024-06-27 10:06:06.900,2024-06-27 10:06:07.900,2024-06-27 10:06:08.900,932.0,2.0,Moderate
2024-06-27 10:08:59.900,2024-06-27 10:09:00.900,2024-06-27 10:09:01.900,782.0,2.0,Minor
2024-06-27 10:11:27.900,2024-06-27 10:11:28.900,2024-06-27 10:11:29.900,806.0,2.0,Minor
2024-06-27 10:14:28.900,2024-06-27 10:14:29.900,2024-06-27 10:14:30.900,868.0,2.0,Moderate
2024-06-27 10:18:39.900,2024-06-27 10:18:40.900,2024-06-27 10:18:41.900,882.0,2.0,Moderate
2024-06-27 10:21:46.900,2024-06-27 10:21:47.900,2024-06-27 10:21:48.900,788.0,2.0,Minor
2024-06-27 10:24:44.900,2024-06-27 10:24:45.900,2024-06-27 10:24:46.900,878.0,2.0,Moderate
2024-06-27 10:27:23.900,2024-06-27 10:27:24.900,2024-06-27 10:27:25.900,706.0,2.0,Minor
2024-06-27 10:29:36.900,2024-06-27 10:29:37.900,2024-06-27 10:29:38.900,822.0,2.0,Minor
2024-06-27 10:33:29.900,2024-06-27 10:33:30.900,2024-06-27 10:33:31.900,842.0,2.0,Minor
2024-06-27 10:37:16.900,2024-06-27 10:37:17.900,2024-06-27 10:37:18.900,818.0,2.0,Minor
2024-06-27 10:41:17.900,2024-06-27 10:41:18.900,2024-06-27 10:41:19.900,798.0,2.0,Minor
2024-06-27 10:45:16.900,2024-06-27 10:45:17.900,2024-06-27 10:45:18.900,812.0,2.0,Minor
2024-06-27 10:47:29.900,2024-06-27 10:47:30.900,2024-06-27 10:47:31.900,882.0,2.0,Moderate
2024-06-27 10:49:34.900,2024-06-27 10:49:35.900,2024-06-27 10:49:36.900,850.0,2.0,Minor
2024-06-27 10:52:31.900,2024-06-27 10:52:32.900,2024-06-27 10:52:33.900,846.0,2.0,Minor
2024-06-27 10:55:15.900,2024-06-27 10:55:16.900,2024-06-27 10:55:17.900,788.0,2.0,Minor
2024-06-27 10:59:25.900,2024-06-27 10:59:26.900,2024-06-27 10:59:27.900,844.0,2.0,Minor
2024-06-27 11:03:05.900,2024-06-27 11:03:06.900,2024-06-27 11:03:07.900,868.0,2.0,Moderate
2024-06-27 11:05:05.900,2024-06-27 11:05:06.900,2024-06-27 11:05:07.900,802.0,2.0,Minor
2024-06-27 11:07:05.900,2024-06-27 11:07:06.900,2024-06-27 11:07:07.900,726.0,2.0,Minor
2024-06-27 11:10:24.900,2024-06-27 11:10:25.900,2024-06-27 11:10:26.900,870.0,2.0,Moderate
2024-06-27 11:12:35.900,2024-06-27 11:12:36.900,2024-06-27 11:12:37.900,808.0,2.0,Minor
2024-06-27 11:14:41.900,2024-06-27 11:14:42.900,2024-06-27 11:14:43.900,784.0,2.0,Minor
2024-06-27 11:17:59.900,2024-06-27 11:18:00.900,2024-06-27 11:18:01.900,1254.0,2.0,Major
2024-06-27 11:20:19.900,2024-06-27 11:20:20.900,2024-06-27 11:20:21.900,784.0,2.0,Minor
2024-06-27 11:22:28.900,2024-06-27 11:22:29.900,2024-06-27 11:22:30.900,838.0,2.0,Minor
2024-06-27 11:26:27.900,2024-06-27 11:26:28.900,2024-06-27 11:26:29.900,840.0,2.0,Minor
2024-06-27 11:28:33.900,2024-06-27 11:28:34.900,2024-06-27 11:28:35.900,760.0,2.0,Minor
2024-06-27 11:30:33.900,2024-06-27 11:30:34.900,2024-06-27 11:30:35.900,824.0,2.0,Minor
2024-06-27 11:32:38.900,2024-06-27 11:32:39.900,2024-06-27 11:32:40.900,792.0,2.0,Minor
2024-06-27 11:34:53.900,2024-06-27 11:34:54.900,2024-06-27 11:34:55.900,712.0,2.0,Minor
2024-06-27 11:37:50.900,2024-06-27 11:37:51.900,2024-06-27 11:37:52.900,848.0,2.0,Minor
2024-06-27 11:40:16.900,2024-06-27 11:40:17.900,2024-06-27 11:40:18.900,806.0,2.0,Minor
2024-06-27 11:42:54.900,2024-06-27 11:42:55.900,2024-06-27 11:42:56.900,832.0,2.0,Minor
2024-06-27 11:45:44.900,2024-06-27 11:45:45.900,2024-06-27 11:45:46.900,952.0,2.0,Moderate
2024-06-27 11:48:22.900,2024-06-27 11:48:23.900,2024-06-27 11:48:24.900,846.0,2.0,Minor
2024-06-27 11:51:42.900,2024-06-27 11:51:43.900,2024-06-27 11:51:44.900,814.0,2.0,Minor
2024-06-27 11:54:16.900,2024-06-27 11:54:17.900,2024-06-27 11:54:18.900,864.0,2.0,Moderate
2024-06-27 11:59:04.900,2024-06-27 11:59:05.900,2024-06-27 11:59:06.900,824.0,2.0,Minor
2024-06-27 12:03:20.533,2024-06-27 12:03:21.533,2024-06-27 12:03:22.533,816.0,2.0,Minor
2024-06-27 12:06:46.533,2024-06-27 12:06:47.533,2024-06-27 12:06:48.533,862.0,2.0,Moderate
2024-06-27 12:09:13.533,2024-06-27 12:09:14.533,2024-06-27 12:09:15.533,814.0,2.0,Minor
2024-06-27 12:11:43.533,2024-06-27 12:11:44.533,2024-06-27 12:11:45.533,780.0,2.0,Minor
2024-06-27 12:15:03.533,2024-06-27 12:15:04.533,2024-06-27 12:15:05.533,806.0,2.0,Minor
2024-06-27 12:18:29.533,2024-06-27 12:18:30.533,2024-06-27 12:18:31.533,812.0,2.0,Minor
2024-06-27 12:21:59.533,2024-06-27 12:22:00.533,2024-06-27 12:22:01.533,814.0,2.0,Minor
2024-06-27 12:25:56.533,2024-06-27 12:25:57.533,2024-06-27 12:25:58.533,836.0,2.0,Minor
2024-06-27 12:28:11.533,2024-06-27 12:28:12.533,2024-06-27 12:28:13.533,732.0,2.0,Minor
2024-06-27 12:30:11.533,2024-06-27 12:30:12.533,2024-06-27 12:30:13.533,836.0,2.0,Minor
2024-06-27 12:32:48.533,2024-06-27 12:32:49.533,2024-06-27 12:32:50.533,738.0,2.0,Minor
2024-06-27 12:34:51.533,2024-06-27 12:34:52.533,2024-06-27 12:34:53.533,790.0,2.0,Minor
2024-06-27 12:38:20.533,2024-06-27 12:38:21.533,2024-06-27 12:38:22.533,834.0,2.0,Minor
2024-06-27 12:40:23.533,2024-06-27 12:40:24.533,2024-06-27 12:40:25.533,810.0,2.0,Minor
2024-06-27 12:42:32.533,2024-06-27 12:42:33.533,2024-06-27 12:42:34.533,816.0,2.0,Minor
2024-06-27 12:44:58.533,2024-06-27 12:44:59.533,2024-06-27 12:45:00.533,844.0,2.0,Minor
2024-06-27 12:47:05.533,2024-06-27 12:47:06.533,2024-06-27 12:47:07.533,810.0,2.0,Minor
2024-06-27 12:49:25.533,2024-06-27 12:49:26.533,2024-06-27 12:49:27.533,834.0,2.0,Minor
2024-06-27 12:52:12.533,2024-06-27 12:52:13.533,2024-06-27 12:52:14.533,918.0,2.0,Moderate
2024-06-27 12:54:31.533,2024-06-27 12:54:32.533,2024-06-27 12:54:33.533,772.0,2.0,Minor
2024-06-27 12:57:36.533,2024-06-27 12:57:37.533,2024-06-27 12:57:38.533,824.0,2.0,Minor
2024-06-27 13:00:01.533,2024-06-27 13:00:02.533,2024-06-27 13:00:03.533,778.0,2.0,Minor
2024-06-27 13:02:08.533,2024-06-27 13:02:09.533,2024-06-27 13:02:10.533,828.0,2.0,Minor
2024-06-27 13:05:00.533,2024-06-27 13:05:01.533,2024-06-27 13:05:02.533,760.0,2.0,Minor
2024-06-27 13:07:30.533,2024-06-27 13:07:31.533,2024-06-27 13:07:32.533,866.0,2.0,Moderate
2024-06-27 13:11:13.533,2024-06-27 13:11:14.533,2024-06-27 13:11:15.533,904.0,2.0,Moderate
2024-06-27 13:13:39.533,2024-06-27 13:13:40.533,2024-06-27 13:13:41.533,770.0,2.0,Minor
2024-06-27 13:16:05.533,2024-06-27 13:16:06.533,2024-06-27 13:16:07.533,892.0,2.0,Moderate
2024-06-27 13:18:19.533,2024-06-27 13:18:20.533,2024-06-27 13:18:21.533,796.0,2.0,Minor
2024-06-27 13:20:28.533,2024-06-27 13:20:29.533,2024-06-27 13:20:30.533,834.0,2.0,Minor
2024-06-27 13:23:05.533,2024-06-27 13:23:06.533,2024-06-27 13:23:07.533,774.0,2.0,Minor
2024-06-27 13:25:56.533,2024-06-27 13:25:57.533,2024-06-27 13:25:58.533,856.0,2.0,Minor
2024-06-27 13:29:40.533,2024-06-27 13:29:41.533,2024-06-27 13:29:42.533,790.0,2.0,Minor
2024-06-27 13:31:58.533,2024-06-27 13:31:59.533,2024-06-27 13:32:00.533,758.0,2.0,Minor
2024-06-27 13:34:02.533,2024-06-27 13:34:03.533,2024-06-27 13:34:04.533,736.0,2.0,Minor
2024-06-27 13:36:22.533,2024-06-27 13:36:23.533,2024-06-27 13:36:24.533,810.0,2.0,Minor
2024-06-27 13:40:11.533,2024-06-27 13:40:12.533,2024-06-27 13:40:14.533,846.0,3.0,Minor
2024-06-27 13:42:51.533,2024-06-27 13:42:52.533,2024-06-27 13:42:53.533,794.0,2.0,Minor
2024-06-27 13:48:29.533,2024-06-27 13:48:30.533,2024-06-27 13:48:31.533,836.0,2.0,Minor
2024-06-27 13:51:51.533,2024-06-27 13:51:52.533,2024-06-27 13:51:53.533,798.0,2.0,Minor
2024-06-27 13:54:36.533,2024-06-27 13:54:37.533,2024-06-27 13:54:38.533,826.0,2.0,Minor
2024-06-27 13:57:06.533,2024-06-27 13:57:07.533,2024-06-27 13:57:08.533,818.0,2.0,Minor
2024-06-27 14:00:41.533,2024-06-27 14:00:42.533,2024-06-27 14:00:43.533,844.0,2.0,Minor
2024-06-27 14:02:41.533,2024-06-27 14:02:42.533,2024-06-27 14:02:43.533,778.0,2.0,Minor
2024-06-27 14:04:53.533,2024-06-27 14:04:54.533,2024-06-27 14:04:55.533,958.0,2.0,Moderate
2024-06-27 14:07:01.533,2024-06-27 14:07:02.533,2024-06-27 14:07:03.533,794.0,2.0,Minor
2024-06-27 14:09:41.533,2024-06-27 14:09:42.533,2024-06-27 14:09:43.533,796.0,2.0,Minor
2024-06-27 14:13:27.533,2024-06-27 14:13:28.533,2024-06-27 14:13:29.533,854.0,2.0,Minor
2024-06-27 14:16:44.533,2024-06-27 14:16:45.533,2024-06-27 14:16:46.533,842.0,2.0,Minor
2024-06-27 14:19:47.533,2024-06-27 14:19:48.533,2024-06-27 14:19:49.533,850.0,2.0,Minor
2024-06-27 14:23:02.533,2024-06-27 14:23:03.533,2024-06-27 14:23:04.533,822.0,2.0,Minor
2024-06-27 14:26:54.533,2024-06-27 14:26:55.533,2024-06-27 14:26:56.533,796.0,2.0,Minor
2024-06-27 14:28:58.533,2024-06-27 14:28:59.533,2024-06-27 14:29:00.533,854.0,2.0,Minor
2024-06-27 14:31:46.533,2024-06-27 14:31:47.533,2024-06-27 14:31:48.533,856.0,2.0,Minor
2024-06-27 14:34:46.533,2024-06-27 14:34:47.533,2024-06-27 14:34:48.533,894.0,2.0,Moderate
2024-06-27 14:37:04.533,2024-06-27 14:37:05.533,2024-06-27 14:37:06.533,840.0,2.0,Minor
2024-06-27 14:39:23.533,2024-06-27 14:39:24.533,2024-06-27 14:39:25.533,780.0,2.0,Minor
2024-06-27 14:43:25.533,2024-06-27 14:43:26.533,2024-06-27 14:43:27.533,868.0,2.0,Moderate
2024-06-27 14:45:54.533,2024-06-27 14:45:55.533,2024-06-27 14:45:56.533,808.0,2.0,Minor
2024-06-27 14:48:13.533,2024-06-27 14:48:14.533,2024-06-27 14:48:15.533,846.0,2.0,Minor
2024-06-27 14:51:30.533,2024-06-27 14:51:31.533,2024-06-27 14:51:32.533,874.0,2.0,Moderate
2024-06-27 14:54:00.533,2024-06-27 14:54:01.533,2024-06-27 14:54:02.533,868.0,2.0,Moderate
2024-06-27 14:57:39.533,2024-06-27 14:57:40.533,2024-06-27 14:57:41.533,826.0,2.0,Minor
2024-06-27 15:01:34.533,2024-06-27 15:01:35.533,2024-06-27 15:01:36.533,886.0,2.0,Moderate
2024-06-27 15:04:05.533,2024-06-27 15:04:06.533,2024-06-27 15:04:07.533,792.0,2.0,Minor
2024-06-27 15:07:17.533,2024-06-27 15:07:18.533,2024-06-27 15:07:19.533,758.0,2.0,Minor
2024-06-27 15:10:52.533,2024-06-27 15:10:53.533,2024-06-27 15:10:54.533,1522.0,2.0,Major
2024-06-27 15:14:33.533,2024-06-27 15:14:34.533,2024-06-27 15:14:35.533,828.0,2.0,Minor
2024-06-27 15:16:59.533,2024-06-27 15:17:00.533,2024-06-27 15:17:01.533,1032.0,2.0,Moderate
2024-06-27 15:19:12.533,2024-06-27 15:19:13.533,2024-06-27 15:19:14.533,824.0,2.0,Minor
2024-06-27 15:23:01.533,2024-06-27 15:23:02.533,2024-06-27 15:23:03.533,822.0,2.0,Minor
2024-06-27 15:26:46.533,2024-06-27 15:26:47.533,2024-06-27 15:26:48.533,792.0,2.0,Minor
2024-06-27 15:30:11.533,2024-06-27 15:30:12.533,2024-06-27 15:30:13.533,832.0,2.0,Minor
2024-06-27 15:32:37.533,2024-06-27 15:32:38.533,2024-06-27 15:32:39.533,726.0,2.0,Minor
2024-06-27 15:35:10.533,2024-06-27 15:35:11.533,2024-06-27 15:35:12.533,848.0,2.0,Minor
2024-06-27 15:38:05.533,2024-06-27 15:38:06.533,2024-06-27 15:38:07.533,910.0,2.0,Moderate
2024-06-27 15:40:49.533,2024-06-27 15:40:50.533,2024-06-27 15:40:51.533,828.0,2.0,Minor
2024-06-27 15:43:03.533,2024-06-27 15:43:04.533,2024-06-27 15:43:05.533,834.0,2.0,Minor
2024-06-27 15:46:58.533,2024-06-27 15:46:59.533,2024-06-27 15:47:00.533,794.0,2.0,Minor
2024-06-27 15:50:18.533,2024-06-27 15:50:19.533,2024-06-27 15:50:20.533,814.0,2.0,Minor
2024-06-27 15:53:29.533,2024-06-27 15:53:30.533,2024-06-27 15:53:31.533,856.0,2.0,Minor
2024-06-27 15:57:39.533,2024-06-27 15:57:40.533,2024-06-27 15:57:41.533,860.0,2.0,Minor
2024-06-27 16:00:31.533,2024-06-27 16:00:32.533,2024-06-27 16:00:33.533,788.0,2.0,Minor
2024-06-27 16:03:44.533,2024-06-27 16:03:45.533,2024-06-27 16:03:46.533,830.0,2.0,Minor
2024-06-27 16:07:28.533,2024-06-27 16:07:29.533,2024-06-27 16:07:30.533,880.0,2.0,Moderate
2024-06-27 16:09:58.533,2024-06-27 16:09:59.533,2024-06-27 16:10:00.533,834.0,2.0,Minor
2024-06-27 16:12:22.533,2024-06-27 16:12:23.533,2024-06-27 16:12:24.533,816.0,2.0,Minor
2024-06-27 21:09:52.798,2024-06-27 21:09:53.533,2024-06-27 21:09:54.533,851.0,1.7349999999999999,Minor
2024-06-27 23:45:08.798,2024-06-27 23:45:09.798,2024-06-27 23:45:10.798,762.0,2.0,Minor
2024-06-27 23:59:43.798,2024-06-28 00:00:07.943,2024-06-28 00:00:09.943,1328.0,26.145,Major
2024-06-28 00:04:08.943,2024-06-28 00:04:09.943,2024-06-28 00:04:10.943,892.0,2.0,Moderate
2024-06-28 00:07:36.943,2024-06-28 00:07:37.943,2024-06-28 00:07:38.943,902.0,2.0,Moderate
2024-06-28 00:09:58.943,2024-06-28 00:09:59.943,2024-06-28 00:10:00.943,826.0,2.0,Minor
2024-06-28 00:12:01.943,2024-06-28 00:12:02.943,2024-06-28 00:12:03.943,842.0,2.0,Minor
2024-06-28 00:15:14.943,2024-06-28 00:15:15.943,2024-06-28 00:15:16.943,798.0,2.0,Minor
2024-06-28 00:17:30.943,2024-06-28 00:17:31.943,2024-06-28 00:17:32.943,862.0,2.0,Moderate
2024-06-28 00:20:00.943,2024-06-28 00:20:01.943,2024-06-28 00:20:02.943,862.0,2.0,Moderate
2024-06-28 00:22:18.943,2024-06-28 00:22:19.943,2024-06-28 00:22:20.943,846.0,2.0,Minor
2024-06-28 00:24:43.943,2024-06-28 00:24:44.943,2024-06-28 00:24:45.943,804.0,2.0,Minor
2024-06-28 00:26:56.943,2024-06-28 00:26:57.943,2024-06-28 00:26:58.943,742.0,2.0,Minor
2024-06-28 00:29:32.943,2024-06-28 00:29:33.943,2024-06-28 00:29:34.943,892.0,2.0,Moderate
2024-06-28 00:31:43.943,2024-06-28 00:31:44.943,2024-06-28 00:31:45.943,782.0,2.0,Minor
2024-06-28 00:34:14.943,2024-06-28 00:34:15.943,2024-06-28 00:34:16.943,786.0,2.0,Minor
2024-06-28 00:37:36.943,2024-06-28 00:37:37.943,2024-06-28 00:37:38.943,826.0,2.0,Minor
2024-06-28 00:40:36.943,2024-06-28 00:40:37.943,2024-06-28 00:40:38.943,850.0,2.0,Minor
2024-06-28 00:43:35.943,2024-06-28 00:43:36.943,2024-06-28 00:43:37.943,790.0,2.0,Minor
2024-06-28 00:45:48.943,2024-06-28 00:45:49.943,2024-06-28 00:45:50.943,826.0,2.0,Minor
2024-06-28 00:48:16.943,2024-06-28 00:48:17.943,2024-06-28 00:48:18.943,734.0,2.0,Minor
2024-06-28 00:50:41.943,2024-06-28 00:50:42.943,2024-06-28 00:50:43.943,916.0,2.0,Moderate
2024-06-28 00:52:53.943,2024-06-28 00:52:54.943,2024-06-28 00:52:55.943,770.0,2.0,Minor
2024-06-28 00:55:49.943,2024-06-28 00:55:50.943,2024-06-28 00:55:51.943,820.0,2.0,Minor
2024-06-28 00:59:31.943,2024-06-28 00:59:32.943,2024-06-28 00:59:33.943,812.0,2.0,Minor
2024-06-28 01:02:12.943,2024-06-28 01:02:13.943,2024-06-28 01:02:14.943,838.0,2.0,Minor
2024-06-28 01:06:21.943,2024-06-28 01:06:22.943,2024-06-28 01:06:23.943,830.0,2.0,Minor
2024-06-28 01:09:11.943,2024-06-28 01:09:12.943,2024-06-28 01:09:13.943,818.0,2.0,Minor
2024-06-28 01:11:46.943,2024-06-28 01:11:47.943,2024-06-28 01:11:48.943,826.0,2.0,Minor
2024-06-28 01:14:50.943,2024-06-28 01:14:51.943,2024-06-28 01:14:52.943,808.0,2.0,Minor
2024-06-28 01:16:58.943,2024-06-28 01:16:59.943,2024-06-28 01:17:00.943,832.0,2.0,Minor
2024-06-28 01:21:12.943,2024-06-28 01:21:13.943,2024-06-28 01:21:14.943,868.0,2.0,Moderate
2024-06-28 01:25:10.943,2024-06-28 01:25:11.943,2024-06-28 01:25:12.943,930.0,2.0,Moderate
2024-06-28 12:00:34.464,2024-06-28 12:00:34.845,2024-06-28 12:00:35.464,1104.0,1.0,Moderate
2024-06-28 12:01:34.464,2024-06-28 12:01:34.845,2024-06-28 12:01:35.464,1218.0,1.0,Major
2024-06-28 12:02:40.464,2024-06-28 12:02:40.845,2024-06-28 12:02:41.464,906.0,1.0,Moderate
2024-06-28 12:03:46.464,2024-06-28 12:03:46.845,2024-06-28 12:03:47.464,1206.0,1.0,Major
2024-06-28 12:04:54.464,2024-06-28 12:04:54.845,2024-06-28 12:04:55.464,1074.0,1.0,Moderate
2024-06-28 12:05:54.464,2024-06-28 12:05:54.845,2024-06-28 12:05:55.464,1089.0,1.0,Moderate
2024-06-28 12:06:57.464,2024-06-28 12:06:57.845,2024-06-28 12:06:58.464,1239.0,1.0,Major
2024-06-28 12:08:02.464,2024-06-28 12:08:02.845,2024-06-28 12:08:03.464,1188.0,1.0,Major
2024-06-28 12:09:15.464,2024-06-28 12:09:15.845,2024-06-28 12:09:16.464,1281.0,1.0,Major
2024-06-28 12:10:16.464,2024-06-28 12:10:16.845,2024-06-28 12:10:17.464,1137.0,1.0,Moderate
2024-06-28 12:11:48.464,2024-06-28 12:11:48.845,2024-06-28 12:11:49.464,1185.0,1.0,Major
2024-06-28 12:12:57.464,2024-06-28 12:12:57.845,2024-06-28 12:12:58.464,1278.0,1.0,Major
2024-06-28 12:14:07.464,2024-06-28 12:14:07.845,2024-06-28 12:14:08.464,1194.0,1.0,Major
2024-06-28 12:15:21.464,2024-06-28 12:15:21.845,2024-06-28 12:15:22.464,1110.0,1.0,Moderate
2024-06-28 12:16:35.464,2024-06-28 12:16:35.845,2024-06-28 12:16:36.464,1194.0,1.0,Major
2024-06-28 12:18:32.464,2024-06-28 12:18:32.845,2024-06-28 12:18:33.464,1266.0,1.0,Major
2024-06-28 12:19:53.464,2024-06-28 12:19:53.845,2024-06-28 12:19:54.464,1110.0,1.0,Moderate
2024-06-28 12:21:01.464,2024-06-28 12:21:01.845,2024-06-28 12:21:02.464,1203.0,1.0,Major
2024-06-28 12:23:13.464,2024-06-28 12:23:13.845,2024-06-28 12:23:14.464,1275.0,1.0,Major
2024-06-28 12:24:27.464,2024-06-28 12:24:27.845,2024-06-28 12:24:28.464,1212.0,1.0,Major
2024-06-28 12:25:42.464,2024-06-28 12:25:42.845,2024-06-28 12:25:43.464,1185.0,1.0,Major
2024-06-28 12:27:35.464,2024-06-28 12:27:35.845,2024-06-28 12:27:36.464,1302.0,1.0,Major
2024-06-28 12:29:09.464,2024-06-28 12:29:09.845,2024-06-28 12:29:10.464,1119.0,1.0,Moderate
2024-06-28 12:30:44.464,2024-06-28 12:30:44.845,2024-06-28 12:30:45.464,1335.0,1.0,Major
2024-06-28 12:31:56.464,2024-06-28 12:31:56.845,2024-06-28 12:31:57.464,723.0,1.0,Minor
2024-06-28 12:32:56.464,2024-06-28 12:32:56.845,2024-06-28 12:32:57.464,1257.0,1.0,Major
2024-06-28 12:34:26.464,2024-06-28 12:34:26.845,2024-06-28 12:34:27.464,1167.0,1.0,Major
2024-06-28 12:35:31.464,2024-06-28 12:35:31.845,2024-06-28 12:35:32.464,1221.0,1.0,Major
2024-06-28 12:37:16.464,2024-06-28 12:37:16.845,2024-06-28 12:37:17.464,1227.0,1.0,Major
2024-06-28 12:38:43.464,2024-06-28 12:38:43.845,2024-06-28 12:38:44.464,1335.0,1.0,Major
2024-06-28 12:39:56.464,2024-06-28 12:39:56.845,2024-06-28 12:39:57.464,1071.0,1.0,Moderate
2024-06-28 12:41:07.464,2024-06-28 12:41:07.845,2024-06-28 12:41:08.464,1209.0,1.0,Major
2024-06-28 12:43:02.464,2024-06-28 12:43:02.845,2024-06-28 12:43:03.464,1086.0,1.0,Moderate
2024-06-28 12:44:31.464,2024-06-28 12:44:31.845,2024-06-28 12:44:32.464,1248.0,1.0,Major
2024-06-28 12:46:27.464,2024-06-28 12:46:27.845,2024-06-28 12:46:28.464,1302.0,1.0,Major
2024-06-28 12:47:28.464,2024-06-28 12:47:28.845,2024-06-28 12:47:29.464,1068.0,1.0,Moderate
2024-06-28 12:48:38.464,2024-06-28 12:48:38.845,2024-06-28 12:48:39.464,1233.0,1.0,Major
2024-06-28 12:50:10.464,2024-06-28 12:50:10.845,2024-06-28 12:50:11.464,1227.0,1.0,Major
2024-06-28 12:51:39.464,2024-06-28 12:51:39.845,2024-06-28 12:51:40.464,1275.0,1.0,Major
2024-06-28 12:53:03.464,2024-06-28 12:53:03.845,2024-06-28 12:53:04.464,1179.0,1.0,Major
2024-06-28 12:54:25.464,2024-06-28 12:54:25.845,2024-06-28 12:54:26.464,942.0,1.0,Moderate
2024-06-28 12:55:26.464,2024-06-28 12:55:26.845,2024-06-28 12:55:27.464,1185.0,1.0,Major
2024-06-28 12:56:35.464,2024-06-28 12:56:35.845,2024-06-28 12:56:36.464,1284.0,1.0,Major
2024-06-28 12:58:11.464,2024-06-28 12:58:11.845,2024-06-28 12:58:12.464,1185.0,1.0,Major
2024-06-28 12:59:44.464,2024-06-28 12:59:44.845,2024-06-28 12:59:45.464,1245.0,1.0,Major
2024-06-28 13:01:23.464,2024-06-28 13:01:23.845,2024-06-28 13:01:24.464,1245.0,1.0,Major
2024-06-28 13:02:38.464,2024-06-28 13:02:38.845,2024-06-28 13:02:39.464,1281.0,1.0,Major
2024-06-28 13:03:47.464,2024-06-28 13:03:47.845,2024-06-28 13:03:48.464,1176.0,1.0,Major
2024-06-28 13:05:34.464,2024-06-28 13:05:34.845,2024-06-28 13:05:35.464,1035.0,1.0,Moderate
2024-06-28 13:06:42.464,2024-06-28 13:06:42.845,2024-06-28 13:06:43.464,1287.0,1.0,Major
2024-06-28 13:07:52.464,2024-06-28 13:07:52.845,2024-06-28 13:07:53.464,1179.0,1.0,Major
2024-06-28 13:09:08.464,2024-06-28 13:09:08.845,2024-06-28 13:09:09.464,1209.0,1.0,Major
2024-06-28 13:10:24.464,2024-06-28 13:10:24.845,2024-06-28 13:10:25.464,1026.0,1.0,Moderate
2024-06-28 13:11:43.464,2024-06-28 13:11:43.845,2024-06-28 13:11:44.464,1278.0,1.0,Major
2024-06-28 13:13:06.464,2024-06-28 13:13:06.845,2024-06-28 13:13:07.464,1221.0,1.0,Major
2024-06-28 13:14:08.464,2024-06-28 13:14:08.845,2024-06-28 13:14:09.464,1293.0,1.0,Major
2024-06-28 13:15:39.464,2024-06-28 13:15:39.845,2024-06-28 13:15:40.464,1158.0,1.0,Major
2024-06-28 13:16:42.464,2024-06-28 13:16:42.845,2024-06-28 13:16:43.464,1203.0,1.0,Major
2024-06-28 13:17:57.464,2024-06-28 13:17:57.845,2024-06-28 13:17:58.464,1092.0,1.0,Moderate
2024-06-28 13:19:12.464,2024-06-28 13:19:12.845,2024-06-28 13:19:13.464,1263.0,1.0,Major
2024-06-28 13:20:15.464,2024-06-28 13:20:15.845,2024-06-28 13:20:16.464,1038.0,1.0,Moderate
2024-06-28 13:21:31.464,2024-06-28 13:21:31.845,2024-06-28 13:21:32.464,1212.0,1.0,Major
2024-06-28 13:22:39.464,2024-06-28 13:22:39.845,2024-06-28 13:22:40.464,1107.0,1.0,Moderate
2024-06-28 13:24:18.464,2024-06-28 13:24:18.845,2024-06-28 13:24:19.464,1308.0,1.0,Major
2024-06-28 13:26:07.464,2024-06-28 13:26:07.845,2024-06-28 13:26:08.464,1170.0,1.0,Major
2024-06-28 13:27:19.464,2024-06-28 13:27:19.845,2024-06-28 13:27:20.464,1062.0,1.0,Moderate
2024-06-28 13:29:05.464,2024-06-28 13:29:05.845,2024-06-28 13:29:06.464,1164.0,1.0,Major
2024-06-28 13:30:15.464,2024-06-28 13:30:15.845,2024-06-28 13:30:16.464,1125.0,1.0,Moderate
2024-06-28 13:31:27.464,2024-06-28 13:31:27.845,2024-06-28 13:31:28.464,1311.0,1.0,Major
2024-06-28 13:32:37.464,2024-06-28 13:32:37.845,2024-06-28 13:32:38.464,1182.0,1.0,Major
2024-06-28 13:33:53.464,2024-06-28 13:33:53.845,2024-06-28 13:33:54.464,1092.0,1.0,Moderate
2024-06-28 13:35:04.464,2024-06-28 13:35:04.845,2024-06-28 13:35:05.464,1197.0,1.0,Major
2024-06-28 13:36:15.464,2024-06-28 13:36:15.845,2024-06-28 13:36:16.464,1116.0,1.0,Moderate
2024-06-28 13:37:31.464,2024-06-28 13:37:31.845,2024-06-28 13:37:32.464,1113.0,1.0,Moderate
2024-06-28 13:39:00.464,2024-06-28 13:39:00.845,2024-06-28 13:39:01.464,1056.0,1.0,Moderate
2024-06-28 13:40:16.464,2024-06-28 13:40:16.845,2024-06-28 13:40:17.464,1353.0,1.0,Major
2024-06-28 13:41:45.464,2024-06-28 13:41:45.845,2024-06-28 13:41:46.464,1170.0,1.0,Major
2024-06-28 13:43:05.464,2024-06-28 13:43:05.845,2024-06-28 13:43:06.464,1110.0,1.0,Moderate
2024-06-28 13:44:27.464,2024-06-28 13:44:27.845,2024-06-28 13:44:28.464,1212.0,1.0,Major
2024-06-28 13:45:36.464,2024-06-28 13:45:36.845,2024-06-28 13:45:37.464,1206.0,1.0,Major
2024-06-28 13:46:36.464,2024-06-28 13:46:36.845,2024-06-28 13:46:37.464,1185.0,1.0,Major
2024-06-28 13:47:36.464,2024-06-28 13:47:36.845,2024-06-28 13:47:37.464,1119.0,1.0,Moderate
2024-06-28 13:48:36.464,2024-06-28 13:48:36.845,2024-06-28 13:48:37.464,1143.0,1.0,Moderate
2024-06-28 13:49:36.464,2024-06-28 13:49:36.845,2024-06-28 13:49:37.464,1227.0,1.0,Major
2024-06-28 13:51:43.464,2024-06-28 13:51:43.845,2024-06-28 13:51:44.464,1221.0,1.0,Major
2024-06-28 13:53:29.464,2024-06-28 13:53:29.845,2024-06-28 13:53:30.464,1074.0,1.0,Moderate
2024-06-28 13:54:43.464,2024-06-28 13:54:43.845,2024-06-28 13:54:44.464,1182.0,1.0,Major
2024-06-28 13:56:00.464,2024-06-28 13:56:00.845,2024-06-28 13:56:01.464,1242.0,1.0,Major
2024-06-28 13:57:56.464,2024-06-28 13:57:56.845,2024-06-28 13:57:57.464,1170.0,1.0,Major
2024-06-28 13:59:03.464,2024-06-28 13:59:03.845,2024-06-28 13:59:04.464,897.0,1.0,Moderate
2024-06-28 14:00:05.464,2024-06-28 14:00:05.845,2024-06-28 14:00:06.464,1206.0,1.0,Major
2024-06-28 14:01:52.464,2024-06-28 14:01:52.845,2024-06-28 14:01:53.464,1206.0,1.0,Major
2024-06-28 14:03:02.464,2024-06-28 14:03:02.845,2024-06-28 14:03:03.464,1152.0,1.0,Moderate
2024-06-28 14:04:10.464,2024-06-28 14:04:10.845,2024-06-28 14:04:11.464,1134.0,1.0,Moderate
2024-06-28 14:05:20.464,2024-06-28 14:05:20.845,2024-06-28 14:05:21.464,1128.0,1.0,Moderate
2024-06-28 14:06:53.464,2024-06-28 14:06:53.845,2024-06-28 14:06:54.464,1212.0,1.0,Major
2024-06-28 14:08:23.464,2024-06-28 14:08:23.845,2024-06-28 14:08:24.464,957.0,1.0,Moderate
2024-06-28 14:09:23.464,2024-06-28 14:09:23.845,2024-06-28 14:09:24.464,1197.0,1.0,Major
2024-06-28 14:10:46.464,2024-06-28 14:10:46.845,2024-06-28 14:10:47.464,1179.0,1.0,Major
2024-06-28 14:12:28.464,2024-06-28 14:12:28.845,2024-06-28 14:12:29.464,1227.0,1.0,Major
2024-06-28 14:13:54.464,2024-06-28 14:13:54.845,2024-06-28 14:13:55.464,1158.0,1.0,Major
2024-06-28 14:15:47.464,2024-06-28 14:15:47.845,2024-06-28 14:15:48.464,1188.0,1.0,Major
2024-06-28 14:16:55.464,2024-06-28 14:16:55.845,2024-06-28 14:16:56.464,1272.0,1.0,Major
2024-06-28 14:18:28.464,2024-06-28 14:18:28.845,2024-06-28 14:18:29.464,1245.0,1.0,Major
2024-06-28 14:20:05.464,2024-06-28 14:20:05.845,2024-06-28 14:20:06.464,1188.0,1.0,Major
2024-06-28 14:21:12.464,2024-06-28 14:21:12.845,2024-06-28 14:21:13.464,1239.0,1.0,Major
2024-06-28 14:22:50.464,2024-06-28 14:22:50.845,2024-06-28 14:22:51.464,1125.0,1.0,Moderate
2024-06-28 14:24:28.464,2024-06-28 14:24:28.845,2024-06-28 14:24:29.464,1182.0,1.0,Major
2024-06-28 14:25:42.464,2024-06-28 14:25:42.845,2024-06-28 14:25:43.464,942.0,1.0,Moderate
2024-06-28 14:26:46.464,2024-06-28 14:26:46.845,2024-06-28 14:26:47.464,1236.0,1.0,Major
2024-06-28 14:28:22.464,2024-06-28 14:28:22.845,2024-06-28 14:28:23.464,1170.0,1.0,Major
2024-06-28 14:29:29.464,2024-06-28 14:29:29.845,2024-06-28 14:29:30.464,819.0,1.0,Minor
2024-06-28 14:30:33.464,2024-06-28 14:30:33.845,2024-06-28 14:30:34.464,1107.0,1.0,Moderate
2024-06-28 14:31:41.464,2024-06-28 14:31:41.845,2024-06-28 14:31:42.464,885.0,1.0,Moderate
2024-06-28 14:33:15.464,2024-06-28 14:33:15.845,2024-06-28 14:33:16.464,1263.0,1.0,Major
2024-06-28 14:34:20.464,2024-06-28 14:34:20.845,2024-06-28 14:34:21.464,1059.0,1.0,Moderate
2024-06-28 14:35:35.464,2024-06-28 14:35:35.845,2024-06-28 14:35:36.464,1164.0,1.0,Major
2024-06-28 14:37:19.464,2024-06-28 14:37:19.845,2024-06-28 14:37:20.464,1266.0,1.0,Major
2024-06-28 14:38:54.464,2024-06-28 14:38:54.845,2024-06-28 14:38:55.464,1188.0,1.0,Major
2024-06-28 14:40:13.464,2024-06-28 14:40:13.845,2024-06-28 14:40:14.464,1230.0,1.0,Major
2024-06-28 14:41:22.464,2024-06-28 14:41:22.845,2024-06-28 14:41:23.464,909.0,1.0,Moderate
2024-06-28 14:42:24.464,2024-06-28 14:42:24.845,2024-06-28 14:42:25.464,1143.0,1.0,Moderate
2024-06-28 14:43:40.464,2024-06-28 14:43:40.845,2024-06-28 14:43:41.464,1221.0,1.0,Major
2024-06-28 14:45:22.464,2024-06-28 14:45:22.845,2024-06-28 14:45:23.464,1230.0,1.0,Major
2024-06-28 14:46:39.464,2024-06-28 14:46:39.845,2024-06-28 14:46:40.464,1038.0,1.0,Moderate
2024-06-28 14:47:41.464,2024-06-28 14:47:41.845,2024-06-28 14:47:42.464,1254.0,1.0,Major
2024-06-28 14:49:20.464,2024-06-28 14:49:20.845,2024-06-28 14:49:21.464,1239.0,1.0,Major
2024-06-28 14:50:58.464,2024-06-28 14:50:58.845,2024-06-28 14:50:59.464,1125.0,1.0,Moderate
2024-06-28 14:52:13.464,2024-06-28 14:52:13.845,2024-06-28 14:52:14.464,1182.0,1.0,Major
2024-06-28 14:53:28.464,2024-06-28 14:53:28.845,2024-06-28 14:53:29.464,1101.0,1.0,Moderate
2024-06-28 14:54:28.464,2024-06-28 14:54:28.845,2024-06-28 14:54:29.464,1221.0,1.0,Major
2024-06-28 14:56:25.464,2024-06-28 14:56:25.845,2024-06-28 14:56:26.464,1128.0,1.0,Moderate
2024-06-28 14:57:36.464,2024-06-28 14:57:36.845,2024-06-28 14:57:37.464,993.0,1.0,Moderate
2024-06-28 14:58:44.464,2024-06-28 14:58:44.845,2024-06-28 14:58:45.464,1311.0,1.0,Major
2024-06-28 15:00:34.464,2024-06-28 15:00:34.845,2024-06-28 15:00:35.464,1209.0,1.0,Major
2024-06-28 15:01:44.464,2024-06-28 15:01:44.845,2024-06-28 15:01:45.464,966.0,1.0,Moderate
2024-06-28 15:02:51.464,2024-06-28 15:02:51.845,2024-06-28 15:02:52.464,1122.0,1.0,Moderate
2024-06-28 15:04:07.464,2024-06-28 15:04:07.845,2024-06-28 15:04:08.464,1188.0,1.0,Major
2024-06-28 15:05:41.464,2024-06-28 15:05:41.845,2024-06-28 15:05:42.464,1176.0,1.0,Major
2024-06-28 15:07:25.464,2024-06-28 15:07:25.845,2024-06-28 15:07:26.464,1071.0,1.0,Moderate
2024-06-28 15:08:28.464,2024-06-28 15:08:28.845,2024-06-28 15:08:29.464,1266.0,1.0,Major
2024-06-28 15:09:37.464,2024-06-28 15:09:37.845,2024-06-28 15:09:38.464,1026.0,1.0,Moderate
2024-06-28 15:11:27.464,2024-06-28 15:11:27.845,2024-06-28 15:11:28.464,1224.0,1.0,Major
2024-06-28 15:12:33.464,2024-06-28 15:12:33.845,2024-06-28 15:12:34.464,1089.0,1.0,Moderate
2024-06-28 15:13:39.464,2024-06-28 15:13:39.845,2024-06-28 15:13:40.464,1263.0,1.0,Major
2024-06-28 15:15:01.464,2024-06-28 15:15:01.845,2024-06-28 15:15:02.464,1149.0,1.0,Moderate
2024-06-28 15:16:23.464,2024-06-28 15:16:23.845,2024-06-28 15:16:24.464,1113.0,1.0,Moderate
2024-06-28 15:17:48.464,2024-06-28 15:17:48.845,2024-06-28 15:17:49.464,1065.0,1.0,Moderate
2024-06-28 15:18:50.464,2024-06-28 15:18:50.845,2024-06-28 15:18:51.464,1155.0,1.0,Major
2024-06-28 15:19:51.464,2024-06-28 15:19:51.845,2024-06-28 15:19:52.464,1062.0,1.0,Moderate
2024-06-28 15:21:10.464,2024-06-28 15:21:10.845,2024-06-28 15:21:11.464,1173.0,1.0,Major
2024-06-28 15:22:24.464,2024-06-28 15:22:24.845,2024-06-28 15:22:25.464,1173.0,1.0,Major
2024-06-28 15:24:03.464,2024-06-28 15:24:03.845,2024-06-28 15:24:04.464,1158.0,1.0,Major
2024-06-28 15:25:17.464,2024-06-28 15:25:17.845,2024-06-28 15:25:18.464,1251.0,1.0,Major
2024-06-28 15:26:30.464,2024-06-28 15:26:30.845,2024-06-28 15:26:31.464,1116.0,1.0,Moderate
2024-06-28 15:28:08.464,2024-06-28 15:28:08.845,2024-06-28 15:28:09.464,1194.0,1.0,Major
2024-06-28 15:29:37.464,2024-06-28 15:29:37.845,2024-06-28 15:29:38.464,1284.0,1.0,Major
2024-06-28 15:30:46.464,2024-06-28 15:30:46.845,2024-06-28 15:30:47.464,1065.0,1.0,Moderate
2024-06-28 15:31:56.464,2024-06-28 15:31:56.845,2024-06-28 15:31:57.464,1290.0,1.0,Major
2024-06-28 15:33:56.464,2024-06-28 15:33:56.845,2024-06-28 15:33:57.464,1119.0,1.0,Moderate
2024-06-28 15:35:12.464,2024-06-28 15:35:12.845,2024-06-28 15:35:13.464,1074.0,1.0,Moderate
2024-06-28 15:36:28.464,2024-06-28 15:36:28.845,2024-06-28 15:36:29.464,1221.0,1.0,Major
2024-06-28 15:37:54.464,2024-06-28 15:37:54.845,2024-06-28 15:37:55.464,1308.0,1.0,Major
2024-06-28 15:39:41.464,2024-06-28 15:39:41.845,2024-06-28 15:39:42.464,1221.0,1.0,Major
2024-06-28 15:40:52.464,2024-06-28 15:40:52.845,2024-06-28 15:40:53.464,1275.0,1.0,Major
2024-06-28 15:42:01.464,2024-06-28 15:42:01.845,2024-06-28 15:42:02.464,1239.0,1.0,Major
2024-06-28 15:43:08.464,2024-06-28 15:43:08.845,2024-06-28 15:43:09.464,1212.0,1.0,Major
2024-06-28 15:44:14.464,2024-06-28 15:44:14.845,2024-06-28 15:44:15.464,1176.0,1.0,Major
2024-06-28 15:45:22.464,2024-06-28 15:45:22.845,2024-06-28 15:45:23.464,870.0,1.0,Moderate
2024-06-28 15:46:23.464,2024-06-28 15:46:23.845,2024-06-28 15:46:24.464,1275.0,1.0,Major
2024-06-28 15:47:32.464,2024-06-28 15:47:32.845,2024-06-28 15:47:33.464,1236.0,1.0,Major
2024-06-28 15:48:33.464,2024-06-28 15:48:33.845,2024-06-28 15:48:34.464,1149.0,1.0,Moderate
2024-06-28 15:50:05.464,2024-06-28 15:50:05.845,2024-06-28 15:50:06.464,1311.0,1.0,Major
2024-06-28 15:51:52.464,2024-06-28 15:51:52.845,2024-06-28 15:51:53.464,1128.0,1.0,Moderate
2024-06-28 15:53:07.464,2024-06-28 15:53:07.845,2024-06-28 15:53:08.464,1110.0,1.0,Moderate
2024-06-28 15:54:07.464,2024-06-28 15:54:07.845,2024-06-28 15:54:08.464,963.0,1.0,Moderate
2024-06-28 15:55:23.464,2024-06-28 15:55:23.845,2024-06-28 15:55:24.464,1155.0,1.0,Major
2024-06-28 15:57:05.464,2024-06-28 15:57:05.845,2024-06-28 15:57:06.464,1212.0,1.0,Major
2024-06-28 15:59:04.464,2024-06-28 15:59:04.845,2024-06-28 15:59:05.464,1206.0,1.0,Major
2024-06-28 16:00:51.464,2024-06-28 16:00:51.845,2024-06-28 16:00:52.464,1188.0,1.0,Major
2024-06-28 16:01:54.464,2024-06-28 16:01:54.845,2024-06-28 16:01:55.464,1140.0,1.0,Moderate
2024-06-28 16:02:59.464,2024-06-28 16:02:59.845,2024-06-28 16:03:00.464,1290.0,1.0,Major
2024-06-28 16:04:55.464,2024-06-28 16:04:55.845,2024-06-28 16:04:56.464,1158.0,1.0,Major
2024-06-28 16:06:06.464,2024-06-28 16:06:06.845,2024-06-28 16:06:07.464,1209.0,1.0,Major
2024-06-28 16:07:15.464,2024-06-28 16:07:15.845,2024-06-28 16:07:16.464,981.0,1.0,Moderate
2024-06-28 16:08:42.464,2024-06-28 16:08:42.845,2024-06-28 16:08:43.464,1389.0,1.0,Major
2024-06-28 16:10:19.464,2024-06-28 16:10:19.845,2024-06-28 16:10:20.464,2703.0,1.0,Major
2024-06-28 16:11:49.464,2024-06-28 16:11:49.845,2024-06-28 16:11:50.464,1257.0,1.0,Major
2024-06-28 16:13:12.464,2024-06-28 16:13:12.845,2024-06-28 16:13:13.334,794.0,0.87,Minor
2024-06-28 16:13:58.464,2024-06-28 16:13:58.845,2024-06-28 16:13:59.334,832.0,0.87,Minor
2024-06-28 16:14:36.464,2024-06-28 16:14:36.845,2024-06-28 16:14:37.334,698.0,0.87,Minor
2024-06-28 16:15:54.464,2024-06-28 16:15:54.845,2024-06-28 16:15:55.334,724.0,0.87,Minor
2024-06-28 16:17:00.464,2024-06-28 16:17:00.845,2024-06-28 16:17:01.334,792.0,0.87,Minor
2024-06-28 16:18:26.464,2024-06-28 16:18:26.845,2024-06-28 16:18:27.334,702.0,0.87,Minor
2024-06-28 16:19:27.464,2024-06-28 16:19:27.845,2024-06-28 16:19:28.334,822.0,0.87,Minor
2024-06-28 16:20:06.464,2024-06-28 16:20:06.845,2024-06-28 16:20:07.334,842.0,0.87,Minor
2024-06-28 16:20:43.464,2024-06-28 16:20:43.845,2024-06-28 16:20:44.334,790.0,0.87,Minor
2024-06-28 16:21:30.464,2024-06-28 16:21:30.845,2024-06-28 16:21:31.334,802.0,0.87,Minor
2024-06-28 16:22:28.464,2024-06-28 16:22:28.845,2024-06-28 16:22:29.334,778.0,0.87,Minor
2024-06-28 16:23:40.464,2024-06-28 16:23:40.845,2024-06-28 16:23:41.334,842.0,0.87,Minor
2024-06-28 16:24:14.464,2024-06-28 16:24:14.845,2024-06-28 16:24:15.334,758.0,0.87,Minor
2024-06-28 16:25:04.464,2024-06-28 16:25:04.845,2024-06-28 16:25:05.334,872.0,0.87,Moderate
2024-06-28 16:25:59.464,2024-06-28 16:25:59.845,2024-06-28 16:26:00.334,804.0,0.87,Minor
2024-06-28 16:26:59.464,2024-06-28 16:26:59.845,2024-06-28 16:27:00.334,762.0,0.87,Minor
2024-06-28 16:28:41.464,2024-06-28 16:28:41.845,2024-06-28 16:28:42.334,854.0,0.87,Minor
2024-06-28 16:29:17.464,2024-06-28 16:29:17.845,2024-06-28 16:29:18.334,780.0,0.87,Minor
2024-06-28 16:29:56.464,2024-06-28 16:29:56.845,2024-06-28 16:29:57.334,774.0,0.87,Minor
2024-06-28 16:30:53.464,2024-06-28 16:30:53.845,2024-06-28 16:30:54.334,834.0,0.87,Minor
2024-06-28 16:31:28.464,2024-06-28 16:31:28.845,2024-06-28 16:31:29.334,866.0,0.87,Moderate
2024-06-28 16:31:59.464,2024-06-28 16:31:59.845,2024-06-28 16:32:00.334,720.0,0.87,Minor
2024-06-28 16:32:29.464,2024-06-28 16:32:29.845,2024-06-28 16:32:30.334,816.0,0.87,Minor
2024-06-28 16:33:40.464,2024-06-28 16:33:40.845,2024-06-28 16:33:41.334,848.0,0.87,Minor
2024-06-28 16:34:18.464,2024-06-28 16:34:18.845,2024-06-28 16:34:19.334,816.0,0.87,Minor
2024-06-28 16:35:35.464,2024-06-28 16:35:35.845,2024-06-28 16:35:36.334,786.0,0.87,Minor
2024-06-28 16:36:21.464,2024-06-28 16:36:21.845,2024-06-28 16:36:22.334,764.0,0.87,Minor
2024-06-28 16:37:23.464,2024-06-28 16:37:23.845,2024-06-28 16:37:24.334,842.0,0.87,Minor
2024-06-28 16:38:23.464,2024-06-28 16:38:23.845,2024-06-28 16:38:24.334,806.0,0.87,Minor
2024-06-28 16:38:59.464,2024-06-28 16:38:59.845,2024-06-28 16:39:00.334,846.0,0.87,Minor
2024-06-28 16:40:46.464,2024-06-28 16:40:46.845,2024-06-28 16:40:47.334,796.0,0.87,Minor
2024-06-28 16:41:46.464,2024-06-28 16:41:46.845,2024-06-28 16:41:47.334,776.0,0.87,Minor
2024-06-28 16:42:37.464,2024-06-28 16:42:37.845,2024-06-28 16:42:38.334,828.0,0.87,Minor
2024-06-28 16:43:11.464,2024-06-28 16:43:11.845,2024-06-28 16:43:12.334,772.0,0.87,Minor
2024-06-28 16:44:06.464,2024-06-28 16:44:06.845,2024-06-28 16:44:07.334,714.0,0.87,Minor
2024-06-28 16:44:51.464,2024-06-28 16:44:51.845,2024-06-28 16:44:51.988,768.0,0.524,Minor
2024-06-28 16:46:07.464,2024-06-28 16:46:07.845,2024-06-28 16:46:08.334,726.0,0.87,Minor
2024-06-28 16:47:09.464,2024-06-28 16:47:09.845,2024-06-28 16:47:10.334,816.0,0.87,Minor
2024-06-28 16:47:54.464,2024-06-28 16:47:54.845,2024-06-28 16:47:55.334,722.0,0.87,Minor
2024-06-28 16:48:34.464,2024-06-28 16:48:34.845,2024-06-28 16:48:35.334,710.0,0.87,Minor
2024-06-28 16:49:29.464,2024-06-28 16:49:29.845,2024-06-28 16:49:30.334,872.0,0.87,Moderate
2024-06-28 16:50:21.464,2024-06-28 16:50:21.845,2024-06-28 16:50:21.988,792.0,0.524,Minor
2024-06-28 16:50:53.464,2024-06-28 16:50:53.845,2024-06-28 16:50:54.334,704.0,0.87,Minor
2024-06-28 16:51:36.464,2024-06-28 16:51:36.845,2024-06-28 16:51:37.334,820.0,0.87,Minor
2024-06-28 16:52:58.464,2024-06-28 16:52:58.845,2024-06-28 16:52:59.334,760.0,0.87,Minor
2024-06-28 16:53:53.464,2024-06-28 16:53:53.845,2024-06-28 16:53:54.334,828.0,0.87,Minor
2024-06-28 16:54:43.464,2024-06-28 16:54:43.845,2024-06-28 16:54:44.334,730.0,0.87,Minor
2024-06-28 16:55:20.464,2024-06-28 16:55:20.845,2024-06-28 16:55:21.334,998.0,0.87,Moderate
2024-06-28 16:55:56.464,2024-06-28 16:55:56.845,2024-06-28 16:55:57.334,742.0,0.87,Minor
2024-06-28 16:56:43.464,2024-06-28 16:56:43.845,2024-06-28 16:56:44.334,722.0,0.87,Minor
2024-06-28 16:57:21.464,2024-06-28 16:57:21.845,2024-06-28 16:57:22.334,716.0,0.87,Minor
2024-06-28 16:57:59.464,2024-06-28 16:57:59.845,2024-06-28 16:58:00.334,876.0,0.87,Moderate
2024-06-28 16:58:51.464,2024-06-28 16:58:51.845,2024-06-28 16:58:52.334,828.0,0.87,Minor
2024-06-28 16:59:44.464,2024-06-28 16:59:44.845,2024-06-28 16:59:45.334,796.0,0.87,Minor
2024-06-28 17:00:20.464,2024-06-28 17:00:20.845,2024-06-28 17:00:21.334,776.0,0.87,Minor
2024-06-28 17:00:51.464,2024-06-28 17:00:51.845,2024-06-28 17:00:52.334,754.0,0.87,Minor
2024-06-28 17:01:22.464,2024-06-28 17:01:22.845,2024-06-28 17:01:23.334,764.0,0.87,Minor
2024-06-28 17:01:58.464,2024-06-28 17:01:58.845,2024-06-28 17:01:59.334,780.0,0.87,Minor
2024-06-28 17:02:35.464,2024-06-28 17:02:35.845,2024-06-28 17:02:36.334,802.0,0.87,Minor
2024-06-28 17:03:11.464,2024-06-28 17:03:11.845,2024-06-28 17:03:12.334,726.0,0.87,Minor
2024-06-28 17:03:49.464,2024-06-28 17:03:49.845,2024-06-28 17:03:49.988,744.0,0.524,Minor
2024-06-28 17:04:33.464,2024-06-28 17:04:33.845,2024-06-28 17:04:34.334,808.0,0.87,Minor
2024-06-28 17:05:40.464,2024-06-28 17:05:40.845,2024-06-28 17:05:41.334,710.0,0.87,Minor
2024-06-28 17:06:16.464,2024-06-28 17:06:16.845,2024-06-28 17:06:17.334,834.0,0.87,Minor
2024-06-28 17:07:31.464,2024-06-28 17:07:31.845,2024-06-28 17:07:32.334,778.0,0.87,Minor
2024-06-28 17:08:03.464,2024-06-28 17:08:03.845,2024-06-28 17:08:04.334,764.0,0.87,Minor
2024-06-28 17:09:15.464,2024-06-28 17:09:15.845,2024-06-28 17:09:16.334,770.0,0.87,Minor
2024-06-28 17:09:52.464,2024-06-28 17:09:52.845,2024-06-28 17:09:53.334,862.0,0.87,Moderate
2024-06-28 17:10:47.464,2024-06-28 17:10:47.845,2024-06-28 17:10:48.334,802.0,0.87,Minor
2024-06-28 17:11:18.464,2024-06-28 17:11:18.845,2024-06-28 17:11:19.334,706.0,0.87,Minor
2024-06-28 17:11:49.464,2024-06-28 17:11:49.845,2024-06-28 17:11:50.334,820.0,0.87,Minor
2024-06-28 17:12:41.464,2024-06-28 17:12:41.845,2024-06-28 17:12:42.334,734.0,0.87,Minor
2024-06-28 17:13:20.464,2024-06-28 17:13:20.845,2024-06-28 17:13:21.334,716.0,0.87,Minor
2024-06-28 17:14:15.464,2024-06-28 17:14:15.845,2024-06-28 17:14:16.334,778.0,0.87,Minor
2024-06-28 17:15:24.464,2024-06-28 17:15:24.845,2024-06-28 17:15:25.334,834.0,0.87,Minor
2024-06-28 17:16:30.464,2024-06-28 17:16:30.845,2024-06-28 17:16:31.334,892.0,0.87,Moderate
2024-06-28 17:17:26.464,2024-06-28 17:17:26.845,2024-06-28 17:17:27.334,790.0,0.87,Minor
2024-06-28 17:18:25.464,2024-06-28 17:18:25.845,2024-06-28 17:18:26.334,778.0,0.87,Minor
2024-06-28 17:18:55.464,2024-06-28 17:18:55.845,2024-06-28 17:18:56.334,884.0,0.87,Moderate
2024-06-28 17:19:52.464,2024-06-28 17:19:52.845,2024-06-28 17:19:53.334,760.0,0.87,Minor
2024-06-28 17:20:41.464,2024-06-28 17:20:41.845,2024-06-28 17:20:42.334,862.0,0.87,Moderate
2024-06-28 17:21:36.464,2024-06-28 17:21:36.845,2024-06-28 17:21:37.334,808.0,0.87,Minor
2024-06-28 17:22:20.464,2024-06-28 17:22:20.845,2024-06-28 17:22:21.334,762.0,0.87,Minor
2024-06-28 17:22:54.464,2024-06-28 17:22:54.845,2024-06-28 17:22:55.334,778.0,0.87,Minor
2024-06-28 17:23:43.464,2024-06-28 17:23:43.845,2024-06-28 17:23:44.334,796.0,0.87,Minor
2024-06-28 17:24:21.464,2024-06-28 17:24:21.845,2024-06-28 17:24:22.334,740.0,0.87,Minor
2024-06-28 17:25:44.464,2024-06-28 17:25:44.845,2024-06-28 17:25:45.334,776.0,0.87,Minor
2024-06-28 17:26:19.464,2024-06-28 17:26:19.845,2024-06-28 17:26:20.334,834.0,0.87,Minor
2024-06-28 17:26:58.464,2024-06-28 17:26:58.845,2024-06-28 17:26:59.334,748.0,0.87,Minor
2024-06-28 17:28:51.464,2024-06-28 17:28:51.845,2024-06-28 17:28:52.334,780.0,0.87,Minor
2024-06-28 17:29:50.464,2024-06-28 17:29:50.845,2024-06-28 17:29:51.334,796.0,0.87,Minor
2024-06-28 17:30:26.464,2024-06-28 17:30:26.845,2024-06-28 17:30:27.334,712.0,0.87,Minor
2024-06-28 17:31:59.464,2024-06-28 17:31:59.845,2024-06-28 17:32:00.334,770.0,0.87,Minor
2024-06-28 17:32:45.464,2024-06-28 17:32:45.845,2024-06-28 17:32:46.334,766.0,0.87,Minor
2024-06-28 17:33:37.464,2024-06-28 17:33:37.845,2024-06-28 17:33:38.334,810.0,0.87,Minor
2024-06-28 17:34:43.464,2024-06-28 17:34:43.845,2024-06-28 17:34:44.334,772.0,0.87,Minor
2024-06-28 17:35:34.464,2024-06-28 17:35:34.845,2024-06-28 17:35:35.334,766.0,0.87,Minor
2024-06-28 17:36:36.464,2024-06-28 17:36:36.845,2024-06-28 17:36:37.334,822.0,0.87,Minor
2024-06-28 17:38:09.464,2024-06-28 17:38:09.845,2024-06-28 17:38:10.334,804.0,0.87,Minor
2024-06-28 17:38:47.464,2024-06-28 17:38:47.845,2024-06-28 17:38:48.334,742.0,0.87,Minor
2024-06-28 17:39:41.464,2024-06-28 17:39:41.845,2024-06-28 17:39:41.988,718.0,0.524,Minor
2024-06-28 17:40:51.464,2024-06-28 17:40:51.845,2024-06-28 17:40:52.334,812.0,0.87,Minor
2024-06-28 17:41:58.464,2024-06-28 17:41:58.845,2024-06-28 17:41:59.334,792.0,0.87,Minor
2024-06-28 17:43:04.464,2024-06-28 17:43:04.845,2024-06-28 17:43:05.334,722.0,0.87,Minor
2024-06-28 17:44:27.464,2024-06-28 17:44:27.845,2024-06-28 17:44:28.334,804.0,0.87,Minor
2024-06-28 17:45:28.464,2024-06-28 17:45:28.845,2024-06-28 17:45:29.334,792.0,0.87,Minor
2024-06-28 17:46:19.464,2024-06-28 17:46:19.845,2024-06-28 17:46:20.334,792.0,0.87,Minor
2024-06-28 17:47:03.464,2024-06-28 17:47:03.845,2024-06-28 17:47:04.334,778.0,0.87,Minor
2024-06-28 17:47:59.464,2024-06-28 17:47:59.845,2024-06-28 17:48:00.334,722.0,0.87,Minor
2024-06-28 17:48:45.464,2024-06-28 17:48:45.845,2024-06-28 17:48:46.334,1170.0,0.87,Major
2024-06-28 17:49:51.464,2024-06-28 17:49:51.845,2024-06-28 17:49:52.334,780.0,0.87,Minor
2024-06-28 17:50:51.464,2024-06-28 17:50:51.845,2024-06-28 17:50:52.334,762.0,0.87,Minor
2024-06-28 17:51:45.464,2024-06-28 17:51:45.845,2024-06-28 17:51:46.334,788.0,0.87,Minor
2024-06-28 17:52:38.464,2024-06-28 17:52:38.845,2024-06-28 17:52:39.334,960.0,0.87,Moderate
2024-06-28 17:53:14.464,2024-06-28 17:53:14.845,2024-06-28 17:53:15.334,772.0,0.87,Minor
2024-06-28 17:53:51.464,2024-06-28 17:53:51.845,2024-06-28 17:53:52.334,798.0,0.87,Minor
2024-06-28 17:54:43.464,2024-06-28 17:54:43.845,2024-06-28 17:54:44.334,714.0,0.87,Minor
2024-06-28 17:55:26.464,2024-06-28 17:55:26.845,2024-06-28 17:55:26.988,752.0,0.524,Minor
2024-06-28 17:56:03.464,2024-06-28 17:56:03.845,2024-06-28 17:56:04.334,776.0,0.87,Minor
2024-06-28 17:56:49.464,2024-06-28 17:56:49.845,2024-06-28 17:56:50.334,748.0,0.87,Minor
2024-06-28 17:57:19.464,2024-06-28 17:57:19.845,2024-06-28 17:57:20.334,824.0,0.87,Minor
2024-06-28 17:58:20.464,2024-06-28 17:58:20.845,2024-06-28 17:58:21.334,752.0,0.87,Minor
2024-06-28 17:58:58.464,2024-06-28 17:58:58.845,2024-06-28 17:58:59.334,750.0,0.87,Minor
2024-06-28 17:59:35.464,2024-06-28 17:59:35.845,2024-06-28 17:59:35.988,744.0,0.524,Minor
2024-06-28 18:00:23.464,2024-06-28 18:00:23.845,2024-06-28 18:00:24.334,828.0,0.87,Minor
2024-06-28 18:01:03.464,2024-06-28 18:01:03.845,2024-06-28 18:01:04.334,830.0,0.87,Minor
2024-06-28 18:01:38.464,2024-06-28 18:01:38.845,2024-06-28 18:01:39.334,810.0,0.87,Minor
2024-06-28 18:02:25.464,2024-06-28 18:02:25.845,2024-06-28 18:02:26.334,746.0,0.87,Minor
2024-06-28 18:03:28.464,2024-06-28 18:03:28.845,2024-06-28 18:03:29.334,772.0,0.87,Minor
2024-06-28 18:04:05.464,2024-06-28 18:04:05.845,2024-06-28 18:04:06.334,700.0,0.87,Minor
2024-06-28 18:04:35.464,2024-06-28 18:04:35.845,2024-06-28 18:04:36.334,938.0,0.87,Moderate
2024-06-28 18:05:25.464,2024-06-28 18:05:25.845,2024-06-28 18:05:26.334,802.0,0.87,Minor
2024-06-28 18:06:35.464,2024-06-28 18:06:35.845,2024-06-28 18:06:36.334,756.0,0.87,Minor
2024-06-28 18:07:11.464,2024-06-28 18:07:11.845,2024-06-28 18:07:12.334,776.0,0.87,Minor
2024-06-28 18:07:47.464,2024-06-28 18:07:47.845,2024-06-28 18:07:48.334,792.0,0.87,Minor
2024-06-28 18:09:10.464,2024-06-28 18:09:10.845,2024-06-28 18:09:11.334,834.0,0.87,Minor
2024-06-28 18:09:56.464,2024-06-28 18:09:56.845,2024-06-28 18:09:57.334,764.0,0.87,Minor
2024-06-28 18:10:27.464,2024-06-28 18:10:27.845,2024-06-28 18:10:28.334,762.0,0.87,Minor
2024-06-28 18:10:59.464,2024-06-28 18:10:59.845,2024-06-28 18:11:00.334,716.0,0.87,Minor
2024-06-28 18:12:32.464,2024-06-28 18:12:32.845,2024-06-28 18:12:33.334,724.0,0.87,Minor
2024-06-28 18:13:06.464,2024-06-28 18:13:06.845,2024-06-28 18:13:07.334,822.0,0.87,Minor
2024-06-28 18:13:36.464,2024-06-28 18:13:36.845,2024-06-28 18:13:37.334,754.0,0.87,Minor
2024-06-28 18:15:11.464,2024-06-28 18:15:11.845,2024-06-28 18:15:12.334,722.0,0.87,Minor
2024-06-28 18:16:04.464,2024-06-28 18:16:04.845,2024-06-28 18:16:05.334,764.0,0.87,Minor
2024-06-28 18:16:50.464,2024-06-28 18:16:50.845,2024-06-28 18:16:51.334,800.0,0.87,Minor
2024-06-28 18:17:41.464,2024-06-28 18:17:41.845,2024-06-28 18:17:42.334,798.0,0.87,Minor
2024-06-28 18:18:20.464,2024-06-28 18:18:20.845,2024-06-28 18:18:21.334,724.0,0.87,Minor
2024-06-28 18:19:00.464,2024-06-28 18:19:00.845,2024-06-28 18:19:01.334,852.0,0.87,Minor
2024-06-28 18:20:45.464,2024-06-28 18:20:45.845,2024-06-28 18:20:46.334,762.0,0.87,Minor
2024-06-28 18:21:22.464,2024-06-28 18:21:22.845,2024-06-28 18:21:23.334,770.0,0.87,Minor
2024-06-28 18:22:51.464,2024-06-28 18:22:51.845,2024-06-28 18:22:52.334,706.0,0.87,Minor
2024-06-28 18:23:52.464,2024-06-28 18:23:52.845,2024-06-28 18:23:53.334,834.0,0.87,Minor
2024-06-28 18:24:47.464,2024-06-28 18:24:47.845,2024-06-28 18:24:48.334,758.0,0.87,Minor
2024-06-28 18:25:18.464,2024-06-28 18:25:18.845,2024-06-28 18:25:19.334,800.0,0.87,Minor
2024-06-28 18:25:53.464,2024-06-28 18:25:53.845,2024-06-28 18:25:54.334,776.0,0.87,Minor
2024-06-28 18:26:47.464,2024-06-28 18:26:47.845,2024-06-28 18:26:48.334,838.0,0.87,Minor
2024-06-28 18:27:17.464,2024-06-28 18:27:17.845,2024-06-28 18:27:18.334,748.0,0.87,Minor
2024-06-28 18:28:01.464,2024-06-28 18:28:01.845,2024-06-28 18:28:02.334,768.0,0.87,Minor
2024-06-28 18:28:52.464,2024-06-28 18:28:52.845,2024-06-28 18:28:53.334,806.0,0.87,Minor
2024-06-28 18:30:27.464,2024-06-28 18:30:27.845,2024-06-28 18:30:28.334,792.0,0.87,Minor
2024-06-28 18:31:18.464,2024-06-28 18:31:18.845,2024-06-28 18:31:19.334,778.0,0.87,Minor
2024-06-28 18:32:11.464,2024-06-28 18:32:11.845,2024-06-28 18:32:12.334,752.0,0.87,Minor
2024-06-28 18:33:04.464,2024-06-28 18:33:04.845,2024-06-28 18:33:05.334,752.0,0.87,Minor
2024-06-28 18:33:44.464,2024-06-28 18:33:44.845,2024-06-28 18:33:45.334,818.0,0.87,Minor
2024-06-28 18:35:07.464,2024-06-28 18:35:07.845,2024-06-28 18:35:08.334,790.0,0.87,Minor
2024-06-28 18:35:38.464,2024-06-28 18:35:38.845,2024-06-28 18:35:39.334,758.0,0.87,Minor
2024-06-28 18:36:15.464,2024-06-28 18:36:15.845,2024-06-28 18:36:16.334,814.0,0.87,Minor
2024-06-28 18:36:55.464,2024-06-28 18:36:55.845,2024-06-28 18:36:56.334,806.0,0.87,Minor
2024-06-28 18:38:08.464,2024-06-28 18:38:08.845,2024-06-28 18:38:09.334,722.0,0.87,Minor
2024-06-28 18:38:38.464,2024-06-28 18:38:38.845,2024-06-28 18:38:39.334,772.0,0.87,Minor
2024-06-28 18:39:20.464,2024-06-28 18:39:20.845,2024-06-28 18:39:21.334,796.0,0.87,Minor
2024-06-28 18:39:57.464,2024-06-28 18:39:57.845,2024-06-28 18:39:58.334,730.0,0.87,Minor
2024-06-28 18:41:14.464,2024-06-28 18:41:14.845,2024-06-28 18:41:15.334,840.0,0.87,Minor
2024-06-28 18:42:28.464,2024-06-28 18:42:28.845,2024-06-28 18:42:29.334,768.0,0.87,Minor
2024-06-28 18:43:06.464,2024-06-28 18:43:06.845,2024-06-28 18:43:07.334,838.0,0.87,Minor
2024-06-28 18:43:51.464,2024-06-28 18:43:51.845,2024-06-28 18:43:52.334,790.0,0.87,Minor
2024-06-28 18:44:21.464,2024-06-28 18:44:21.845,2024-06-28 18:44:22.334,792.0,0.87,Minor
2024-06-28 18:45:04.464,2024-06-28 18:45:04.845,2024-06-28 18:45:04.988,726.0,0.524,Minor
2024-06-28 18:45:43.464,2024-06-28 18:45:43.845,2024-06-28 18:45:43.988,762.0,0.524,Minor
2024-06-28 18:46:13.464,2024-06-28 18:46:13.845,2024-06-28 18:46:14.334,732.0,0.87,Minor
2024-06-28 18:47:12.464,2024-06-28 18:47:12.845,2024-06-28 18:47:13.334,826.0,0.87,Minor
2024-06-28 18:47:53.464,2024-06-28 18:47:53.845,2024-06-28 18:47:54.334,756.0,0.87,Minor
2024-06-28 18:48:28.464,2024-06-28 18:48:28.845,2024-06-28 18:48:29.334,808.0,0.87,Minor
2024-06-28 18:49:16.464,2024-06-28 18:49:16.845,2024-06-28 18:49:17.334,798.0,0.87,Minor
2024-06-28 18:50:02.464,2024-06-28 18:50:02.845,2024-06-28 18:50:03.334,810.0,0.87,Minor
2024-06-28 18:50:38.464,2024-06-28 18:50:38.845,2024-06-28 18:50:39.334,752.0,0.87,Minor
2024-06-28 18:51:10.464,2024-06-28 18:51:10.845,2024-06-28 18:51:11.334,746.0,0.87,Minor
2024-06-28 18:51:42.464,2024-06-28 18:51:42.845,2024-06-28 18:51:43.334,734.0,0.87,Minor
2024-06-28 18:52:35.464,2024-06-28 18:52:35.845,2024-06-28 18:52:36.334,818.0,0.87,Minor
2024-06-28 18:53:11.464,2024-06-28 18:53:11.845,2024-06-28 18:53:12.334,732.0,0.87,Minor
2024-06-28 18:53:49.464,2024-06-28 18:53:49.845,2024-06-28 18:53:50.334,738.0,0.87,Minor
2024-06-28 18:55:11.464,2024-06-28 18:55:11.845,2024-06-28 18:55:12.334,858.0,0.87,Minor
2024-06-28 18:56:04.464,2024-06-28 18:56:04.845,2024-06-28 18:56:05.334,748.0,0.87,Minor
2024-06-28 18:57:20.464,2024-06-28 18:57:20.845,2024-06-28 18:57:20.988,768.0,0.524,Minor
2024-06-28 18:58:26.464,2024-06-28 18:58:26.845,2024-06-28 18:58:27.334,912.0,0.87,Moderate
2024-06-28 18:59:23.464,2024-06-28 18:59:23.845,2024-06-28 18:59:24.334,706.0,0.87,Minor
2024-06-28 19:00:10.464,2024-06-28 19:00:10.845,2024-06-28 19:00:11.334,792.0,0.87,Minor
2024-06-28 19:00:57.464,2024-06-28 19:00:57.845,2024-06-28 19:00:58.334,810.0,0.87,Minor
2024-06-28 19:01:44.464,2024-06-28 19:01:44.845,2024-06-28 19:01:45.334,838.0,0.87,Minor
2024-06-28 19:02:39.464,2024-06-28 19:02:39.845,2024-06-28 19:02:40.334,768.0,0.87,Minor
2024-06-28 19:03:44.464,2024-06-28 19:03:44.845,2024-06-28 19:03:45.334,814.0,0.87,Minor
2024-06-28 19:05:06.464,2024-06-28 19:05:06.845,2024-06-28 19:05:07.334,794.0,0.87,Minor
2024-06-28 19:06:01.464,2024-06-28 19:06:01.845,2024-06-28 19:06:02.334,766.0,0.87,Minor
2024-06-28 19:06:52.464,2024-06-28 19:06:52.845,2024-06-28 19:06:53.334,708.0,0.87,Minor
2024-06-28 19:08:12.464,2024-06-28 19:08:12.845,2024-06-28 19:08:13.334,784.0,0.87,Minor
2024-06-28 19:08:42.464,2024-06-28 19:08:42.845,2024-06-28 19:08:43.334,764.0,0.87,Minor
2024-06-28 19:09:44.464,2024-06-28 19:09:44.845,2024-06-28 19:09:44.988,874.0,0.524,Moderate
2024-06-28 19:10:19.464,2024-06-28 19:10:19.845,2024-06-28 19:10:20.334,760.0,0.87,Minor
2024-06-28 19:11:04.464,2024-06-28 19:11:04.845,2024-06-28 19:11:05.334,808.0,0.87,Minor
2024-06-28 19:12:05.464,2024-06-28 19:12:05.845,2024-06-28 19:12:06.334,790.0,0.87,Minor
2024-06-28 19:12:57.464,2024-06-28 19:12:57.845,2024-06-28 19:12:58.334,812.0,0.87,Minor
2024-06-28 19:13:33.464,2024-06-28 19:13:33.845,2024-06-28 19:13:34.334,786.0,0.87,Minor
2024-06-28 19:14:04.464,2024-06-28 19:14:04.845,2024-06-28 19:14:05.334,762.0,0.87,Minor
2024-06-28 19:15:03.464,2024-06-28 19:15:03.845,2024-06-28 19:15:04.334,810.0,0.87,Minor
2024-06-28 19:16:20.464,2024-06-28 19:16:20.845,2024-06-28 19:16:21.334,752.0,0.87,Minor
2024-06-28 19:16:51.464,2024-06-28 19:16:51.845,2024-06-28 19:16:52.334,796.0,0.87,Minor
2024-06-28 19:17:34.464,2024-06-28 19:17:34.845,2024-06-28 19:17:35.334,812.0,0.87,Minor
2024-06-28 19:18:21.464,2024-06-28 19:18:21.845,2024-06-28 19:18:22.334,730.0,0.87,Minor
2024-06-28 19:19:07.464,2024-06-28 19:19:07.845,2024-06-28 19:19:08.334,774.0,0.87,Minor
2024-06-28 19:19:43.464,2024-06-28 19:19:43.845,2024-06-28 19:19:44.334,716.0,0.87,Minor
2024-06-28 19:20:22.464,2024-06-28 19:20:22.845,2024-06-28 19:20:23.334,728.0,0.87,Minor
2024-06-28 19:20:54.464,2024-06-28 19:20:54.845,2024-06-28 19:20:55.334,870.0,0.87,Moderate
2024-06-28 19:21:29.464,2024-06-28 19:21:29.845,2024-06-28 19:21:30.334,808.0,0.87,Minor
2024-06-28 19:22:22.464,2024-06-28 19:22:22.845,2024-06-28 19:22:23.334,808.0,0.87,Minor
2024-06-28 19:23:06.464,2024-06-28 19:23:06.845,2024-06-28 19:23:07.334,842.0,0.87,Minor
2024-06-28 19:24:57.464,2024-06-28 19:24:57.845,2024-06-28 19:24:58.334,834.0,0.87,Minor
2024-06-28 19:25:50.464,2024-06-28 19:25:50.845,2024-06-28 19:25:51.334,856.0,0.87,Minor
2024-06-28 19:26:27.464,2024-06-28 19:26:27.845,2024-06-28 19:26:28.334,758.0,0.87,Minor
2024-06-28 19:27:37.464,2024-06-28 19:27:37.845,2024-06-28 19:27:38.334,818.0,0.87,Minor
2024-06-28 19:28:32.464,2024-06-28 19:28:32.845,2024-06-28 19:28:32.988,808.0,0.524,Minor
2024-06-28 19:29:09.464,2024-06-28 19:29:09.845,2024-06-28 19:29:10.334,736.0,0.87,Minor
2024-06-28 19:29:47.464,2024-06-28 19:29:47.845,2024-06-28 19:29:48.334,772.0,0.87,Minor
2024-06-28 19:30:37.464,2024-06-28 19:30:37.845,2024-06-28 19:30:38.334,810.0,0.87,Minor
2024-06-28 19:31:23.464,2024-06-28 19:31:23.845,2024-06-28 19:31:24.334,790.0,0.87,Minor
2024-06-28 19:32:09.464,2024-06-28 19:32:09.845,2024-06-28 19:32:10.334,738.0,0.87,Minor
2024-06-28 19:32:41.464,2024-06-28 19:32:41.845,2024-06-28 19:32:42.334,840.0,0.87,Minor
2024-06-28 19:34:44.464,2024-06-28 19:34:44.845,2024-06-28 19:34:45.334,754.0,0.87,Minor
2024-06-28 19:35:21.464,2024-06-28 19:35:21.845,2024-06-28 19:35:22.334,820.0,0.87,Minor
2024-06-28 19:35:59.464,2024-06-28 19:35:59.845,2024-06-28 19:36:00.334,788.0,0.87,Minor
2024-06-28 19:37:06.464,2024-06-28 19:37:06.845,2024-06-28 19:37:07.334,720.0,0.87,Minor
2024-06-28 19:37:52.464,2024-06-28 19:37:52.845,2024-06-28 19:37:52.988,860.0,0.524,Minor
2024-06-28 19:38:40.464,2024-06-28 19:38:40.845,2024-06-28 19:38:41.334,772.0,0.87,Minor
2024-06-28 19:39:11.464,2024-06-28 19:39:11.845,2024-06-28 19:39:12.334,746.0,0.87,Minor
2024-06-28 19:39:50.464,2024-06-28 19:39:50.845,2024-06-28 19:39:51.334,820.0,0.87,Minor
2024-06-28 19:41:22.464,2024-06-28 19:41:22.845,2024-06-28 19:41:23.334,804.0,0.87,Minor
2024-06-28 19:42:47.464,2024-06-28 19:42:47.845,2024-06-28 19:42:48.334,774.0,0.87,Minor
2024-06-28 19:43:47.464,2024-06-28 19:43:47.845,2024-06-28 19:43:48.334,720.0,0.87,Minor
2024-06-28 19:44:27.464,2024-06-28 19:44:27.845,2024-06-28 19:44:28.334,812.0,0.87,Minor
2024-06-28 19:45:04.464,2024-06-28 19:45:04.845,2024-06-28 19:45:05.334,704.0,0.87,Minor
2024-06-28 19:46:10.464,2024-06-28 19:46:10.845,2024-06-28 19:46:11.334,716.0,0.87,Minor
2024-06-28 19:46:49.464,2024-06-28 19:46:49.845,2024-06-28 19:46:50.334,790.0,0.87,Minor
2024-06-28 19:47:19.464,2024-06-28 19:47:19.845,2024-06-28 19:47:19.988,696.0,0.524,Minor
2024-06-28 19:47:54.464,2024-06-28 19:47:54.845,2024-06-28 19:47:55.334,886.0,0.87,Moderate
2024-06-28 19:48:46.464,2024-06-28 19:48:46.845,2024-06-28 19:48:47.334,746.0,0.87,Minor
2024-06-28 19:49:27.464,2024-06-28 19:49:27.845,2024-06-28 19:49:28.334,776.0,0.87,Minor
2024-06-28 19:50:10.464,2024-06-28 19:50:10.845,2024-06-28 19:50:11.334,728.0,0.87,Minor
2024-06-28 19:50:57.464,2024-06-28 19:50:57.845,2024-06-28 19:50:58.334,802.0,0.87,Minor
2024-06-28 19:51:45.464,2024-06-28 19:51:45.845,2024-06-28 19:51:46.334,796.0,0.87,Minor
2024-06-28 19:53:00.464,2024-06-28 19:53:00.845,2024-06-28 19:53:01.334,810.0,0.87,Minor
2024-06-28 19:53:52.464,2024-06-28 19:53:52.845,2024-06-28 19:53:53.334,772.0,0.87,Minor
2024-06-28 19:54:23.464,2024-06-28 19:54:23.845,2024-06-28 19:54:24.334,718.0,0.87,Minor
2024-06-28 19:55:10.464,2024-06-28 19:55:10.845,2024-06-28 19:55:11.334,814.0,0.87,Minor
2024-06-28 19:56:25.464,2024-06-28 19:56:25.845,2024-06-28 19:56:26.334,814.0,0.87,Minor
2024-06-28 19:57:10.464,2024-06-28 19:57:10.845,2024-06-28 19:57:11.334,794.0,0.87,Minor
2024-06-28 19:57:47.464,2024-06-28 19:57:47.845,2024-06-28 19:57:48.334,748.0,0.87,Minor
2024-06-28 19:58:35.464,2024-06-28 19:58:35.845,2024-06-28 19:58:36.334,728.0,0.87,Minor
2024-06-28 19:59:23.464,2024-06-28 19:59:23.845,2024-06-28 19:59:24.334,854.0,0.87,Minor
2024-06-28 19:59:58.464,2024-06-28 19:59:58.845,2024-06-28 19:59:59.334,772.0,0.87,Minor
2024-06-28 20:00:59.464,2024-06-28 20:00:59.845,2024-06-28 20:01:00.334,728.0,0.87,Minor
2024-06-28 20:01:51.464,2024-06-28 20:01:51.845,2024-06-28 20:01:52.334,736.0,0.87,Minor
2024-06-28 20:02:23.464,2024-06-28 20:02:23.845,2024-06-28 20:02:24.334,748.0,0.87,Minor
2024-06-28 20:03:37.464,2024-06-28 20:03:37.845,2024-06-28 20:03:38.334,752.0,0.87,Minor
2024-06-28 20:04:10.464,2024-06-28 20:04:10.845,2024-06-28 20:04:11.334,766.0,0.87,Minor
2024-06-28 20:04:42.464,2024-06-28 20:04:42.845,2024-06-28 20:04:43.334,818.0,0.87,Minor
2024-06-28 20:05:32.464,2024-06-28 20:05:32.845,2024-06-28 20:05:33.334,894.0,0.87,Moderate
2024-06-28 20:06:07.464,2024-06-28 20:06:07.845,2024-06-28 20:06:08.334,792.0,0.87,Minor
2024-06-28 20:06:59.464,2024-06-28 20:06:59.845,2024-06-28 20:07:00.334,726.0,0.87,Minor
2024-06-28 20:08:27.464,2024-06-28 20:08:27.845,2024-06-28 20:08:28.334,718.0,0.87,Minor
2024-06-28 20:08:57.464,2024-06-28 20:08:57.845,2024-06-28 20:08:58.334,704.0,0.87,Minor
2024-06-28 20:09:42.464,2024-06-28 20:09:42.845,2024-06-28 20:09:43.334,814.0,0.87,Minor
2024-06-28 20:10:59.464,2024-06-28 20:10:59.845,2024-06-28 20:11:00.334,842.0,0.87,Minor
2024-06-28 20:11:34.464,2024-06-28 20:11:34.845,2024-06-28 20:11:35.334,726.0,0.87,Minor
2024-06-28 20:12:37.464,2024-06-28 20:12:37.845,2024-06-28 20:12:38.334,850.0,0.87,Minor
2024-06-28 20:13:29.464,2024-06-28 20:13:29.845,2024-06-28 20:13:30.334,732.0,0.87,Minor
2024-06-28 20:14:30.464,2024-06-28 20:14:30.845,2024-06-28 20:14:31.334,864.0,0.87,Moderate
2024-06-28 20:15:03.464,2024-06-28 20:15:03.845,2024-06-28 20:15:03.988,784.0,0.524,Minor
2024-06-28 20:16:11.464,2024-06-28 20:16:11.845,2024-06-28 20:16:12.334,868.0,0.87,Moderate
2024-06-28 20:17:17.464,2024-06-28 20:17:17.845,2024-06-28 20:17:18.334,760.0,0.87,Minor
2024-06-28 20:18:03.464,2024-06-28 20:18:03.845,2024-06-28 20:18:04.334,756.0,0.87,Minor
2024-06-28 20:18:43.464,2024-06-28 20:18:43.845,2024-06-28 20:18:44.334,768.0,0.87,Minor
2024-06-28 20:19:28.464,2024-06-28 20:19:28.845,2024-06-28 20:19:29.334,836.0,0.87,Minor
2024-06-28 20:20:28.464,2024-06-28 20:20:28.845,2024-06-28 20:20:29.334,768.0,0.87,Minor
2024-06-28 20:21:05.464,2024-06-28 20:21:05.845,2024-06-28 20:21:06.334,814.0,0.87,Minor
2024-06-28 20:22:12.464,2024-06-28 20:22:12.845,2024-06-28 20:22:13.334,804.0,0.87,Minor
2024-06-28 20:22:47.464,2024-06-28 20:22:47.845,2024-06-28 20:22:48.334,848.0,0.87,Minor
2024-06-28 20:23:46.464,2024-06-28 20:23:46.845,2024-06-28 20:23:47.334,746.0,0.87,Minor
2024-06-28 20:24:32.464,2024-06-28 20:24:32.845,2024-06-28 20:24:33.334,790.0,0.87,Minor
2024-06-28 20:25:11.464,2024-06-28 20:25:11.845,2024-06-28 20:25:12.334,740.0,0.87,Minor
2024-06-28 20:26:07.464,2024-06-28 20:26:07.845,2024-06-28 20:26:08.334,726.0,0.87,Minor
2024-06-28 20:26:59.464,2024-06-28 20:26:59.845,2024-06-28 20:26:59.988,836.0,0.524,Minor
2024-06-28 20:27:39.464,2024-06-28 20:27:39.845,2024-06-28 20:27:40.334,744.0,0.87,Minor
2024-06-28 20:28:17.464,2024-06-28 20:28:17.845,2024-06-28 20:28:18.334,826.0,0.87,Minor
2024-06-28 20:29:15.464,2024-06-28 20:29:15.845,2024-06-28 20:29:16.334,696.0,0.87,Minor
2024-06-28 20:29:46.464,2024-06-28 20:29:46.845,2024-06-28 20:29:47.334,782.0,0.87,Minor
2024-06-28 20:31:13.464,2024-06-28 20:31:13.845,2024-06-28 20:31:14.334,780.0,0.87,Minor
2024-06-28 20:32:05.464,2024-06-28 20:32:05.845,2024-06-28 20:32:06.334,798.0,0.87,Minor
2024-06-28 20:32:36.464,2024-06-28 20:32:36.845,2024-06-28 20:32:37.334,782.0,0.87,Minor
2024-06-28 20:33:35.464,2024-06-28 20:33:35.845,2024-06-28 20:33:35.988,872.0,0.524,Moderate
2024-06-28 20:34:11.464,2024-06-28 20:34:11.845,2024-06-28 20:34:12.334,948.0,0.87,Moderate
2024-06-28 20:35:11.464,2024-06-28 20:35:11.845,2024-06-28 20:35:12.334,840.0,0.87,Minor
2024-06-28 20:35:57.464,2024-06-28 20:35:57.845,2024-06-28 20:35:58.334,818.0,0.87,Minor
2024-06-28 20:37:14.464,2024-06-28 20:37:14.845,2024-06-28 20:37:15.334,870.0,0.87,Moderate
2024-06-28 20:38:20.464,2024-06-28 20:38:20.845,2024-06-28 20:38:21.334,752.0,0.87,Minor
2024-06-28 20:39:51.464,2024-06-28 20:39:51.845,2024-06-28 20:39:52.334,812.0,0.87,Minor
2024-06-28 20:40:45.464,2024-06-28 20:40:45.845,2024-06-28 20:40:46.334,840.0,0.87,Minor
2024-06-28 20:41:37.464,2024-06-28 20:41:37.845,2024-06-28 20:41:38.334,828.0,0.87,Minor
2024-06-28 20:42:35.464,2024-06-28 20:42:35.845,2024-06-28 20:42:36.334,786.0,0.87,Minor
2024-06-28 20:43:09.464,2024-06-28 20:43:09.845,2024-06-28 20:43:10.334,720.0,0.87,Minor
2024-06-28 20:43:56.464,2024-06-28 20:43:56.845,2024-06-28 20:43:57.334,892.0,0.87,Moderate
2024-06-28 20:44:54.464,2024-06-28 20:44:54.845,2024-06-28 20:44:55.334,764.0,0.87,Minor
2024-06-28 20:45:24.464,2024-06-28 20:45:24.845,2024-06-28 20:45:25.334,768.0,0.87,Minor
2024-06-28 20:46:12.464,2024-06-28 20:46:12.845,2024-06-28 20:46:13.334,784.0,0.87,Minor
2024-06-28 20:47:03.464,2024-06-28 20:47:03.845,2024-06-28 20:47:04.334,848.0,0.87,Minor
2024-06-28 20:47:58.464,2024-06-28 20:47:58.845,2024-06-28 20:47:59.334,840.0,0.87,Minor
2024-06-28 20:48:44.464,2024-06-28 20:48:44.845,2024-06-28 20:48:45.334,834.0,0.87,Minor
2024-06-28 20:49:58.464,2024-06-28 20:49:58.845,2024-06-28 20:49:59.334,800.0,0.87,Minor
2024-06-28 20:51:08.464,2024-06-28 20:51:08.845,2024-06-28 20:51:09.334,714.0,0.87,Minor
2024-06-28 20:52:07.464,2024-06-28 20:52:07.845,2024-06-28 20:52:08.334,758.0,0.87,Minor
2024-06-28 20:53:35.464,2024-06-28 20:53:35.845,2024-06-28 20:53:36.334,752.0,0.87,Minor
2024-06-28 20:54:05.464,2024-06-28 20:54:05.845,2024-06-28 20:54:06.334,740.0,0.87,Minor
2024-06-28 20:54:45.464,2024-06-28 20:54:45.845,2024-06-28 20:54:46.334,758.0,0.87,Minor
2024-06-28 20:55:59.464,2024-06-28 20:55:59.845,2024-06-28 20:56:00.334,802.0,0.87,Minor
2024-06-28 20:56:39.464,2024-06-28 20:56:39.845,2024-06-28 20:56:40.334,814.0,0.87,Minor
2024-06-28 20:57:14.464,2024-06-28 20:57:14.845,2024-06-28 20:57:15.334,716.0,0.87,Minor
2024-06-28 20:57:44.464,2024-06-28 20:57:44.845,2024-06-28 20:57:45.334,888.0,0.87,Moderate
2024-06-28 20:58:27.464,2024-06-28 20:58:27.845,2024-06-28 20:58:28.334,720.0,0.87,Minor
2024-06-28 20:58:57.464,2024-06-28 20:58:57.845,2024-06-28 20:58:58.334,736.0,0.87,Minor
2024-06-28 21:00:13.464,2024-06-28 21:00:13.845,2024-06-28 21:00:14.334,700.0,0.87,Minor
2024-06-28 21:01:14.464,2024-06-28 21:01:14.845,2024-06-28 21:01:15.334,762.0,0.87,Minor
2024-06-28 21:01:45.464,2024-06-28 21:01:45.845,2024-06-28 21:01:46.334,760.0,0.87,Minor
2024-06-28 21:03:18.464,2024-06-28 21:03:18.845,2024-06-28 21:03:19.334,722.0,0.87,Minor
2024-06-28 21:04:25.464,2024-06-28 21:04:25.845,2024-06-28 21:04:26.334,788.0,0.87,Minor
2024-06-28 21:04:56.464,2024-06-28 21:04:56.845,2024-06-28 21:04:57.334,760.0,0.87,Minor
2024-06-28 21:05:40.464,2024-06-28 21:05:40.845,2024-06-28 21:05:41.334,876.0,0.87,Moderate
2024-06-28 21:06:24.464,2024-06-28 21:06:24.845,2024-06-28 21:06:25.334,732.0,0.87,Minor
2024-06-28 21:06:55.464,2024-06-28 21:06:55.845,2024-06-28 21:06:56.334,732.0,0.87,Minor
2024-06-28 21:08:07.464,2024-06-28 21:08:07.845,2024-06-28 21:08:08.334,826.0,0.87,Minor
2024-06-28 21:09:14.464,2024-06-28 21:09:14.845,2024-06-28 21:09:15.334,736.0,0.87,Minor
2024-06-28 21:09:57.464,2024-06-28 21:09:57.845,2024-06-28 21:09:58.334,826.0,0.87,Minor
2024-06-28 21:10:41.464,2024-06-28 21:10:41.845,2024-06-28 21:10:41.988,694.0,0.524,Minor
2024-06-28 21:11:29.464,2024-06-28 21:11:29.845,2024-06-28 21:11:30.334,736.0,0.87,Minor
2024-06-28 21:11:59.464,2024-06-28 21:11:59.845,2024-06-28 21:12:00.334,694.0,0.87,Minor
2024-06-28 21:12:38.464,2024-06-28 21:12:38.845,2024-06-28 21:12:39.334,804.0,0.87,Minor
2024-06-28 21:13:25.464,2024-06-28 21:13:25.845,2024-06-28 21:13:26.334,750.0,0.87,Minor
2024-06-28 21:13:55.464,2024-06-28 21:13:55.845,2024-06-28 21:13:56.334,716.0,0.87,Minor
2024-06-28 21:14:39.464,2024-06-28 21:14:39.845,2024-06-28 21:14:40.334,766.0,0.87,Minor
2024-06-28 21:15:31.464,2024-06-28 21:15:31.845,2024-06-28 21:15:32.334,780.0,0.87,Minor
2024-06-28 21:16:25.464,2024-06-28 21:16:25.845,2024-06-28 21:16:26.334,766.0,0.87,Minor
2024-06-28 21:17:43.464,2024-06-28 21:17:43.845,2024-06-28 21:17:44.334,756.0,0.87,Minor
2024-06-28 21:18:43.464,2024-06-28 21:18:43.845,2024-06-28 21:18:44.334,816.0,0.87,Minor
2024-06-28 21:19:39.464,2024-06-28 21:19:39.845,2024-06-28 21:19:40.334,708.0,0.87,Minor
2024-06-28 21:20:19.464,2024-06-28 21:20:19.845,2024-06-28 21:20:20.334,752.0,0.87,Minor
2024-06-28 21:21:29.464,2024-06-28 21:21:29.845,2024-06-28 21:21:30.334,846.0,0.87,Minor
2024-06-28 21:22:00.464,2024-06-28 21:22:00.845,2024-06-28 21:22:01.334,856.0,0.87,Minor
2024-06-28 21:23:16.464,2024-06-28 21:23:16.845,2024-06-28 21:23:17.334,770.0,0.87,Minor
2024-06-28 21:24:33.464,2024-06-28 21:24:33.845,2024-06-28 21:24:34.334,832.0,0.87,Minor
2024-06-28 21:25:24.464,2024-06-28 21:25:24.845,2024-06-28 21:25:25.334,698.0,0.87,Minor
2024-06-28 21:26:56.464,2024-06-28 21:26:56.845,2024-06-28 21:26:56.988,834.0,0.524,Minor
2024-06-28 21:27:51.464,2024-06-28 21:27:51.845,2024-06-28 21:27:52.334,794.0,0.87,Minor
2024-06-28 21:28:28.464,2024-06-28 21:28:28.845,2024-06-28 21:28:29.334,770.0,0.87,Minor
2024-06-28 21:29:07.464,2024-06-28 21:29:07.845,2024-06-28 21:29:08.334,800.0,0.87,Minor
2024-06-28 21:29:52.464,2024-06-28 21:29:52.845,2024-06-28 21:29:53.334,738.0,0.87,Minor
2024-06-28 21:30:39.464,2024-06-28 21:30:39.845,2024-06-28 21:30:40.334,790.0,0.87,Minor
2024-06-28 21:31:10.464,2024-06-28 21:31:10.845,2024-06-28 21:31:11.334,840.0,0.87,Minor
2024-06-28 21:32:25.464,2024-06-28 21:32:25.845,2024-06-28 21:32:26.334,722.0,0.87,Minor
2024-06-28 21:32:55.464,2024-06-28 21:32:55.845,2024-06-28 21:32:56.334,820.0,0.87,Minor
2024-06-28 21:34:16.464,2024-06-28 21:34:16.845,2024-06-28 21:34:17.334,804.0,0.87,Minor
2024-06-28 21:34:54.464,2024-06-28 21:34:54.845,2024-06-28 21:34:55.334,800.0,0.87,Minor
2024-06-28 21:35:29.464,2024-06-28 21:35:29.845,2024-06-28 21:35:30.334,754.0,0.87,Minor
2024-06-28 21:36:43.464,2024-06-28 21:36:43.845,2024-06-28 21:36:44.334,764.0,0.87,Minor
2024-06-28 21:38:11.464,2024-06-28 21:38:11.845,2024-06-28 21:38:12.334,886.0,0.87,Moderate
2024-06-28 21:38:51.464,2024-06-28 21:38:51.845,2024-06-28 21:38:52.334,736.0,0.87,Minor
2024-06-28 21:39:29.464,2024-06-28 21:39:29.845,2024-06-28 21:39:30.334,728.0,0.87,Minor
2024-06-28 21:39:59.464,2024-06-28 21:39:59.845,2024-06-28 21:40:00.334,708.0,0.87,Minor
2024-06-28 21:40:29.464,2024-06-28 21:40:29.845,2024-06-28 21:40:30.334,746.0,0.87,Minor
2024-06-28 21:41:15.464,2024-06-28 21:41:15.845,2024-06-28 21:41:16.334,764.0,0.87,Minor
2024-06-28 21:42:01.464,2024-06-28 21:42:01.845,2024-06-28 21:42:02.334,760.0,0.87,Minor
2024-06-28 21:42:39.464,2024-06-28 21:42:39.845,2024-06-28 21:42:40.334,804.0,0.87,Minor
2024-06-28 21:43:10.464,2024-06-28 21:43:10.845,2024-06-28 21:43:11.334,810.0,0.87,Minor
2024-06-28 21:43:51.464,2024-06-28 21:43:51.845,2024-06-28 21:43:52.334,834.0,0.87,Minor
2024-06-28 21:44:34.464,2024-06-28 21:44:34.845,2024-06-28 21:44:35.334,780.0,0.87,Minor
2024-06-28 21:45:43.464,2024-06-28 21:45:43.845,2024-06-28 21:45:44.334,792.0,0.87,Minor
2024-06-28 21:46:25.464,2024-06-28 21:46:25.845,2024-06-28 21:46:26.334,708.0,0.87,Minor
2024-06-28 21:47:11.464,2024-06-28 21:47:11.845,2024-06-28 21:47:12.334,824.0,0.87,Minor
2024-06-28 21:47:50.464,2024-06-28 21:47:50.845,2024-06-28 21:47:51.334,782.0,0.87,Minor
2024-06-28 21:48:46.464,2024-06-28 21:48:46.845,2024-06-28 21:48:47.334,802.0,0.87,Minor
2024-06-28 21:49:32.464,2024-06-28 21:49:32.845,2024-06-28 21:49:33.334,772.0,0.87,Minor
2024-06-28 21:50:23.464,2024-06-28 21:50:23.845,2024-06-28 21:50:24.334,796.0,0.87,Minor
2024-06-28 21:51:07.464,2024-06-28 21:51:07.845,2024-06-28 21:51:08.334,752.0,0.87,Minor
2024-06-28 21:51:45.464,2024-06-28 21:51:45.845,2024-06-28 21:51:45.988,830.0,0.524,Minor
2024-06-28 21:52:37.464,2024-06-28 21:52:37.845,2024-06-28 21:52:38.334,794.0,0.87,Minor
2024-06-28 21:53:23.464,2024-06-28 21:53:23.845,2024-06-28 21:53:24.334,796.0,0.87,Minor
2024-06-28 21:54:31.464,2024-06-28 21:54:31.845,2024-06-28 21:54:32.334,770.0,0.87,Minor
2024-06-28 21:55:02.464,2024-06-28 21:55:02.845,2024-06-28 21:55:03.334,772.0,0.87,Minor
2024-06-28 21:55:33.464,2024-06-28 21:55:33.845,2024-06-28 21:55:34.334,870.0,0.87,Moderate
2024-06-28 21:56:20.464,2024-06-28 21:56:20.845,2024-06-28 21:56:21.334,746.0,0.87,Minor
2024-06-28 21:56:50.464,2024-06-28 21:56:50.845,2024-06-28 21:56:51.334,810.0,0.87,Minor
2024-06-28 21:57:52.464,2024-06-28 21:57:52.845,2024-06-28 21:57:53.334,762.0,0.87,Minor
2024-06-28 21:58:50.464,2024-06-28 21:58:50.845,2024-06-28 21:58:51.334,834.0,0.87,Minor
2024-06-28 21:59:36.464,2024-06-28 21:59:36.845,2024-06-28 21:59:37.334,768.0,0.87,Minor
2024-06-28 22:01:43.464,2024-06-28 22:01:43.845,2024-06-28 22:01:44.334,720.0,0.87,Minor
2024-06-28 22:02:34.464,2024-06-28 22:02:34.845,2024-06-28 22:02:35.334,744.0,0.87,Minor
2024-06-28 22:03:10.464,2024-06-28 22:03:10.845,2024-06-28 22:03:11.334,732.0,0.87,Minor
2024-06-28 22:04:11.464,2024-06-28 22:04:11.845,2024-06-28 22:04:12.334,824.0,0.87,Minor
2024-06-28 22:04:41.464,2024-06-28 22:04:41.845,2024-06-28 22:04:42.334,798.0,0.87,Minor
2024-06-28 22:05:16.464,2024-06-28 22:05:16.845,2024-06-28 22:05:17.334,888.0,0.87,Moderate
2024-06-28 22:06:09.464,2024-06-28 22:06:09.845,2024-06-28 22:06:10.334,714.0,0.87,Minor
2024-06-28 22:06:39.464,2024-06-28 22:06:39.845,2024-06-28 22:06:40.334,784.0,0.87,Minor
2024-06-28 22:07:33.464,2024-06-28 22:07:33.845,2024-06-28 22:07:34.334,720.0,0.87,Minor
2024-06-28 22:08:11.464,2024-06-28 22:08:11.845,2024-06-28 22:08:12.334,698.0,0.87,Minor
2024-06-28 22:08:48.464,2024-06-28 22:08:48.845,2024-06-28 22:08:49.334,790.0,0.87,Minor
2024-06-28 22:09:49.464,2024-06-28 22:09:49.845,2024-06-28 22:09:50.334,746.0,0.87,Minor
2024-06-28 22:10:30.464,2024-06-28 22:10:30.845,2024-06-28 22:10:31.334,788.0,0.87,Minor
2024-06-28 22:11:23.464,2024-06-28 22:11:23.845,2024-06-28 22:11:24.334,798.0,0.87,Minor
2024-06-28 22:13:50.464,2024-06-28 22:13:50.845,2024-06-28 22:13:50.988,780.0,0.524,Minor
2024-06-28 22:14:50.464,2024-06-28 22:14:50.845,2024-06-28 22:14:51.334,732.0,0.87,Minor
2024-06-28 22:15:42.464,2024-06-28 22:15:42.845,2024-06-28 22:15:43.334,812.0,0.87,Minor
2024-06-28 22:16:22.464,2024-06-28 22:16:22.845,2024-06-28 22:16:23.334,802.0,0.87,Minor
2024-06-28 22:16:57.464,2024-06-28 22:16:57.845,2024-06-28 22:16:58.334,746.0,0.87,Minor
2024-06-28 22:17:51.464,2024-06-28 22:17:51.845,2024-06-28 22:17:52.334,752.0,0.87,Minor
2024-06-28 22:18:30.464,2024-06-28 22:18:30.845,2024-06-28 22:18:31.334,742.0,0.87,Minor
2024-06-28 22:19:00.464,2024-06-28 22:19:00.845,2024-06-28 22:19:01.334,838.0,0.87,Minor
2024-06-28 22:19:30.464,2024-06-28 22:19:30.845,2024-06-28 22:19:31.334,694.0,0.87,Minor
2024-06-28 22:20:08.464,2024-06-28 22:20:08.845,2024-06-28 22:20:09.334,744.0,0.87,Minor
2024-06-28 22:21:20.464,2024-06-28 22:21:20.845,2024-06-28 22:21:21.334,746.0,0.87,Minor
2024-06-28 22:22:14.464,2024-06-28 22:22:14.845,2024-06-28 22:22:15.334,766.0,0.87,Minor
2024-06-28 22:23:00.464,2024-06-28 22:23:00.845,2024-06-28 22:23:01.334,732.0,0.87,Minor
2024-06-28 22:23:58.464,2024-06-28 22:23:58.845,2024-06-28 22:23:59.334,816.0,0.87,Minor
2024-06-28 22:24:58.464,2024-06-28 22:24:58.845,2024-06-28 22:24:59.334,854.0,0.87,Minor
2024-06-28 22:26:08.464,2024-06-28 22:26:08.845,2024-06-28 22:26:09.334,890.0,0.87,Moderate
2024-06-28 22:26:42.464,2024-06-28 22:26:42.845,2024-06-28 22:26:43.334,780.0,0.87,Minor
2024-06-28 22:27:51.464,2024-06-28 22:27:51.845,2024-06-28 22:27:51.988,766.0,0.524,Minor
2024-06-28 22:28:22.464,2024-06-28 22:28:22.845,2024-06-28 22:28:23.334,776.0,0.87,Minor
2024-06-28 22:29:19.464,2024-06-28 22:29:19.845,2024-06-28 22:29:20.334,728.0,0.87,Minor
2024-06-28 22:29:56.464,2024-06-28 22:29:56.845,2024-06-28 22:29:57.334,958.0,0.87,Moderate
2024-06-28 22:30:50.464,2024-06-28 22:30:50.845,2024-06-28 22:30:51.334,870.0,0.87,Moderate
2024-06-28 22:31:45.464,2024-06-28 22:31:45.845,2024-06-28 22:31:46.334,752.0,0.87,Minor
2024-06-28 22:32:30.464,2024-06-28 22:32:30.845,2024-06-28 22:32:31.334,768.0,0.87,Minor
2024-06-28 22:33:09.464,2024-06-28 22:33:09.845,2024-06-28 22:33:10.334,748.0,0.87,Minor
2024-06-28 22:34:00.464,2024-06-28 22:34:00.845,2024-06-28 22:34:01.334,800.0,0.87,Minor
2024-06-28 22:34:51.464,2024-06-28 22:34:51.845,2024-06-28 22:34:52.334,778.0,0.87,Minor
2024-06-28 22:36:13.464,2024-06-28 22:36:13.845,2024-06-28 22:36:14.334,786.0,0.87,Minor
2024-06-28 22:37:22.464,2024-06-28 22:37:22.845,2024-06-28 22:37:23.334,812.0,0.87,Minor
2024-06-28 22:39:32.464,2024-06-28 22:39:32.845,2024-06-28 22:39:32.988,762.0,0.524,Minor
2024-06-28 22:40:41.464,2024-06-28 22:40:41.845,2024-06-28 22:40:42.334,776.0,0.87,Minor
2024-06-28 22:41:11.464,2024-06-28 22:41:11.845,2024-06-28 22:41:12.334,810.0,0.87,Minor
2024-06-28 22:42:16.464,2024-06-28 22:42:16.845,2024-06-28 22:42:17.334,782.0,0.87,Minor
2024-06-28 22:43:08.464,2024-06-28 22:43:08.845,2024-06-28 22:43:09.334,778.0,0.87,Minor
2024-06-28 22:44:14.464,2024-06-28 22:44:14.845,2024-06-28 22:44:15.334,774.0,0.87,Minor
2024-06-28 22:44:53.464,2024-06-28 22:44:53.845,2024-06-28 22:44:54.334,740.0,0.87,Minor
2024-06-28 22:45:49.464,2024-06-28 22:45:49.845,2024-06-28 22:45:49.988,706.0,0.524,Minor
2024-06-28 22:46:56.464,2024-06-28 22:46:56.845,2024-06-28 22:46:57.334,874.0,0.87,Moderate
2024-06-28 22:47:29.464,2024-06-28 22:47:29.845,2024-06-28 22:47:30.334,866.0,0.87,Moderate
2024-06-28 22:48:16.464,2024-06-28 22:48:16.845,2024-06-28 22:48:17.334,698.0,0.87,Minor
2024-06-28 22:48:54.464,2024-06-28 22:48:54.845,2024-06-28 22:48:55.334,842.0,0.87,Minor
2024-06-28 22:49:31.464,2024-06-28 22:49:31.845,2024-06-28 22:49:32.334,804.0,0.87,Minor
2024-06-28 22:50:02.464,2024-06-28 22:50:02.845,2024-06-28 22:50:03.334,736.0,0.87,Minor
2024-06-28 22:50:49.464,2024-06-28 22:50:49.845,2024-06-28 22:50:50.334,760.0,0.87,Minor
2024-06-28 22:51:44.464,2024-06-28 22:51:44.845,2024-06-28 22:51:45.334,886.0,0.87,Moderate
2024-06-28 22:52:19.464,2024-06-28 22:52:19.845,2024-06-28 22:52:19.988,864.0,0.524,Moderate
2024-06-28 22:52:56.464,2024-06-28 22:52:56.845,2024-06-28 22:52:56.988,774.0,0.524,Minor
2024-06-28 22:53:34.464,2024-06-28 22:53:34.845,2024-06-28 22:53:35.334,730.0,0.87,Minor
2024-06-28 22:54:04.464,2024-06-28 22:54:04.845,2024-06-28 22:54:05.334,788.0,0.87,Minor
2024-06-28 22:54:45.464,2024-06-28 22:54:45.845,2024-06-28 22:54:46.334,822.0,0.87,Minor
2024-06-28 22:55:46.464,2024-06-28 22:55:46.845,2024-06-28 22:55:47.334,742.0,0.87,Minor
2024-06-28 22:56:32.464,2024-06-28 22:56:32.845,2024-06-28 22:56:33.334,700.0,0.87,Minor
2024-06-28 22:57:17.464,2024-06-28 22:57:17.845,2024-06-28 22:57:18.334,778.0,0.87,Minor
2024-06-28 22:58:18.464,2024-06-28 22:58:18.845,2024-06-28 22:58:19.334,766.0,0.87,Minor
2024-06-28 22:58:54.464,2024-06-28 22:58:54.845,2024-06-28 22:58:55.334,834.0,0.87,Minor
2024-06-28 23:00:01.464,2024-06-28 23:00:01.845,2024-06-28 23:00:02.334,776.0,0.87,Minor
2024-06-28 23:01:08.464,2024-06-28 23:01:08.845,2024-06-28 23:01:09.334,762.0,0.87,Minor
2024-06-28 23:02:24.464,2024-06-28 23:02:24.845,2024-06-28 23:02:25.334,808.0,0.87,Minor
2024-06-28 23:03:02.464,2024-06-28 23:03:02.845,2024-06-28 23:03:03.334,782.0,0.87,Minor
2024-06-28 23:03:57.464,2024-06-28 23:03:57.845,2024-06-28 23:03:58.334,782.0,0.87,Minor
2024-06-28 23:04:27.464,2024-06-28 23:04:27.845,2024-06-28 23:04:27.988,726.0,0.524,Minor
2024-06-28 23:05:28.464,2024-06-28 23:05:28.845,2024-06-28 23:05:29.334,790.0,0.87,Minor
2024-06-28 23:05:58.464,2024-06-28 23:05:58.845,2024-06-28 23:05:59.334,738.0,0.87,Minor
2024-06-28 23:06:59.464,2024-06-28 23:06:59.845,2024-06-28 23:07:00.334,774.0,0.87,Minor
2024-06-28 23:07:45.464,2024-06-28 23:07:45.845,2024-06-28 23:07:46.334,832.0,0.87,Minor
2024-06-28 23:08:24.464,2024-06-28 23:08:24.845,2024-06-28 23:08:25.334,770.0,0.87,Minor
2024-06-28 23:09:14.464,2024-06-28 23:09:14.845,2024-06-28 23:09:15.334,842.0,0.87,Minor
2024-06-28 23:10:00.464,2024-06-28 23:10:00.845,2024-06-28 23:10:01.334,740.0,0.87,Minor
2024-06-28 23:10:42.464,2024-06-28 23:10:42.845,2024-06-28 23:10:43.334,732.0,0.87,Minor
2024-06-28 23:11:21.464,2024-06-28 23:11:21.845,2024-06-28 23:11:21.988,820.0,0.524,Minor
2024-06-28 23:12:51.464,2024-06-28 23:12:51.845,2024-06-28 23:12:52.334,784.0,0.87,Minor
2024-06-28 23:13:37.464,2024-06-28 23:13:37.845,2024-06-28 23:13:38.334,752.0,0.87,Minor
2024-06-28 23:14:35.464,2024-06-28 23:14:35.845,2024-06-28 23:14:36.334,784.0,0.87,Minor
2024-06-28 23:15:29.464,2024-06-28 23:15:29.845,2024-06-28 23:15:30.334,806.0,0.87,Minor
2024-06-28 23:16:06.464,2024-06-28 23:16:06.845,2024-06-28 23:16:07.334,872.0,0.87,Moderate
2024-06-28 23:17:03.464,2024-06-28 23:17:03.845,2024-06-28 23:17:04.334,742.0,0.87,Minor
2024-06-28 23:17:35.464,2024-06-28 23:17:35.845,2024-06-28 23:17:36.334,778.0,0.87,Minor
2024-06-28 23:18:30.464,2024-06-28 23:18:30.845,2024-06-28 23:18:31.334,780.0,0.87,Minor
2024-06-28 23:19:01.464,2024-06-28 23:19:01.845,2024-06-28 23:19:02.334,834.0,0.87,Minor
2024-06-28 23:19:31.464,2024-06-28 23:19:31.845,2024-06-28 23:19:32.334,756.0,0.87,Minor
2024-06-28 23:20:09.464,2024-06-28 23:20:09.845,2024-06-28 23:20:10.334,890.0,0.87,Moderate
2024-06-28 23:21:08.464,2024-06-28 23:21:08.845,2024-06-28 23:21:08.988,764.0,0.524,Minor
2024-06-28 23:21:47.464,2024-06-28 23:21:47.845,2024-06-28 23:21:48.334,756.0,0.87,Minor
2024-06-28 23:23:17.464,2024-06-28 23:23:17.845,2024-06-28 23:23:18.334,810.0,0.87,Minor
2024-06-28 23:24:01.464,2024-06-28 23:24:01.845,2024-06-28 23:24:02.334,836.0,0.87,Minor
2024-06-28 23:24:59.464,2024-06-28 23:24:59.845,2024-06-28 23:25:00.334,778.0,0.87,Minor
2024-06-28 23:27:03.464,2024-06-28 23:27:03.845,2024-06-28 23:27:04.334,790.0,0.87,Minor
2024-06-28 23:27:39.464,2024-06-28 23:27:39.845,2024-06-28 23:27:40.334,748.0,0.87,Minor
2024-06-28 23:28:10.464,2024-06-28 23:28:10.845,2024-06-28 23:28:11.334,698.0,0.87,Minor
2024-06-28 23:28:56.464,2024-06-28 23:28:56.845,2024-06-28 23:28:57.334,780.0,0.87,Minor
2024-06-28 23:29:55.464,2024-06-28 23:29:55.845,2024-06-28 23:29:56.334,784.0,0.87,Minor
2024-06-28 23:30:48.464,2024-06-28 23:30:48.845,2024-06-28 23:30:49.334,848.0,0.87,Minor
2024-06-28 23:31:38.464,2024-06-28 23:31:38.845,2024-06-28 23:31:39.334,824.0,0.87,Minor
2024-06-28 23:32:46.464,2024-06-28 23:32:46.845,2024-06-28 23:32:47.334,794.0,0.87,Minor
2024-06-28 23:34:36.464,2024-06-28 23:34:36.845,2024-06-28 23:34:37.334,800.0,0.87,Minor
2024-06-28 23:35:07.464,2024-06-28 23:35:07.845,2024-06-28 23:35:07.988,728.0,0.524,Minor
2024-06-28 23:36:56.464,2024-06-28 23:36:56.845,2024-06-28 23:36:57.334,808.0,0.87,Minor
2024-06-28 23:37:26.464,2024-06-28 23:37:26.845,2024-06-28 23:37:27.334,804.0,0.87,Minor
2024-06-28 23:38:16.464,2024-06-28 23:38:16.845,2024-06-28 23:38:17.334,914.0,0.87,Moderate
2024-06-28 23:39:00.464,2024-06-28 23:39:00.845,2024-06-28 23:39:01.334,824.0,0.87,Minor
2024-06-28 23:40:00.464,2024-06-28 23:40:00.845,2024-06-28 23:40:01.334,862.0,0.87,Moderate
2024-06-28 23:40:54.464,2024-06-28 23:40:54.845,2024-06-28 23:40:55.334,802.0,0.87,Minor
2024-06-28 23:41:25.464,2024-06-28 23:41:25.845,2024-06-28 23:41:26.334,712.0,0.87,Minor
2024-06-28 23:42:28.464,2024-06-28 23:42:28.845,2024-06-28 23:42:29.334,772.0,0.87,Minor
2024-06-28 23:43:04.464,2024-06-28 23:43:04.845,2024-06-28 23:43:05.334,694.0,0.87,Minor
2024-06-28 23:43:43.464,2024-06-28 23:43:43.845,2024-06-28 23:43:44.334,728.0,0.87,Minor
2024-06-28 23:44:23.464,2024-06-28 23:44:23.845,2024-06-28 23:44:24.334,700.0,0.87,Minor
2024-06-28 23:45:24.464,2024-06-28 23:45:24.845,2024-06-28 23:45:25.334,744.0,0.87,Minor
2024-06-28 23:46:41.464,2024-06-28 23:46:41.845,2024-06-28 23:46:42.334,796.0,0.87,Minor
2024-06-28 23:47:44.464,2024-06-28 23:47:44.845,2024-06-28 23:47:45.334,784.0,0.87,Minor
2024-06-28 23:48:21.464,2024-06-28 23:48:21.845,2024-06-28 23:48:22.334,720.0,0.87,Minor
2024-06-28 23:48:53.464,2024-06-28 23:48:53.845,2024-06-28 23:48:54.334,800.0,0.87,Minor
2024-06-28 23:49:36.464,2024-06-28 23:49:36.845,2024-06-28 23:49:37.334,844.0,0.87,Minor
2024-06-28 23:50:11.464,2024-06-28 23:50:11.845,2024-06-28 23:50:12.334,814.0,0.87,Minor
2024-06-28 23:51:08.464,2024-06-28 23:51:08.845,2024-06-28 23:51:09.334,792.0,0.87,Minor
2024-06-28 23:51:53.464,2024-06-28 23:51:53.845,2024-06-28 23:51:54.334,742.0,0.87,Minor
2024-06-28 23:52:30.464,2024-06-28 23:52:30.845,2024-06-28 23:52:31.334,698.0,0.87,Minor
2024-06-28 23:53:05.464,2024-06-28 23:53:05.845,2024-06-28 23:53:06.334,808.0,0.87,Minor
2024-06-28 23:54:23.464,2024-06-28 23:54:23.845,2024-06-28 23:54:24.334,850.0,0.87,Minor
2024-06-28 23:55:22.464,2024-06-28 23:55:22.845,2024-06-28 23:55:23.334,834.0,0.87,Minor
2024-06-28 23:56:23.464,2024-06-28 23:56:23.845,2024-06-28 23:56:24.334,770.0,0.87,Minor
2024-06-28 23:56:54.464,2024-06-28 23:56:54.845,2024-06-28 23:56:55.334,828.0,0.87,Minor
2024-06-28 23:57:33.464,2024-06-28 23:57:33.845,2024-06-28 23:57:34.334,804.0,0.87,Minor
2024-06-28 23:59:15.988,2024-06-28 23:59:16.845,2024-06-28 23:59:17.845,768.0,1.857,Minor
2024-06-29 00:02:21.772,2024-06-29 00:02:22.772,2024-06-29 00:02:23.772,798.0,2.0,Minor
2024-06-29 00:04:48.772,2024-06-29 00:04:49.772,2024-06-29 00:04:50.772,826.0,2.0,Minor
2024-06-29 00:07:31.772,2024-06-29 00:07:32.772,2024-06-29 00:07:33.772,748.0,2.0,Minor
2024-06-29 00:09:40.772,2024-06-29 00:09:41.772,2024-06-29 00:09:42.772,840.0,2.0,Minor
2024-06-29 00:13:28.772,2024-06-29 00:13:29.772,2024-06-29 00:13:30.772,812.0,2.0,Minor
2024-06-29 00:17:27.772,2024-06-29 00:17:28.772,2024-06-29 00:17:29.772,852.0,2.0,Minor
2024-06-29 00:20:39.772,2024-06-29 00:20:40.772,2024-06-29 00:20:41.772,804.0,2.0,Minor
2024-06-29 00:23:26.772,2024-06-29 00:23:27.772,2024-06-29 00:23:28.772,860.0,2.0,Minor
2024-06-29 00:25:49.772,2024-06-29 00:25:50.772,2024-06-29 00:25:51.772,770.0,2.0,Minor
2024-06-29 00:28:12.772,2024-06-29 00:28:13.772,2024-06-29 00:28:14.772,904.0,2.0,Moderate
2024-06-29 00:31:24.772,2024-06-29 00:31:25.772,2024-06-29 00:31:26.772,830.0,2.0,Minor
2024-06-29 00:35:20.772,2024-06-29 00:35:21.772,2024-06-29 00:35:22.772,810.0,2.0,Minor
2024-06-29 00:37:45.772,2024-06-29 00:37:46.772,2024-06-29 00:37:47.772,842.0,2.0,Minor
2024-06-29 00:40:53.772,2024-06-29 00:40:54.772,2024-06-29 00:40:55.772,860.0,2.0,Minor
2024-06-29 00:43:37.772,2024-06-29 00:43:38.772,2024-06-29 00:43:39.772,768.0,2.0,Minor
2024-06-29 00:46:04.772,2024-06-29 00:46:05.772,2024-06-29 00:46:06.772,828.0,2.0,Minor
2024-06-29 00:50:10.772,2024-06-29 00:50:11.772,2024-06-29 00:50:12.772,894.0,2.0,Moderate
2024-06-29 00:53:54.772,2024-06-29 00:53:55.772,2024-06-29 00:53:56.772,824.0,2.0,Minor
2024-06-29 00:57:29.772,2024-06-29 00:57:30.772,2024-06-29 00:57:31.772,890.0,2.0,Moderate
2024-06-29 01:00:16.772,2024-06-29 01:00:17.772,2024-06-29 01:00:18.772,778.0,2.0,Minor
2024-06-29 01:02:46.772,2024-06-29 01:02:47.772,2024-06-29 01:02:48.772,796.0,2.0,Minor
2024-06-29 01:05:22.772,2024-06-29 01:05:23.772,2024-06-29 01:05:24.772,876.0,2.0,Moderate
2024-06-29 01:07:44.772,2024-06-29 01:07:45.772,2024-06-29 01:07:46.772,836.0,2.0,Minor
2024-06-29 01:10:56.772,2024-06-29 01:10:57.772,2024-06-29 01:10:58.772,756.0,2.0,Minor
2024-06-29 01:13:06.772,2024-06-29 01:13:07.772,2024-06-29 01:13:08.772,856.0,2.0,Minor
2024-06-29 01:15:52.772,2024-06-29 01:15:53.772,2024-06-29 01:15:54.772,824.0,2.0,Minor
2024-06-29 01:18:16.772,2024-06-29 01:18:17.772,2024-06-29 01:18:18.772,802.0,2.0,Minor
2024-06-29 01:20:45.772,2024-06-29 01:20:46.772,2024-06-29 01:20:47.772,798.0,2.0,Minor
2024-06-29 01:22:47.772,2024-06-29 01:22:48.772,2024-06-29 01:22:49.772,750.0,2.0,Minor
2024-06-29 01:24:56.772,2024-06-29 01:24:57.772,2024-06-29 01:24:58.772,766.0,2.0,Minor
2024-06-29 11:49:50.882,2024-06-29 11:49:51.134,2024-06-29 11:49:51.772,820.0,0.89,Minor
2024-06-29 11:50:57.077,2024-06-29 11:50:57.134,2024-06-29 11:50:57.772,750.0,0.695,Minor
2024-06-29 11:51:51.077,2024-06-29 11:51:51.134,2024-06-29 11:51:51.772,732.0,0.695,Minor
2024-06-29 11:52:21.077,2024-06-29 11:52:21.134,2024-06-29 11:52:21.772,784.0,0.695,Minor
2024-06-29 11:53:03.077,2024-06-29 11:53:03.134,2024-06-29 11:53:03.772,780.0,0.695,Minor
2024-06-29 11:54:02.077,2024-06-29 11:54:02.134,2024-06-29 11:54:02.772,770.0,0.695,Minor
2024-06-29 11:54:43.077,2024-06-29 11:54:43.134,2024-06-29 11:54:43.772,746.0,0.695,Minor
2024-06-29 11:55:38.077,2024-06-29 11:55:38.134,2024-06-29 11:55:38.772,802.0,0.695,Minor
2024-06-29 11:59:11.077,2024-06-29 11:59:11.134,2024-06-29 11:59:11.772,726.0,0.695,Minor
2024-06-29 12:00:42.077,2024-06-29 12:00:42.134,2024-06-29 12:00:43.077,778.0,1.0,Minor
2024-06-29 12:02:02.077,2024-06-29 12:02:02.134,2024-06-29 12:02:03.077,828.0,1.0,Minor
2024-06-29 12:03:56.077,2024-06-29 12:03:56.134,2024-06-29 12:03:57.077,802.0,1.0,Minor
2024-06-29 12:05:09.077,2024-06-29 12:05:09.134,2024-06-29 12:05:10.077,828.0,1.0,Minor
2024-06-29 12:06:13.077,2024-06-29 12:06:13.134,2024-06-29 12:06:14.077,714.0,1.0,Minor
2024-06-29 12:07:25.077,2024-06-29 12:07:25.134,2024-06-29 12:07:26.077,866.0,1.0,Moderate
2024-06-29 12:09:21.077,2024-06-29 12:09:21.134,2024-06-29 12:09:22.077,726.0,1.0,Minor
2024-06-29 12:11:05.077,2024-06-29 12:11:05.134,2024-06-29 12:11:06.077,722.0,1.0,Minor
2024-06-29 12:12:21.077,2024-06-29 12:12:21.134,2024-06-29 12:12:22.077,788.0,1.0,Minor
2024-06-29 12:13:25.077,2024-06-29 12:13:25.134,2024-06-29 12:13:26.077,718.0,1.0,Minor
2024-06-29 12:14:32.077,2024-06-29 12:14:32.134,2024-06-29 12:14:33.077,844.0,1.0,Minor
2024-06-29 12:16:09.077,2024-06-29 12:16:09.134,2024-06-29 12:16:10.077,776.0,1.0,Minor
2024-06-29 12:17:50.077,2024-06-29 12:17:50.134,2024-06-29 12:17:51.077,866.0,1.0,Moderate
2024-06-29 12:19:11.077,2024-06-29 12:19:11.134,2024-06-29 12:19:12.077,872.0,1.0,Moderate
2024-06-29 12:20:19.077,2024-06-29 12:20:19.134,2024-06-29 12:20:20.077,866.0,1.0,Moderate
2024-06-29 12:21:25.077,2024-06-29 12:21:25.134,2024-06-29 12:21:26.077,786.0,1.0,Minor
2024-06-29 12:23:04.077,2024-06-29 12:23:04.134,2024-06-29 12:23:05.077,764.0,1.0,Minor
2024-06-29 12:24:09.077,2024-06-29 12:24:09.134,2024-06-29 12:24:10.077,824.0,1.0,Minor
2024-06-29 12:26:10.077,2024-06-29 12:26:10.134,2024-06-29 12:26:11.077,756.0,1.0,Minor
2024-06-29 12:27:58.077,2024-06-29 12:27:58.134,2024-06-29 12:27:59.077,756.0,1.0,Minor
2024-06-29 12:29:41.077,2024-06-29 12:29:41.134,2024-06-29 12:29:42.077,732.0,1.0,Minor
2024-06-29 12:30:46.077,2024-06-29 12:30:46.134,2024-06-29 12:30:47.077,820.0,1.0,Minor
2024-06-29 12:32:16.077,2024-06-29 12:32:16.134,2024-06-29 12:32:17.077,758.0,1.0,Minor
2024-06-29 12:33:47.077,2024-06-29 12:33:47.134,2024-06-29 12:33:48.077,752.0,1.0,Minor
2024-06-29 12:35:21.077,2024-06-29 12:35:21.134,2024-06-29 12:35:22.077,832.0,1.0,Minor
2024-06-29 12:37:50.077,2024-06-29 12:37:50.134,2024-06-29 12:37:51.077,804.0,1.0,Minor
2024-06-29 12:39:16.077,2024-06-29 12:39:16.134,2024-06-29 12:39:17.077,716.0,1.0,Minor
2024-06-29 12:40:22.077,2024-06-29 12:40:22.134,2024-06-29 12:40:23.077,860.0,1.0,Minor
2024-06-29 12:41:54.077,2024-06-29 12:41:54.134,2024-06-29 12:41:55.077,794.0,1.0,Minor
2024-06-29 12:43:35.077,2024-06-29 12:43:35.134,2024-06-29 12:43:36.077,790.0,1.0,Minor
2024-06-29 12:44:58.077,2024-06-29 12:44:58.134,2024-06-29 12:44:59.077,776.0,1.0,Minor
2024-06-29 12:46:14.077,2024-06-29 12:46:14.134,2024-06-29 12:46:15.077,838.0,1.0,Minor
2024-06-29 12:47:56.077,2024-06-29 12:47:56.134,2024-06-29 12:47:57.077,834.0,1.0,Minor
2024-06-29 12:49:03.077,2024-06-29 12:49:03.134,2024-06-29 12:49:04.077,814.0,1.0,Minor
2024-06-29 12:51:13.077,2024-06-29 12:51:13.134,2024-06-29 12:51:14.077,836.0,1.0,Minor
2024-06-29 12:52:39.077,2024-06-29 12:52:39.134,2024-06-29 12:52:40.077,758.0,1.0,Minor
2024-06-29 12:53:57.077,2024-06-29 12:53:57.134,2024-06-29 12:53:58.077,800.0,1.0,Minor
2024-06-29 12:54:58.077,2024-06-29 12:54:58.134,2024-06-29 12:54:59.077,804.0,1.0,Minor
2024-06-29 12:56:53.077,2024-06-29 12:56:53.134,2024-06-29 12:56:54.077,816.0,1.0,Minor
2024-06-29 12:58:48.077,2024-06-29 12:58:48.134,2024-06-29 12:58:49.077,782.0,1.0,Minor
2024-06-29 13:00:25.077,2024-06-29 13:00:25.134,2024-06-29 13:00:26.077,770.0,1.0,Minor
2024-06-29 13:01:29.077,2024-06-29 13:01:29.134,2024-06-29 13:01:30.077,720.0,1.0,Minor
2024-06-29 13:02:34.077,2024-06-29 13:02:34.134,2024-06-29 13:02:35.077,902.0,1.0,Moderate
2024-06-29 13:03:43.077,2024-06-29 13:03:43.134,2024-06-29 13:03:44.077,788.0,1.0,Minor
2024-06-29 13:05:26.077,2024-06-29 13:05:26.134,2024-06-29 13:05:27.077,810.0,1.0,Minor
2024-06-29 13:06:41.077,2024-06-29 13:06:41.134,2024-06-29 13:06:42.077,752.0,1.0,Minor
2024-06-29 13:08:32.077,2024-06-29 13:08:32.134,2024-06-29 13:08:33.077,816.0,1.0,Minor
2024-06-29 13:09:53.077,2024-06-29 13:09:53.134,2024-06-29 13:09:54.077,854.0,1.0,Minor
2024-06-29 13:12:07.077,2024-06-29 13:12:07.134,2024-06-29 13:12:08.077,810.0,1.0,Minor
2024-06-29 13:13:39.077,2024-06-29 13:13:39.134,2024-06-29 13:13:40.077,764.0,1.0,Minor
2024-06-29 13:15:02.077,2024-06-29 13:15:02.134,2024-06-29 13:15:03.077,818.0,1.0,Minor
2024-06-29 13:16:07.077,2024-06-29 13:16:07.134,2024-06-29 13:16:08.077,756.0,1.0,Minor
2024-06-29 13:17:15.077,2024-06-29 13:17:15.134,2024-06-29 13:17:16.077,892.0,1.0,Moderate
2024-06-29 13:18:49.077,2024-06-29 13:18:49.134,2024-06-29 13:18:50.077,736.0,1.0,Minor
2024-06-29 13:19:49.077,2024-06-29 13:19:49.134,2024-06-29 13:19:50.077,726.0,1.0,Minor
2024-06-29 13:20:52.077,2024-06-29 13:20:52.134,2024-06-29 13:20:53.077,916.0,1.0,Moderate
2024-06-29 13:23:07.077,2024-06-29 13:23:07.134,2024-06-29 13:23:08.077,846.0,1.0,Minor
2024-06-29 13:24:50.077,2024-06-29 13:24:50.134,2024-06-29 13:24:51.077,756.0,1.0,Minor
2024-06-29 13:26:12.077,2024-06-29 13:26:12.134,2024-06-29 13:26:13.077,758.0,1.0,Minor
2024-06-29 13:27:51.077,2024-06-29 13:27:51.134,2024-06-29 13:27:52.077,812.0,1.0,Minor
2024-06-29 13:29:35.077,2024-06-29 13:29:35.134,2024-06-29 13:29:36.077,730.0,1.0,Minor
2024-06-29 13:31:23.077,2024-06-29 13:31:23.134,2024-06-29 13:31:24.077,790.0,1.0,Minor
2024-06-29 13:33:35.077,2024-06-29 13:33:35.134,2024-06-29 13:33:36.077,830.0,1.0,Minor
2024-06-29 13:34:38.077,2024-06-29 13:34:38.134,2024-06-29 13:34:39.077,738.0,1.0,Minor
2024-06-29 13:35:42.077,2024-06-29 13:35:42.134,2024-06-29 13:35:43.077,820.0,1.0,Minor
2024-06-29 13:36:55.077,2024-06-29 13:36:55.134,2024-06-29 13:36:56.077,698.0,1.0,Minor
2024-06-29 13:39:17.077,2024-06-29 13:39:17.134,2024-06-29 13:39:18.077,784.0,1.0,Minor
2024-06-29 13:40:34.077,2024-06-29 13:40:34.134,2024-06-29 13:40:35.077,736.0,1.0,Minor
2024-06-29 13:41:34.077,2024-06-29 13:41:34.134,2024-06-29 13:41:35.077,830.0,1.0,Minor
2024-06-29 13:42:41.077,2024-06-29 13:42:41.134,2024-06-29 13:42:42.077,858.0,1.0,Minor
2024-06-29 13:44:19.077,2024-06-29 13:44:19.134,2024-06-29 13:44:20.077,796.0,1.0,Minor
2024-06-29 13:46:36.077,2024-06-29 13:46:36.134,2024-06-29 13:46:37.077,786.0,1.0,Minor
2024-06-29 13:47:45.077,2024-06-29 13:47:45.134,2024-06-29 13:47:46.077,756.0,1.0,Minor
2024-06-29 13:49:16.077,2024-06-29 13:49:16.134,2024-06-29 13:49:17.077,804.0,1.0,Minor
2024-06-29 13:50:30.077,2024-06-29 13:50:30.134,2024-06-29 13:50:31.077,708.0,1.0,Minor
2024-06-29 13:51:30.077,2024-06-29 13:51:30.134,2024-06-29 13:51:31.077,872.0,1.0,Moderate
2024-06-29 13:52:45.077,2024-06-29 13:52:45.134,2024-06-29 13:52:46.077,872.0,1.0,Moderate
2024-06-29 13:54:01.077,2024-06-29 13:54:01.134,2024-06-29 13:54:02.077,856.0,1.0,Minor
2024-06-29 13:55:47.077,2024-06-29 13:55:47.134,2024-06-29 13:55:48.077,816.0,1.0,Minor
2024-06-29 13:57:44.077,2024-06-29 13:57:44.134,2024-06-29 13:57:45.077,802.0,1.0,Minor
2024-06-29 13:59:50.077,2024-06-29 13:59:50.134,2024-06-29 13:59:51.077,888.0,1.0,Moderate
2024-06-29 14:00:55.077,2024-06-29 14:00:55.134,2024-06-29 14:00:56.077,770.0,1.0,Minor
2024-06-29 14:01:57.077,2024-06-29 14:01:57.134,2024-06-29 14:01:58.077,768.0,1.0,Minor
2024-06-29 14:03:43.077,2024-06-29 14:03:43.134,2024-06-29 14:03:44.077,810.0,1.0,Minor
2024-06-29 14:05:44.077,2024-06-29 14:05:44.134,2024-06-29 14:05:45.077,792.0,1.0,Minor
2024-06-29 14:07:16.077,2024-06-29 14:07:16.134,2024-06-29 14:07:17.077,724.0,1.0,Minor
2024-06-29 14:08:56.077,2024-06-29 14:08:56.134,2024-06-29 14:08:57.077,880.0,1.0,Moderate
2024-06-29 14:10:37.077,2024-06-29 14:10:37.134,2024-06-29 14:10:38.077,834.0,1.0,Minor
2024-06-29 14:13:03.077,2024-06-29 14:13:03.134,2024-06-29 14:13:04.077,716.0,1.0,Minor
2024-06-29 14:14:05.077,2024-06-29 14:14:05.134,2024-06-29 14:14:06.077,866.0,1.0,Moderate
2024-06-29 14:16:03.077,2024-06-29 14:16:03.134,2024-06-29 14:16:04.077,808.0,1.0,Minor
2024-06-29 14:17:49.077,2024-06-29 14:17:49.134,2024-06-29 14:17:50.077,780.0,1.0,Minor
2024-06-29 14:19:09.077,2024-06-29 14:19:09.134,2024-06-29 14:19:10.077,736.0,1.0,Minor
2024-06-29 14:20:21.077,2024-06-29 14:20:21.134,2024-06-29 14:20:22.077,840.0,1.0,Minor
2024-06-29 14:21:40.077,2024-06-29 14:21:40.134,2024-06-29 14:21:41.077,752.0,1.0,Minor
2024-06-29 14:22:56.077,2024-06-29 14:22:56.134,2024-06-29 14:22:57.077,776.0,1.0,Minor
2024-06-29 14:24:50.077,2024-06-29 14:24:50.134,2024-06-29 14:24:51.077,888.0,1.0,Moderate
2024-06-29 14:26:10.077,2024-06-29 14:26:10.134,2024-06-29 14:26:11.077,772.0,1.0,Minor
2024-06-29 14:27:27.077,2024-06-29 14:27:27.134,2024-06-29 14:27:28.077,810.0,1.0,Minor
2024-06-29 14:28:32.077,2024-06-29 14:28:32.134,2024-06-29 14:28:33.077,734.0,1.0,Minor
2024-06-29 14:29:48.077,2024-06-29 14:29:48.134,2024-06-29 14:29:49.077,800.0,1.0,Minor
2024-06-29 14:31:33.077,2024-06-29 14:31:33.134,2024-06-29 14:31:34.077,802.0,1.0,Minor
2024-06-29 14:32:42.077,2024-06-29 14:32:42.134,2024-06-29 14:32:43.077,832.0,1.0,Minor
2024-06-29 14:34:32.077,2024-06-29 14:34:32.134,2024-06-29 14:34:33.077,798.0,1.0,Minor
2024-06-29 14:36:33.077,2024-06-29 14:36:33.134,2024-06-29 14:36:34.077,842.0,1.0,Minor
2024-06-29 14:37:42.077,2024-06-29 14:37:42.134,2024-06-29 14:37:43.077,764.0,1.0,Minor
2024-06-29 14:39:05.077,2024-06-29 14:39:05.134,2024-06-29 14:39:06.077,818.0,1.0,Minor
2024-06-29 14:40:34.077,2024-06-29 14:40:34.134,2024-06-29 14:40:35.077,852.0,1.0,Minor
2024-06-29 14:42:28.077,2024-06-29 14:42:28.134,2024-06-29 14:42:29.077,914.0,1.0,Moderate
2024-06-29 14:44:03.077,2024-06-29 14:44:03.134,2024-06-29 14:44:04.077,798.0,1.0,Minor
2024-06-29 14:45:55.077,2024-06-29 14:45:55.134,2024-06-29 14:45:56.077,764.0,1.0,Minor
2024-06-29 14:46:55.077,2024-06-29 14:46:55.134,2024-06-29 14:46:56.077,882.0,1.0,Moderate
2024-06-29 14:48:32.077,2024-06-29 14:48:32.134,2024-06-29 14:48:33.077,786.0,1.0,Minor
2024-06-29 14:49:34.077,2024-06-29 14:49:34.134,2024-06-29 14:49:35.077,724.0,1.0,Minor
2024-06-29 14:50:34.077,2024-06-29 14:50:34.134,2024-06-29 14:50:35.077,840.0,1.0,Minor
2024-06-29 14:52:02.077,2024-06-29 14:52:02.134,2024-06-29 14:52:03.077,730.0,1.0,Minor
2024-06-29 14:53:48.077,2024-06-29 14:53:48.134,2024-06-29 14:53:49.077,818.0,1.0,Minor
2024-06-29 14:55:12.077,2024-06-29 14:55:12.134,2024-06-29 14:55:13.077,800.0,1.0,Minor
2024-06-29 14:56:20.077,2024-06-29 14:56:20.134,2024-06-29 14:56:21.077,796.0,1.0,Minor
2024-06-29 14:58:08.077,2024-06-29 14:58:08.134,2024-06-29 14:58:09.077,864.0,1.0,Moderate
2024-06-29 14:59:46.077,2024-06-29 14:59:46.134,2024-06-29 14:59:47.077,826.0,1.0,Minor
2024-06-29 15:01:10.077,2024-06-29 15:01:10.134,2024-06-29 15:01:11.077,822.0,1.0,Minor
2024-06-29 15:03:04.077,2024-06-29 15:03:04.134,2024-06-29 15:03:05.077,794.0,1.0,Minor
2024-06-29 15:04:34.077,2024-06-29 15:04:34.134,2024-06-29 15:04:35.077,810.0,1.0,Minor
2024-06-29 15:06:25.077,2024-06-29 15:06:25.134,2024-06-29 15:06:26.077,810.0,1.0,Minor
2024-06-29 15:07:53.077,2024-06-29 15:07:53.134,2024-06-29 15:07:54.077,792.0,1.0,Minor
2024-06-29 15:09:23.077,2024-06-29 15:09:23.134,2024-06-29 15:09:24.077,792.0,1.0,Minor
2024-06-29 15:10:40.077,2024-06-29 15:10:40.134,2024-06-29 15:10:41.077,790.0,1.0,Minor
2024-06-29 15:12:04.077,2024-06-29 15:12:04.134,2024-06-29 15:12:05.077,706.0,1.0,Minor
2024-06-29 15:13:28.077,2024-06-29 15:13:28.134,2024-06-29 15:13:29.077,822.0,1.0,Minor
2024-06-29 15:15:25.077,2024-06-29 15:15:25.134,2024-06-29 15:15:26.077,824.0,1.0,Minor
2024-06-29 15:16:28.077,2024-06-29 15:16:28.134,2024-06-29 15:16:29.077,800.0,1.0,Minor
2024-06-29 15:18:06.077,2024-06-29 15:18:06.134,2024-06-29 15:18:07.077,834.0,1.0,Minor
2024-06-29 15:19:13.077,2024-06-29 15:19:13.134,2024-06-29 15:19:14.077,842.0,1.0,Minor
2024-06-29 15:20:15.077,2024-06-29 15:20:15.134,2024-06-29 15:20:16.077,834.0,1.0,Minor
2024-06-29 15:22:10.077,2024-06-29 15:22:10.134,2024-06-29 15:22:11.077,760.0,1.0,Minor
2024-06-29 15:23:11.077,2024-06-29 15:23:11.134,2024-06-29 15:23:12.077,752.0,1.0,Minor
2024-06-29 15:24:13.077,2024-06-29 15:24:13.134,2024-06-29 15:24:14.077,818.0,1.0,Minor
2024-06-29 15:25:45.134,2024-06-29 15:25:46.134,2024-06-29 15:25:47.077,808.0,1.943,Minor
2024-06-29 15:26:51.134,2024-06-29 15:26:52.134,2024-06-29 15:26:53.077,798.0,1.943,Minor
2024-06-29 15:28:08.134,2024-06-29 15:28:09.134,2024-06-29 15:28:10.077,716.0,1.943,Minor
2024-06-29 15:29:42.134,2024-06-29 15:29:43.134,2024-06-29 15:29:44.077,756.0,1.943,Minor
2024-06-29 15:31:51.077,2024-06-29 15:31:51.134,2024-06-29 15:31:52.077,722.0,1.0,Minor
2024-06-29 15:34:18.077,2024-06-29 15:34:18.134,2024-06-29 15:34:19.077,790.0,1.0,Minor
2024-06-29 15:35:43.077,2024-06-29 15:35:43.134,2024-06-29 15:35:44.077,738.0,1.0,Minor
2024-06-29 15:36:54.077,2024-06-29 15:36:54.134,2024-06-29 15:36:55.077,750.0,1.0,Minor
2024-06-29 15:38:50.077,2024-06-29 15:38:50.134,2024-06-29 15:38:51.077,794.0,1.0,Minor
2024-06-29 15:40:05.077,2024-06-29 15:40:05.134,2024-06-29 15:40:06.077,862.0,1.0,Moderate
2024-06-29 15:42:06.077,2024-06-29 15:42:06.134,2024-06-29 15:42:07.077,824.0,1.0,Minor
2024-06-29 15:44:07.077,2024-06-29 15:44:07.134,2024-06-29 15:44:08.077,860.0,1.0,Minor
2024-06-29 15:45:21.077,2024-06-29 15:45:21.134,2024-06-29 15:45:22.077,710.0,1.0,Minor
2024-06-29 15:46:23.077,2024-06-29 15:46:23.134,2024-06-29 15:46:24.077,730.0,1.0,Minor
2024-06-29 15:47:52.077,2024-06-29 15:47:52.134,2024-06-29 15:47:53.077,838.0,1.0,Minor
2024-06-29 15:48:54.077,2024-06-29 15:48:54.134,2024-06-29 15:48:55.077,722.0,1.0,Minor
2024-06-29 15:49:54.077,2024-06-29 15:49:54.134,2024-06-29 15:49:55.077,830.0,1.0,Minor
2024-06-29 15:51:06.077,2024-06-29 15:51:06.134,2024-06-29 15:51:07.077,782.0,1.0,Minor
2024-06-29 15:52:22.077,2024-06-29 15:52:22.134,2024-06-29 15:52:23.077,708.0,1.0,Minor
2024-06-29 15:53:22.077,2024-06-29 15:53:22.134,2024-06-29 15:53:23.077,758.0,1.0,Minor
2024-06-29 15:55:24.077,2024-06-29 15:55:24.134,2024-06-29 15:55:25.077,826.0,1.0,Minor
2024-06-29 15:56:31.077,2024-06-29 15:56:31.134,2024-06-29 15:56:32.077,764.0,1.0,Minor
2024-06-29 15:57:32.077,2024-06-29 15:57:32.134,2024-06-29 15:57:33.077,782.0,1.0,Minor
2024-06-29 15:58:45.077,2024-06-29 15:58:45.134,2024-06-29 15:58:46.077,742.0,1.0,Minor
2024-06-29 15:59:55.077,2024-06-29 15:59:55.134,2024-06-29 15:59:56.077,944.0,1.0,Moderate
2024-06-29 16:01:06.077,2024-06-29 16:01:06.134,2024-06-29 16:01:07.077,810.0,1.0,Minor
2024-06-29 16:02:54.077,2024-06-29 16:02:54.134,2024-06-29 16:02:55.077,784.0,1.0,Minor
2024-06-29 16:04:47.077,2024-06-29 16:04:47.134,2024-06-29 16:04:48.077,876.0,1.0,Moderate
2024-06-29 16:06:13.077,2024-06-29 16:06:13.134,2024-06-29 16:06:14.077,806.0,1.0,Minor
2024-06-29 16:07:30.077,2024-06-29 16:07:30.134,2024-06-29 16:07:31.077,980.0,1.0,Moderate
2024-06-29 16:08:48.077,2024-06-29 16:08:48.134,2024-06-29 16:08:49.077,782.0,1.0,Minor
2024-06-29 16:10:19.077,2024-06-29 16:10:19.134,2024-06-29 16:10:20.077,752.0,1.0,Minor
2024-06-29 16:11:36.077,2024-06-29 16:11:36.134,2024-06-29 16:11:37.077,792.0,1.0,Minor
2026-06-23 01:39:59.999,2026-06-23 01:40:00.999,2026-06-23 01:40:01.999,834.0,2.0,Minor
2026-06-23 03:08:20.999,2026-06-23 03:08:22.999,2026-06-23 03:08:23.999,713.0,3.0,Minor
2026-06-23 07:32:19.999,2026-06-23 07:32:20.999,2026-06-23 07:32:21.999,788.0,2.0,Minor
2026-06-23 11:59:38.999,2026-06-23 12:11:18.379,2026-06-23 12:11:38.379,893.0,719.38,Moderate
2026-06-23 21:14:12.379,2026-06-23 21:14:13.379,2026-06-23 21:14:14.379,812.0,2.0,Minor
2026-06-23 21:19:56.379,2026-06-23 21:19:57.379,2026-06-23 21:19:58.379,760.0,2.0,Minor
2026-06-23 22:07:35.379,2026-06-23 22:07:36.379,2026-06-23 22:07:37.379,995.0,2.0,Moderate
2026-06-23 23:09:04.379,2026-06-23 23:09:05.379,2026-06-23 23:09:07.379,729.0,3.0,Minor
2026-06-23 23:22:33.379,2026-06-23 23:22:35.379,2026-06-23 23:22:36.379,742.0,3.0,Minor
2026-06-23 23:25:10.379,2026-06-23 23:25:11.379,2026-06-23 23:25:12.379,764.0,2.0,Minor
2026-06-23 23:59:45.379,2026-06-24 00:00:09.759,2026-06-24 00:00:10.759,834.0,25.38,Minor
2026-06-24 04:29:21.759,2026-06-24 04:29:22.759,2026-06-24 04:29:23.759,836.0,2.0,Minor
2026-06-24 04:45:50.759,2026-06-24 04:45:51.759,2026-06-24 04:45:52.759,746.0,2.0,Minor
2026-06-24 07:09:23.759,2026-06-24 07:09:24.759,2026-06-24 07:09:27.759,755.0,4.0,Minor
2026-06-24 11:59:36.759,2026-06-24 12:00:01.739,2026-06-24 12:00:02.739,776.0,25.98,Minor
2026-06-24 15:48:01.739,2026-06-24 15:48:02.739,2026-06-24 15:48:03.739,761.0,2.0,Minor
2026-06-24 22:24:00.739,2026-06-24 22:24:01.739,2026-06-24 22:24:02.739,795.0,2.0,Minor
