filename,VS1_T26_0212_003435_20260324_035621_HG_lev1_V2_1.fits,VS1_T26_0212_003435_20260324_035621_LG_lev1_V2_1.fits,VS1_T26_0212_003435_20260324_035710_HG_lev1_V2_1.fits,VS1_T26_0212_003435_20260324_035710_LG_lev1_V2_1.fits,VS1_T26_0212_003435_20260324_035759_HG_lev1_V2_1.fits,VS1_T26_0212_003435_20260324_035759_LG_lev1_V2_1.fits,VS1_T26_0212_003435_20260324_035848_HG_lev1_V2_1.fits,VS1_T26_0212_003435_20260324_035848_LG_lev1_V2_1.fits,VS1_T26_0212_003435_20260324_035937_HG_lev1_V2_1.fits,VS1_T26_0212_003435_20260324_035937_LG_lev1_V2_1.fits,VS1_T26_0219_003442_20260325_163513_HG_lev1_V2_1.fits,VS1_T26_0219_003442_20260325_163513_LG_lev1_V2_1.fits,VS1_T26_0219_003442_20260325_163602_HG_lev1_V2_1.fits,VS1_T26_0219_003442_20260325_163602_LG_lev1_V2_1.fits,VS1_T26_0219_003442_20260325_163650_HG_lev1_V2_1.fits,VS1_T26_0219_003442_20260325_163650_LG_lev1_V2_1.fits,VS1_T26_0219_003442_20260325_163739_HG_lev1_V2_1.fits,VS1_T26_0219_003442_20260325_163739_LG_lev1_V2_1.fits,VS1_T26_0219_003442_20260325_163828_HG_lev1_V2_1.fits,VS1_T26_0219_003442_20260325_163828_LG_lev1_V2_1.fits,VS1_T26_0219_003442_20260325_163917_HG_lev1_V2_1.fits,VS1_T26_0219_003442_20260325_163917_LG_lev1_V2_1.fits,VS1_T26_0219_003442_20260325_164006_HG_lev1_V2_1.fits,VS1_T26_0219_003442_20260325_164006_LG_lev1_V2_1.fits,VS1_T26_0219_003442_20260325_164055_HG_lev1_V2_1.fits,VS1_T26_0219_003442_20260325_164055_LG_lev1_V2_1.fits,VS1_T26_0219_003442_20260325_164144_HG_lev1_V2_1.fits,VS1_T26_0219_003442_20260325_164144_LG_lev1_V2_1.fits,VS1_T26_0219_003442_20260325_164233_HG_lev1_V2_1.fits,VS1_T26_0219_003442_20260325_164233_LG_lev1_V2_1.fits,VS1_T26_0219_003442_20260325_164322_HG_lev1_V2_1.fits,VS1_T26_0219_003442_20260325_164322_LG_lev1_V2_1.fits,VS1_T26_0219_003442_20260325_164411_HG_lev1_V2_1.fits,VS1_T26_0219_003442_20260325_164411_LG_lev1_V2_1.fits,VS1_T26_0219_003442_20260325_164459_HG_lev1_V2_1.fits,VS1_T26_0219_003442_20260325_164459_LG_lev1_V2_1.fits,VS1_T26_0219_003442_20260325_164548_HG_lev1_V2_1.fits,VS1_T26_0219_003442_20260325_164548_LG_lev1_V2_1.fits,VS1_T26_0219_003442_20260325_164637_HG_lev1_V2_1.fits,VS1_T26_0219_003442_20260325_164637_LG_lev1_V2_1.fits,VS1_T26_0219_003442_20260325_164726_HG_lev1_V2_1.fits,VS1_T26_0219_003442_20260325_164726_LG_lev1_V2_1.fits,VS1_T26_0219_003442_20260325_164815_HG_lev1_V2_1.fits,VS1_T26_0219_003442_20260325_164815_LG_lev1_V2_1.fits,VS1_T26_0219_003442_20260325_164904_HG_lev1_V2_1.fits,VS1_T26_0219_003442_20260325_164904_LG_lev1_V2_1.fits,VS1_T26_0219_003442_20260325_164953_HG_lev1_V2_1.fits,VS1_T26_0219_003442_20260325_164953_LG_lev1_V2_1.fits,VS1_T26_0219_003442_20260325_165042_HG_lev1_V2_1.fits,VS1_T26_0219_003442_20260325_165042_LG_lev1_V2_1.fits,VS1_T26_0219_003442_20260325_165131_HG_lev1_V2_1.fits,VS1_T26_0219_003442_20260325_165131_LG_lev1_V2_1.fits,VS1_T26_0219_003442_20260325_165220_HG_lev1_V2_1.fits,VS1_T26_0219_003442_20260325_165220_LG_lev1_V2_1.fits,VS1_T26_0219_003442_20260325_165309_HG_lev1_V2_1.fits,VS1_T26_0219_003442_20260325_165309_LG_lev1_V2_1.fits,VS1_T26_0219_003442_20260325_165357_HG_lev1_V2_1.fits,VS1_T26_0219_003442_20260325_165357_LG_lev1_V2_1.fits,VS1_T26_0219_003442_20260325_165446_HG_lev1_V2_1.fits,VS1_T26_0219_003442_20260325_165446_LG_lev1_V2_1.fits,VS1_T26_0219_003442_20260325_165535_HG_lev1_V2_1.fits,VS1_T26_0219_003442_20260325_165535_LG_lev1_V2_1.fits,VS1_T26_0219_003442_20260325_165624_HG_lev1_V2_1.fits,VS1_T26_0219_003442_20260325_165624_LG_lev1_V2_1.fits,VS1_T26_0219_003442_20260325_165713_HG_lev1_V2_1.fits,VS1_T26_0219_003442_20260325_165713_LG_lev1_V2_1.fits,VS1_T26_0219_003442_20260325_165802_HG_lev1_V2_1.fits,VS1_T26_0219_003442_20260325_165802_LG_lev1_V2_1.fits,VS1_T26_0219_003442_20260325_165851_HG_lev1_V2_1.fits,VS1_T26_0219_003442_20260325_165851_LG_lev1_V2_1.fits,VS1_T26_0219_003442_20260325_165940_HG_lev1_V2_1.fits,VS1_T26_0219_003442_20260325_165940_LG_lev1_V2_1.fits,VS1_T26_0219_003442_20260325_170029_HG_lev1_V2_1.fits,VS1_T26_0219_003442_20260325_170029_LG_lev1_V2_1.fits,VS1_T26_0219_003442_20260325_170118_HG_lev1_V2_1.fits,VS1_T26_0219_003442_20260325_170118_LG_lev1_V2_1.fits,VS1_T26_0219_003442_20260325_170206_HG_lev1_V2_1.fits,VS1_T26_0219_003442_20260325_170206_LG_lev1_V2_1.fits,VS1_T26_0219_003442_20260325_170255_HG_lev1_V2_1.fits,VS1_T26_0219_003442_20260325_170255_LG_lev1_V2_1.fits,VS1_T26_0219_003442_20260325_170344_HG_lev1_V2_1.fits,VS1_T26_0219_003442_20260325_170344_LG_lev1_V2_1.fits,VS1_T26_0219_003442_20260325_170433_HG_lev1_V2_1.fits,VS1_T26_0219_003442_20260325_170433_LG_lev1_V2_1.fits,VS1_T26_0219_003442_20260325_170522_HG_lev1_V2_1.fits,VS1_T26_0219_003442_20260325_170522_LG_lev1_V2_1.fits,VS1_T26_0219_003442_20260325_170611_HG_lev1_V2_1.fits,VS1_T26_0219_003442_20260325_170611_LG_lev1_V2_1.fits,VS1_T26_0219_003442_20260325_170700_HG_lev1_V2_1.fits,VS1_T26_0219_003442_20260325_170700_LG_lev1_V2_1.fits,VS1_T26_0219_003442_20260325_170749_HG_lev1_V2_1.fits,VS1_T26_0219_003442_20260325_170749_LG_lev1_V2_1.fits,VS1_T26_0219_003442_20260325_170838_HG_lev1_V2_1.fits,VS1_T26_0219_003442_20260325_170838_LG_lev1_V2_1.fits,VS1_T26_0219_003442_20260325_170927_HG_lev1_V2_1.fits,VS1_T26_0219_003442_20260325_170927_LG_lev1_V2_1.fits,VS1_T26_0219_003442_20260325_171015_HG_lev1_V2_1.fits,VS1_T26_0219_003442_20260325_171015_LG_lev1_V2_1.fits,VS1_T26_0219_003442_20260325_171104_HG_lev1_V2_1.fits,VS1_T26_0219_003442_20260325_171104_LG_lev1_V2_1.fits
VS1_T26_0212_003435_20260324_035621_HG_lev1_V2_1.fits,0.9999999999999998,0.6672748576744588,0.9968705992672187,0.6713997177511807,0.9995575970366988,0.654172949910685,0.9982505285523511,0.6508103136122044,0.9965425044104561,0.6409036254190558,0.9824075708185334,0.6166206897379911,0.9882504524351075,0.5784373165971584,0.9889709248139975,0.5994213150828638,0.9885915241801918,0.5854224342248666,0.9882496340617567,0.599530198213759,0.9859486542023013,0.5901274584922874,0.9908344138628897,0.5921877098637391,0.9867728160421595,0.5929535018383743,0.992771138181161,0.6161148656886855,0.9868735936380032,0.644941739695628,0.9904998931140319,0.6018397273751377,0.9940295179743773,0.6219681374655406,0.991057847975126,0.6447989637376771,0.9898814480890189,0.6395084073370041,0.9954760252020585,0.6403824369600855,0.9963852203197153,0.6283798604341323,0.9915659538148903,0.6366342604689579,0.9957363964374699,0.6340250564483377,0.9950493070039143,0.6311339595000512,0.9927706694827185,0.6568320056958551,0.9958959737013992,0.6581096894956381,0.9969888491476029,0.6630663907517476,0.9968654699195589,0.6639896361210119,0.9919188198451534,0.6739042116431793,0.9877306896713154,0.6786878350723248,0.9941599376368984,0.7137748506727524,0.9935159280574352,0.682070210418523,0.9950047938312888,0.6621156175347858,0.9927096203055614,0.6661408683267125,0.9933033012714881,0.6606379949674741,0.9925856128961763,0.6545003344175315,0.9924612602836653,0.6348208165781302,0.988046126328869,0.6410803438895799,0.9913876805325976,0.622253817270666,0.9918466925213008,0.6258422734392225,0.9949476252748146,0.6238174424956923,0.9943566135949888,0.6408423182894379,0.9932154070971031,0.627681449425312,0.9957298161225997,0.6414869300409799,0.9926336848098789,0.6194407222020009,0.9920854616862717,0.6274969709917968,0.9908185383925102,0.6081798474000061,0.993739780937279,0.6415837873418949,0.993474407456561,0.628304694373489,0.9875583900083268,0.6364273262217751
VS1_T26_0212_003435_20260324_035621_LG_lev1_V2_1.fits,0.6672748576744588,1.0,0.700272306908422,0.99715886974633,0.6800314164646724,0.9987154691377228,0.6926744828242658,0.9986174068436635,0.7026271693054894,0.9960441244882863,0.7358789343591401,0.9668396089586997,0.7181129706775683,0.9851799420206314,0.7149938145108276,0.9784306631304095,0.7127525808104398,0.9787984868095471,0.7175789578992383,0.9808459316648217,0.7250764024562518,0.9789086857458202,0.7091814939980745,0.986553266019139,0.7264400323288177,0.9818133328031138,0.7045083908234001,0.9768398742465958,0.7274139999880302,0.9601955679189145,0.7158267257996548,0.9807535994089838,0.7028617246731866,0.9637867550460268,0.7148596808249388,0.953590543342875,0.7204489280321246,0.9679929392326797,0.6942469450219197,0.9603965262946201,0.689503592255159,0.9686793470315401,0.7142294521978595,0.9628424400037385,0.6983940623206815,0.9631703396056005,0.7008425828679636,0.9616109567845388,0.7126914517190011,0.9547231120988846,0.695936754181652,0.9647980055934188,0.6918884414592841,0.9638974769164821,0.6916892294824266,0.946555515301576,0.714851230943806,0.9555913642771382,0.7262421390241083,0.9576122598920644,0.7081607469309905,0.9527648888141154,0.7111797090578688,0.9742494989596633,0.704787645257471,0.9646656834793625,0.7125718443768594,0.9565899927041833,0.7095123172105706,0.9598688371022659,0.7123349252727483,0.9583294546327192,0.7123570134669642,0.9738516430859444,0.7260834134800228,0.9546767834116292,0.7158851972972589,0.9673849661646806,0.7126640063148867,0.9649844340767476,0.6970957785824222,0.9649595361081839,0.7014500128425638,0.9667568489550886,0.7059517318778855,0.9592449430822921,0.6894635059246211,0.9628237422167617,0.709555901785414,0.9647442940170919,0.710617484165603,0.9581277987616579,0.7170855383231056,0.9620541693256104,0.7058509951672297,0.9543017671705023,0.7071919369825352,0.9650376874290987,0.7266840143499185,0.9619154733148744
VS1_T26_0212_003435_20260324_035710_HG_lev1_V2_1.fits,0.9968705992672187,0.700272306908422,1.0,0.7081014133473911,0.9986500278306464,0.6858958085634235,0.9997069557706474,0.6844565297403413,0.99994319471763,0.6781435976388206,0.9926536430714039,0.6641750830935054,0.9943437548571519,0.6224977475803957,0.9943846078754079,0.6452090683602806,0.9934764211743622,0.6318501828562805,0.9941899797470047,0.6448435786081435,0.9935721436815209,0.63639488564739,0.9950832471910072,0.6358904043910929,0.9948454114490457,0.6381904441368585,0.99616661616765,0.6620481816805013,0.9953452867264515,0.6931725379290926,0.9962844201762949,0.6476024747360515,0.9971748399666774,0.6684957339553004,0.9967086532230988,0.6933636906799308,0.9968597819900334,0.6854209092882525,0.9968828764068252,0.6885117463083562,0.9969480233743886,0.6738249911268345,0.9972397461890531,0.6849665296978348,0.998245100172743,0.6805998692455864,0.997951671334116,0.6798526897357128,0.9982644330978707,0.704474236624871,0.9978791001641372,0.7049606966187985,0.9982792073009823,0.7095144866229488,0.9980218856996397,0.7137885976122826,0.998101031849286,0.7209502201224001,0.9966240225991171,0.726325086613219,0.9990355679200585,0.7596316295694191,0.9991551054769532,0.7262594635794457,0.9990535187092126,0.7092121965074173,0.9982449789534503,0.7141935296084521,0.9981102853835415,0.7081763989169181,0.9979791219526998,0.7023763858390137,0.997736151090752,0.6799875546773124,0.996458332491882,0.688339501427483,0.9973618024914824,0.6682208306732766,0.9971192846423035,0.6722142917027482,0.9969528090181108,0.6699900278770633,0.9971873742416072,0.6850666505548211,0.9969646075957115,0.6737703228879007,0.9961701991157913,0.687266412751766,0.9971231773299786,0.6642807141765812,0.9967181007883755,0.6753715608848314,0.9969147175114444,0.6541291737929912,0.997497783465331,0.6889488222485055,0.9975829054000752,0.6736514473842674,0.9958778715509983,0.6835629632450532
VS1_T26_0212_003435_20260324_035710_LG_lev1_V2_1.fits,0.6713997177511807,0.99715886974633,0.7081014133473911,1.0,0.6854127010164376,0.9953639945119295,0.6993772367797354,0.9973805960899772,0.7106863858271245,0.9986219387455544,0.7458604617537301,0.9825133652212672,0.72563762279515,0.9909760919512262,0.7219650633211437,0.9893911287112777,0.7193426343940105,0.9881880835361776,0.7249728946313637,0.9906771624187166,0.7332794146814791,0.9889863115223159,0.7153123979178194,0.9927745649686964,0.7350056917494164,0.9908836128316171,0.7100223705018902,0.9891091158822921,0.7361797066027899,0.9779438086825674,0.722871866641336,0.9906125092415716,0.7083610911362117,0.9803299407282005,0.7218467384159988,0.9732547264347056,0.7283844764711888,0.9837600551894755,0.6987801013459557,0.9782060392146716,0.6934167031654501,0.9837477780820955,0.7211830001862802,0.9796765405515651,0.7036478262442825,0.9800168548006791,0.7062573682512236,0.9786179607842398,0.7199221035504807,0.9740630582687163,0.7007028019134851,0.9813635007961115,0.696542414831976,0.9807887798405469,0.696184868388636,0.9662701108738818,0.7225652075145303,0.9745198683643709,0.7360456085970681,0.9745264781838127,0.7155675943638389,0.9700044044984454,0.7196425714122093,0.9834528305135289,0.7116377626557514,0.9808627058251841,0.7197953779055405,0.9748501790582084,0.7161290254464673,0.9777134465846212,0.7193571513685874,0.976658278626562,0.719289844406965,0.987579604340238,0.7351051955684649,0.9739951528136023,0.7232490137564299,0.9827354651987249,0.7193475619326168,0.9812519984381297,0.701838114591858,0.981139813946888,0.7068361649409658,0.9824586769844887,0.7117458746430637,0.9769324425432282,0.6933846101818593,0.9800396254879211,0.7159318848217396,0.980367933422448,0.7172254441196623,0.9765497710274565,0.7244191129369866,0.9782014982665004,0.7118246716154634,0.9737847529306228,0.7132581958565466,0.9810374162405596,0.7354284837674592,0.979378916385455
VS1_T26_0212_003435_20260324_035759_HG_lev1_V2_1.fits,0.9995575970366988,0.6800314164646724,0.9986500278306464,0.6854127010164376,1.0,0.6664955411469111,0.9995497781517219,0.6637876906417909,0.9984791202791049,0.6551520191479352,0.9873917602167781,0.634435336813044,0.9919776950786415,0.5953403661732702,0.9924677370568427,0.6167367518036913,0.9920033565849503,0.6031600924634574,0.9919414509721122,0.6167622387212659,0.9901738591898445,0.6076282355563734,0.99385703236412,0.6089046028051525,0.990952969368082,0.609990816690794,0.995339567922921,0.6333166103507454,0.9910300161352563,0.662963588488602,0.993828304841074,0.6190068691143628,0.9963632043119278,0.639071703944609,0.9942738845715435,0.6628343466981185,0.9934156616371638,0.6564882275696777,0.997218412287389,0.6581995762845436,0.997717613012936,0.6450840258625258,0.9946414793533568,0.654458418065176,0.9975745040489014,0.6509843941917134,0.997118416515726,0.64899784826442,0.9955677036281442,0.674243449958286,0.9975744402116996,0.6754171027591894,0.9983219670027318,0.6801335631516879,0.9982232061603048,0.6823362770692077,0.994807593259746,0.6911095678411062,0.9916293181957117,0.6964036657713937,0.9966147775081292,0.730903517507707,0.9962219873447591,0.6986406375739042,0.997294172989125,0.6795041440014455,0.99547974380846,0.6838281435248489,0.9959321312616994,0.6781842652310431,0.9954341762956714,0.6721301247711878,0.9953726466905193,0.6515779693760866,0.9919458677430597,0.6583305730233072,0.9945834801622874,0.6391906444001217,0.9948434870081957,0.6429024848988445,0.9968795619667333,0.6407971092187131,0.9965924528050638,0.6572226937982941,0.9957831961540472,0.6445840944682918,0.9971873219757554,0.6583976401596503,0.9954451081604714,0.635904973344343,0.9950444675556867,0.6451651623242298,0.9941252831957694,0.6249222858460697,0.9962448199102336,0.6589865253005681,0.9960371138200897,0.6449441842146941,0.9915769560796579,0.6537738552352877
VS1_T26_0212_003435_20260324_035759_LG_lev1_V2_1.fits,0.654172949910685,0.9987154691377228,0.6858958085634235,0.9953639945119295,0.6664955411469111,1.0000000000000002,0.6786012896932773,0.9995528019491143,0.6883179568947052,0.9963318179693981,0.7189267228845018,0.9641868236290683,0.702128818534699,0.9835849760051334,0.6990060041374797,0.9766258878436134,0.696912629917084,0.975816951403278,0.7016056068973459,0.9787936790722321,0.7085532337408534,0.9763900939090886,0.6932071531027331,0.9847430041691905,0.7097120293993971,0.9799680472212039,0.6884345084874641,0.9742999344215115,0.7104149299351338,0.9549326748978327,0.6993190364644671,0.9778838049972141,0.6868107457279046,0.9626943917312555,0.6983310803063174,0.9490704216596946,0.7036759970114279,0.965717928764616,0.6786215810100653,0.9558229808252617,0.6738249788291824,0.9677044523222419,0.6975062744200506,0.9575268719013781,0.6823255675668409,0.9610049972171213,0.6847178960351286,0.9563556813104731,0.6961518029060227,0.9501410386055354,0.6798330506700154,0.9596272985833822,0.6761046955245581,0.9590502485414294,0.6759263740739372,0.9372668328262823,0.6981153438017064,0.9498205469779667,0.709520591831567,0.948532688964231,0.6921340458098696,0.942475190790303,0.6955619846978804,0.9639894965720984,0.6889738367755818,0.9583299794516378,0.6959566159246011,0.9494667988973791,0.6929810696315509,0.9540916596155442,0.6957589701436951,0.9529802994410238,0.6958857497587893,0.9718659725599654,0.709137200593785,0.9522681632995289,0.6993348662406687,0.966431421645995,0.6960475967438998,0.9636321898606757,0.6811945957269415,0.9640150566831538,0.6855414362270261,0.9667477102001282,0.6897459267514965,0.9589057893375951,0.6740540722949799,0.9614107100865051,0.6933228723463061,0.965655544502474,0.6945928853555264,0.9556357084099699,0.7004826636671048,0.9626755484094207,0.6897388941526803,0.9518520281697902,0.6908403923182692,0.964748843579349,0.7096920295507281,0.9591191304917552
VS1_T26_0212_003435_20260324_035848_HG_lev1_V2_1.fits,0.9982505285523511,0.6926744828242658,0.9997069557706474,0.6993772367797354,0.9995497781517219,0.6786012896932773,0.9999999999999999,0.6765951388639208,0.999654304580819,0.6692784076997718,0.9913367410102331,0.6523443229891732,0.9943921489249402,0.6121555341598308,0.9946343062027655,0.634074192921437,0.9939936681641084,0.6208561105581613,0.9943051910558265,0.6339692980390547,0.9931697224408467,0.6252009373459957,0.9955770085833912,0.6255570412069871,0.9940761103129281,0.6271370451823219,0.9967132380984327,0.6506610033414434,0.9942743912857152,0.6811478930034366,0.9960858460330758,0.6363531090563538,0.9976114260766688,0.6564531632163774,0.9964671890794774,0.681066589586785,0.9960782644154792,0.6736918683456845,0.9978119504383515,0.6762948631226874,0.9979793292607466,0.6620597241823892,0.9968186153095135,0.6726679322285718,0.9985288653634984,0.6683692428356065,0.9982406535639204,0.6673288881190171,0.9976279693180369,0.6920650509388738,0.9983436148512049,0.6930357125425542,0.9987991338108938,0.6975612928825079,0.9986666888220038,0.7011487638582107,0.9970981152855984,0.708736448574515,0.9949188850454684,0.7144502748728342,0.9983869923469418,0.7482914269406287,0.9982492796715148,0.715555647769412,0.998776100580161,0.6972505373753685,0.9975493945795397,0.7019245251759201,0.9977507809372698,0.696061606953565,0.9974735383394177,0.6901130267828802,0.9973865107729779,0.6685266438561211,0.9951148663607118,0.6759486861011874,0.9968681135249954,0.6563691692836217,0.9968818646088072,0.6602325001640613,0.9977004169132979,0.6580409314052983,0.9977220818421756,0.6737112493278492,0.9972665871631929,0.6617405804649313,0.9974280590744526,0.6754968349007919,0.997199449136567,0.652591348527835,0.9968638373857812,0.6630884250016116,0.9964766314146802,0.6420133550947813,0.9977133761185084,0.6766622067884303,0.9976308500282328,0.6618404599801502,0.994749884437794,0.67141948013533
VS1_T26_0212_003435_20260324_035848_LG_lev1_V2_1.fits,0.6508103136122044,0.9986174068436635,0.6844565297403413,0.9973805960899772,0.6637876906417909,0.9995528019491143,0.6765951388639208,0.9999999999999999,0.6869507489940928,0.9984359871165218,0.7191060764980082,0.9716455649988752,0.7009844489823913,0.9877913995829463,0.6976102277164904,0.9824955755053472,0.695317236748569,0.9813737731705637,0.7003963366866073,0.9842545069086732,0.707830168728349,0.9821071305057268,0.6914257997002169,0.98899458671579,0.7091851285008522,0.9852631129431069,0.6863859064376804,0.9805509933009499,0.7100311287226512,0.963046234725764,0.6980471050030128,0.9834773500067601,0.6847365792568498,0.9702491991416039,0.6970352103592024,0.957782207561245,0.7028507898577276,0.9729183942680094,0.6760226282461668,0.9639540641923188,0.6709484107547189,0.9746826372586631,0.69622858856131,0.96542571317152,0.6801268400985018,0.9686593427691906,0.6826093473707717,0.9644003115004954,0.6949321582189631,0.9586252595575148,0.6774216278185949,0.9671983198445101,0.6735688999716761,0.9666433828025353,0.6733167380222016,0.9462193043148942,0.6971514757052525,0.9580731415832207,0.7095475079395571,0.9563128270379453,0.6909014429762905,0.9499978485211761,0.6947312251590257,0.9690965887293823,0.6874568227158759,0.9658534973767567,0.6947492574312786,0.9577042222009708,0.6914962166085373,0.962123229403794,0.6944698430624621,0.9612097056271921,0.69453953070305,0.9784056148138524,0.7088389851607677,0.9606941475399593,0.6982023731183241,0.9735883699037621,0.6946276545103562,0.9710885992549709,0.6787493580964171,0.9714147036802337,0.6833840204275143,0.9736472568779629,0.6878379878704378,0.9667020448718596,0.6711390128064968,0.9689762124248782,0.6916805159501043,0.9726835058976792,0.693017924549154,0.9639060661048942,0.699342214418455,0.9700735526253481,0.6878839330881861,0.9603345224849656,0.6890757414181152,0.971966494477116,0.7092803688791215,0.9670047235045172
VS1_T26_0212_003435_20260324_035937_HG_lev1_V2_1.fits,0.9965425044104561,0.7026271693054894,0.99994319471763,0.7106863858271245,0.9984791202791049,0.6883179568947052,0.999654304580819,0.6869507489940928,1.0,0.6807704182400344,0.9932756542148535,0.6672654414013175,0.9949525954807567,0.6256135208056808,0.9949648085297913,0.6483252411665312,0.994126450871152,0.6351066264854192,0.9948168233932777,0.6480163013923895,0.9942084390464971,0.6395498684070718,0.995538783436026,0.6389118685474845,0.9953305627826999,0.6411718169840137,0.9964428858808169,0.6650146062943803,0.9957019399204535,0.6962127978914598,0.9966156263741002,0.6505389444093652,0.9973344900719727,0.6713375028972208,0.9969748462598287,0.6963799011043222,0.9970841903536806,0.6882499891028214,0.9969916382345918,0.6914588949977177,0.9969316267475629,0.6765348868368642,0.9973809567950963,0.6878849898543538,0.9981680750837053,0.6832805515259952,0.9979602672125395,0.6826903817617751,0.998283626256418,0.7072209350739428,0.9977953664011561,0.707725772415011,0.9981047001787406,0.7122084972187429,0.9978988453826738,0.7166433728785986,0.998036554126971,0.7236236402508333,0.9966740596563,0.7291285460063397,0.9989058173022637,0.7623717342691938,0.9990587902014884,0.728804272705405,0.9989641636204553,0.7119182683710363,0.9982287397697573,0.7169739033650998,0.9981191928965606,0.7109911999161586,0.9980248274672561,0.7052111017734622,0.9978590544683622,0.6827363005097191,0.9966494176987799,0.6911386456963199,0.9975519636292032,0.6709714955427032,0.9972924807846184,0.6750152907961698,0.9970548896770183,0.6727948972649598,0.9973544688817442,0.6878721597626517,0.9971681890457869,0.6765873858712907,0.9962826160653269,0.6901449110147795,0.9973585597693237,0.667062853416173,0.9970481813679561,0.6783549892145001,0.9971838752501064,0.6568639402963837,0.9976657331594535,0.6918164070416863,0.9977033502283518,0.6763785256540552,0.9961878586531215,0.6864150443206938
VS1_T26_0212_003435_20260324_035937_LG_lev1_V2_1.fits,0.6409036254190558,0.9960441244882863,0.6781435976388206,0.9986219387455544,0.6551520191479352,0.9963318179693981,0.6692784076997718,0.9984359871165218,0.6807704182400344,0.9999999999999998,0.716264634097538,0.9831608001609758,0.6957509075506568,0.9936398041741195,0.691915354951247,0.9911978288564673,0.6892912205464156,0.9896716497506974,0.6950451698955971,0.9922311180187063,0.7033740739655496,0.9905746193016779,0.6849938230523915,0.9948567412483093,0.7050060603676148,0.9929194682711135,0.6793952955129157,0.9898281728104498,0.7060544403264574,0.9756684199434936,0.692461672777172,0.9916375612828296,0.6776235942254977,0.9817229830155721,0.6913787618120054,0.9714400845653793,0.6979963317214931,0.9837344804615775,0.6679352426654872,0.9765294896464121,0.6622937739634116,0.9850920502439823,0.690544018467086,0.9775549268375547,0.6726545455998862,0.9802157309760261,0.6753498838062577,0.9767933154572157,0.689225043841511,0.9716750679290764,0.6695682541669716,0.9786781077292019,0.6654247520964643,0.9780851655651341,0.6650673667560766,0.9602579504947297,0.6918534827251424,0.9706504763980852,0.7061515681543652,0.9682077525128082,0.6851213557951669,0.9612891713041557,0.689681207037661,0.9761556138350298,0.6812132591759785,0.9772637193095399,0.6890496585394768,0.9703672640382394,0.6853489449804784,0.9744309136102565,0.68869344528313,0.9738760274122522,0.6887034428381879,0.9880810144081831,0.7048999680585094,0.9736408143267131,0.6927798710763606,0.9843880600076602,0.6887054681492075,0.9823923238780168,0.6709491364142564,0.9826057138309271,0.676114766226758,0.9838638074642472,0.6810456966891746,0.9785575784229971,0.6624878903697534,0.9804066623341731,0.6853679201288346,0.9831429260122406,0.6868678782808877,0.9767142473622387,0.6939263755532058,0.9812229079661884,0.6811496984580122,0.9734484668273732,0.6824877590963427,0.9827794518842184,0.7051978938718835,0.9790634753159383
VS1_T26_0219_003442_20260325_163513_HG_lev1_V2_1.fits,0.9824075708185334,0.7358789343591401,0.9926536430714039,0.7458604617537301,0.9873917602167781,0.7189267228845018,0.9913367410102331,0.7191060764980082,0.9932756542148535,0.716264634097538,0.9999999999999999,0.7115260714142957,0.9983651077883776,0.672020951423935,0.9978537077500078,0.6930433864768298,0.9971075798560806,0.6835807851770839,0.9982117900017665,0.6933359998568447,0.999283249805449,0.6859726386374074,0.996954871361235,0.6841920697978221,0.9996009280544266,0.6856600697447399,0.9961570150521747,0.7084414051868646,0.9994871520722596,0.7413508958652261,0.9983120324113146,0.6954594973802389,0.995775587313543,0.710622972782274,0.9981238409216187,0.7399546569068114,0.9986243947958745,0.7281481116708075,0.9936099395314946,0.7349975026196328,0.9921078260314946,0.714841638843898,0.9977385056569745,0.7322181359556642,0.9941968727499562,0.7219261784538579,0.995030061198945,0.7268742156277667,0.9967726965058138,0.7477059212146239,0.9935926940540192,0.7499270089162496,0.9922443229088189,0.752843207545103,0.9923953877164727,0.7636381886097354,0.9963149995171569,0.7640354761511358,0.9977211919647115,0.7751305823688505,0.9954365172752119,0.8064536599176927,0.995675969984989,0.7751228273258667,0.9954077446227925,0.7552300008094258,0.9965558529173643,0.7607353008064678,0.9965220795349279,0.7537951361556391,0.9970781395311874,0.7478253215700084,0.9974139548896563,0.7227850886961312,0.998680877981452,0.7298877070141021,0.998067931628837,0.7102135564576368,0.9976147945369193,0.71440547545712,0.9943521228497753,0.7116880911350981,0.9954514244523904,0.7242365858131663,0.9964536423107642,0.7139585165192806,0.9922259434914146,0.7285139677409751,0.9971900653981537,0.7031678196458913,0.9974453573528289,0.7198347668311285,0.9983322523081023,0.6937738962289046,0.9963872045930089,0.7313855108957943,0.9965438207056901,0.7135287463879963,0.9992356331540424,0.7270494175431997
VS1_T26_0219_003442_20260325_163513_LG_lev1_V2_1.fits,0.6166206897379911,0.9668396089586997,0.6641750830935054,0.9825133652212672,0.634435336813044,0.9641868236290683,0.6523443229891732,0.9716455649988752,0.6672654414013175,0.9831608001609758,0.7115260714142957,1.0000000000000002,0.6840364871068527,0.9893972620588657,0.6788628987489179,0.9975636104097049,0.6752553472523276,0.9944295825717961,0.6830059666303671,0.9962645681188789,0.6939107207492836,0.9960628267303206,0.6698163016744232,0.9910604388556179,0.696435697632596,0.9953884281050294,0.6626639385950688,0.9988738373882244,0.6981284126742843,0.9980448352342076,0.6798485764335849,0.996343849507659,0.660646615285245,0.998518521090121,0.6785828949559962,0.9973664307354503,0.6876273615147293,0.9990275217229243,0.648156825337388,0.9985151810433381,0.6409559747347024,0.998194483573371,0.677738346760534,0.9981310617737241,0.6548112904506964,0.9979616924806141,0.6580577921134959,0.9979863463382423,0.6765912378732606,0.9960724498638539,0.650611984502945,0.9974983230036738,0.6457214035759228,0.9969847997250169,0.6450241177799285,0.9895325687425958,0.6804899697806679,0.994310340747342,0.700086270946935,0.9903330338892742,0.6722714906970176,0.9832878777729936,0.6789434280332606,0.9818769567646595,0.6669095581641372,0.9961577582642017,0.6764526289745677,0.99427188506041,0.6713285742674263,0.9965019973715168,0.6757305510759644,0.9969273048539643,0.6755079591236448,0.9989020086844309,0.6972620114781493,0.9967542681021732,0.680764303208266,0.9985091876022917,0.6751815034217434,0.998663613701997,0.6519803502179,0.9983825371704435,0.6587020805606326,0.9967995018235214,0.6649825605341336,0.996867902968124,0.6410578119779685,0.9979620955577644,0.6707179088648952,0.9960703988834301,0.6726464754676327,0.9987482337922006,0.6819392503064028,0.996156690646866,0.6653221189802573,0.9970578636914379,0.6671002845644901,0.9972829922754024,0.6970760481812099,0.9987601253943353
VS1_T26_0219_003442_20260325_163602_HG_lev1_V2_1.fits,0.9882504524351075,0.7181129706775683,0.9943437548571519,0.72563762279515,0.9919776950786415,0.702128818534699,0.9943921489249402,0.7009844489823913,0.9949525954807567,0.6957509075506568,0.9983651077883776,0.6840364871068527,1.0000000000000002,0.6473276393334414,0.9999553591804059,0.6669173910853666,0.9998002480394944,0.6573570754561244,0.9999941083202153,0.6676984768651257,0.9997815513579001,0.6594995240559307,0.9996726192211405,0.6596279406807899,0.999326477424522,0.6596373998545675,0.9990761813954014,0.6818752189696167,0.9985540374085762,0.7133518416313853,0.9994516919626757,0.6689542779212798,0.9985322390284886,0.683124466463106,0.9991993825259208,0.7115662015427993,0.9984765288520527,0.7012529368412213,0.9975864086983323,0.7067036492990968,0.9963810620891135,0.6879948055769294,0.9984466759952887,0.7035928861234517,0.9967565513480029,0.6940167779520235,0.997535950372742,0.697747299049515,0.9971416531661843,0.7192757219828801,0.9965533063672439,0.7223318531119107,0.9954551940037124,0.725331471055598,0.9958597592494706,0.733997096273059,0.9958756125610768,0.7359992122259847,0.9955944987257481,0.7472159321545929,0.9959467898776977,0.7798897963336915,0.9956679825238646,0.7494499310557512,0.9967538477982941,0.7273998488457338,0.9967964342856502,0.7322257074223394,0.9974978007229082,0.72575184371356,0.9976943984596651,0.7194913268507985,0.9983526981925404,0.6964092121104893,0.9972622263712332,0.7017118992573758,0.9986299194389227,0.6831089912250263,0.9987363187110126,0.6870185328970393,0.997864874765857,0.6844248620791825,0.9984570465191578,0.6985585657964818,0.9988524885933243,0.6867207795629925,0.9969771644203024,0.7017450668577229,0.9990652847364636,0.6767568835687046,0.9994626610699832,0.6916517505151796,0.9989734655311298,0.6663234638595746,0.9986421390681722,0.7033969776337065,0.9984004332036625,0.6867349909956741,0.9982226802944929,0.6991990467171543
VS1_T26_0219_003442_20260325_163602_LG_lev1_V2_1.fits,0.5784373165971584,0.9851799420206314,0.6224977475803957,0.9909760919512262,0.5953403661732702,0.9835849760051334,0.6121555341598308,0.9877913995829463,0.6256135208056808,0.9936398041741195,0.672020951423935,0.9893972620588657,0.6473276393334414,1.0000000000000002,0.6428591719643094,0.9970463370230072,0.6400272627020713,0.9986028331024801,0.646551901094283,0.9981539524165138,0.6567500292693229,0.9981406991215424,0.6345144966307747,0.9998136669198717,0.6581996887435889,0.9985056705119126,0.6275612566145973,0.9945291716081831,0.659243555326093,0.9821305656398007,0.6430059864215448,0.9975703867777755,0.6249914063369914,0.984430588528671,0.6415553151606761,0.9773103390169695,0.6491622537307867,0.9857475795576716,0.6134028554199127,0.9822347978402027,0.6066161711550742,0.9861811675357941,0.640354843793198,0.9841068365468265,0.6184626624785786,0.9823043041403373,0.62189845874307,0.9836971430961304,0.6380177508191089,0.9749456214459246,0.6150022605864697,0.9821422052720437,0.6096102325597879,0.9802917019192682,0.6093629959517856,0.968783350590367,0.640983561366967,0.9729850240303274,0.6580995458361423,0.9740293090358405,0.6324262854277918,0.9639429770326401,0.6373574881948556,0.9797860307633016,0.6279388314113288,0.9814226472493681,0.6377994190730759,0.9755502256571528,0.633674471734692,0.9787435498804101,0.6376715277766389,0.9785320788765899,0.6378473416453907,0.9896508282426257,0.6571689278555832,0.9761413605639095,0.6428187395834224,0.9864923289963068,0.6382621707006977,0.9848622438137526,0.6171087910492631,0.9847393012187599,0.6231266553276398,0.9826469433805264,0.6292004166565216,0.9797457443189932,0.6070946251061252,0.9814884968674579,0.6342063944663845,0.9829904107843548,0.6360474031159024,0.9814988822542509,0.6444060446807379,0.9827000209460778,0.6290081746393997,0.9763682083723471,0.6306312039889408,0.9832046709474538,0.6579568496690188,0.9825348857081005
VS1_T26_0219_003442_20260325_163650_HG_lev1_V2_1.fits,0.9889709248139975,0.7149938145108276,0.9943846078754079,0.7219650633211437,0.9924677370568427,0.6990060041374797,0.9946343062027655,0.6976102277164904,0.9949648085297913,0.691915354951247,0.9978537077500078,0.6788628987489179,0.9999553591804059,0.6428591719643094,1.0,0.6620678109081621,0.9999153792476008,0.6526038973232274,0.9999719131836207,0.6629661098548847,0.9995890727774236,0.6546874482889948,0.9998544473268635,0.6551785965529271,0.9990640379251856,0.6549072104218989,0.9993527507768145,0.6769811639318986,0.998241374376317,0.7081807432395839,0.9994526936722431,0.6641958197544544,0.9988161219154484,0.6778827366572985,0.9992088845763328,0.7062314589483826,0.9983180348101137,0.6961786538892345,0.9980552007893404,0.7014815878428633,0.9969475570969353,0.6829005876795015,0.9984496228594029,0.6984308218438735,0.9970825885466374,0.6888020388689541,0.9978309246583764,0.6925252131836661,0.9971190843807363,0.7140112676676922,0.9969551019653673,0.717304453555878,0.9958988983010756,0.7202996714217603,0.9963299128803633,0.7288132549044185,0.9957619637946314,0.7308770411079683,0.9951345155391514,0.7423477252041781,0.9959290424138791,0.7752550447494798,0.9955068257846932,0.7452926089359735,0.9968383866153706,0.7224298671983627,0.996769718924375,0.7271303345923864,0.9975717790407882,0.7206459226570476,0.9976992778807637,0.7143061671807766,0.9983782064890094,0.6914694360408359,0.9969163467659932,0.6963562011210639,0.9985798430951293,0.6779566220830258,0.998789765168419,0.6818163038027302,0.998280436686262,0.6792207785448462,0.9987695994441166,0.6935124901866995,0.9990778680223753,0.6814251708836129,0.9975580023986279,0.6965750508741564,0.9991958187010138,0.6715894897083418,0.9995690325809022,0.6863025894536848,0.9989254601294888,0.6610342081885822,0.9988471813607287,0.6980380307251323,0.9985741335018522,0.6815705380210764,0.9979175942409091,0.6939660349931822
VS1_T26_0219_003442_20260325_163650_LG_lev1_V2_1.fits,0.5994213150828638,0.9784306631304095,0.6452090683602806,0.9893911287112777,0.6167367518036913,0.9766258878436134,0.634074192921437,0.9824955755053472,0.6483252411665312,0.9911978288564673,0.6930433864768298,0.9975636104097049,0.6669173910853666,0.9970463370230072,0.6620678109081621,1.0,0.6588165664985898,0.998848697184535,0.6660062081203872,0.9997980814232108,0.6765291862548523,0.9996243530728415,0.6533574045935198,0.9978336634664093,0.678578334221905,0.9995561316492979,0.6463181873117282,0.9994572324418115,0.6799735975275447,0.9927615013342159,0.6626714462522115,0.9994987357522367,0.6440870351446303,0.9947592353148522,0.6613307327262133,0.9902404971484823,0.6697223608254277,0.995487294144866,0.6320600998185998,0.993207400462833,0.6250740790959548,0.9954395679195808,0.6603328305664633,0.9938241706783262,0.6379958181649177,0.9933697993767231,0.6413001781409462,0.993571347851426,0.6587264112573256,0.9885434373070165,0.6341289087900754,0.9925807512599041,0.6290711547070833,0.99151713908253,0.6285685230419134,0.9814670039379083,0.6622069960413289,0.9865423363447088,0.6806119546657203,0.9843975177788001,0.6538893064918276,0.975773965634343,0.6598026133790373,0.9825151899259211,0.6489184385469082,0.9913688309687316,0.6585506981807782,0.9875052167201975,0.65385982335837,0.9903641369628342,0.6580651137967105,0.9905512957797654,0.6580137894376716,0.9972821842409878,0.6786174816390336,0.9897668946310423,0.6631216263802009,0.9957207516329974,0.6579885710328726,0.9949971564100829,0.6357984125177096,0.9948514487501363,0.642196118571377,0.9931581785429305,0.6483421510987805,0.9917864006482225,0.625338507650299,0.9930379969130103,0.6537442046740856,0.9930801613147539,0.6556345405957733,0.9932754884672506,0.6644742891787702,0.9929573194612229,0.6484670214316595,0.9899841593449991,0.65015906107807,0.9936512403629988,0.6788448453481598,0.9937585997676527
VS1_T26_0219_003442_20260325_163739_HG_lev1_V2_1.fits,0.9885915241801918,0.7127525808104398,0.9934764211743622,0.7193426343940105,0.9920033565849503,0.696912629917084,0.9939936681641084,0.695317236748569,0.994126450871152,0.6892912205464156,0.9971075798560806,0.6752553472523276,0.9998002480394944,0.6400272627020713,0.9999153792476008,0.6588165664985898,0.9999999999999999,0.6495663992737148,0.9998571351374477,0.6598754390613728,0.9992606599098776,0.6514548954371873,0.9997907061619797,0.6522740260496033,0.9984579692595948,0.6516170184445412,0.9991813265268309,0.6734929460077914,0.9974080907946047,0.7044456747021779,0.9989870340584525,0.6607860663380157,0.9985000617701922,0.6739444054336359,0.9986761662538287,0.7023304333236519,0.9975056123905577,0.6923819474742763,0.9979146864247236,0.6975731873678594,0.9967563227729378,0.6790063054701962,0.9977437493658292,0.6944700944036002,0.9965118200476838,0.6846602970165014,0.997331160810784,0.6884144919585046,0.9961990523025709,0.7098371540405374,0.9964624893345526,0.7134020184131862,0.9953506807329338,0.7163125253110506,0.9958774883162363,0.724683100680518,0.9946124982475457,0.7267410501473955,0.9937768574949681,0.7385322884488975,0.9948917668518437,0.7716025914317982,0.9943710369913649,0.7418845614037813,0.9960056105500726,0.7184926340226541,0.9957980082916558,0.723084443291644,0.9967823891855062,0.7166859683971926,0.996872942459243,0.7102860696194584,0.9976810954728867,0.6877687608690508,0.9958223948902237,0.6922029248639874,0.9978686995523062,0.6740686348572682,0.9981903615403045,0.6778873340666957,0.9980613677563206,0.6753019545514277,0.9984981522905547,0.6898302193765079,0.9987366182861727,0.6774480227817244,0.9975662646261528,0.6927604297790393,0.9987730580999538,0.6677384456724182,0.9992451052509541,0.6823586744491247,0.9982940378945742,0.6569711548925834,0.9984323266389791,0.6939933754472026,0.9980531343542399,0.6776459741425692,0.9970122382415342,0.689996083672494
VS1_T26_0219_003442_20260325_163739_LG_lev1_V2_1.fits,0.5854224342248666,0.9787984868095471,0.6318501828562805,0.9881880835361776,0.6031600924634574,0.975816951403278,0.6208561105581613,0.9813737731705637,0.6351066264854192,0.9896716497506974,0.6835807851770839,0.9944295825717961,0.6573570754561244,0.9986028331024801,0.6526038973232274,0.998848697184535,0.6495663992737148,1.0000000000000002,0.6565208347483541,0.9994345021361555,0.6673006434920216,0.9996936211609739,0.6437850761682419,0.9987674895210676,0.6689282456760791,0.9990956426095166,0.6364797814051543,0.9974090336831203,0.6701011621650965,0.9896505729886665,0.6528447950325531,0.9990716535957362,0.6338424839841725,0.9892119349767301,0.6513433566258746,0.9856538414839295,0.6594775346579512,0.9906556781171602,0.6216156217203952,0.9894044433476757,0.6144830225808302,0.9899985440712589,0.6501331476184017,0.9909584166139745,0.6270909271328262,0.987687422256159,0.6306633652374461,0.9905440697644841,0.647815818654978,0.9830280083609236,0.6233979640765239,0.988825746984102,0.6178052163361415,0.9870218635259617,0.6174962625968706,0.9792379609960006,0.6510450603039093,0.9813953744572064,0.6692415083083414,0.9827806911902898,0.64207981925977,0.9736443675723143,0.6474148803307085,0.9843818114649161,0.6372684453182538,0.9883763060536255,0.6476024614245904,0.9841477639825729,0.6431640267996035,0.986498283277019,0.6473923270515825,0.9863653442121114,0.647525181436955,0.9931517270645739,0.6680601257070174,0.983231597270229,0.6527648442965487,0.99045869528578,0.6478871749313102,0.9895876766193022,0.6255117764014948,0.9892345936015958,0.6318786636789444,0.9865922676377158,0.638266811370892,0.984933764198495,0.6149364723080581,0.9869538285153049,0.6435827337478932,0.9863612191994845,0.6455131293353439,0.9881046641469862,0.6543886987398752,0.9864018104981268,0.6381162852115224,0.9836237716168342,0.6398413571081578,0.9873106119958072,0.6687794155242087,0.9886679752621643
VS1_T26_0219_003442_20260325_163828_HG_lev1_V2_1.fits,0.9882496340617567,0.7175789578992383,0.9941899797470047,0.7249728946313637,0.9919414509721122,0.7016056068973459,0.9943051910558265,0.7003963366866073,0.9948168233932777,0.6950451698955971,0.9982117900017665,0.6830059666303671,0.9999941083202153,0.646551901094283,0.9999719131836207,0.6660062081203872,0.9998571351374477,0.6565208347483541,0.9999999999999998,0.6668414872201887,0.9997357065533564,0.6586150483748389,0.9997034498181809,0.6588324824542608,0.9992201547823789,0.6587358642139528,0.9990938102314658,0.6809092333869837,0.9983999187877187,0.7123084470735699,0.9993931373096575,0.6680324302260832,0.9985225993024128,0.6820023209363322,0.9991274309357245,0.7104585142337208,0.9983390342854468,0.7001833920328263,0.9976236899147276,0.7056188629394521,0.9964194287215735,0.6868889964263233,0.9983418796374797,0.7025242084417342,0.9967012534426699,0.6928634960516074,0.997492166097079,0.6966399451622246,0.9969961479378046,0.7181214980599098,0.9965216395296219,0.7212654987560928,0.995413180987864,0.7242432843912413,0.9958393775364015,0.7329078075305026,0.9956796048423606,0.7348737032018189,0.9953136240003727,0.7462175203599861,0.995764012854978,0.7789470300295885,0.9954445514784332,0.7486327612364597,0.9966146677621248,0.7263409593896484,0.9966409946793768,0.7311421306337124,0.9973822387077885,0.724671377318484,0.9975653719704118,0.7183891276876175,0.9982495608948236,0.6953673814788608,0.9970548376900406,0.7005375555794744,0.9985188890905538,0.6819955861422478,0.9986559167072239,0.6858998883138906,0.9978840194270361,0.6833057716106794,0.9984581148564872,0.6974855068572208,0.9988350639435072,0.6855698339260371,0.9970518270195903,0.7006511506101686,0.999024322177758,0.6756398681206685,0.9994366682283626,0.6905298730507106,0.9988828983384967,0.6651574179416752,0.9986083849763062,0.702238865043408,0.9983453422544785,0.685606996076502,0.9980588285819932,0.6980830410340659
VS1_T26_0219_003442_20260325_163828_LG_lev1_V2_1.fits,0.599530198213759,0.9808459316648217,0.6448435786081435,0.9906771624187166,0.6167622387212659,0.9787936790722321,0.6339692980390547,0.9842545069086732,0.6480163013923895,0.9922311180187063,0.6933359998568447,0.9962645681188789,0.6676984768651257,0.9981539524165138,0.6629661098548847,0.9997980814232108,0.6598754390613728,0.9994345021361555,0.6668414872201887,1.0000000000000002,0.677248904802426,0.9998232738929558,0.6543356768800581,0.9987579892724116,0.6790559094082419,0.9996922764569615,0.6472699916565058,0.9988697724904342,0.6802915261562976,0.9913391913776313,0.6633437676272076,0.999560023001647,0.6449005855738464,0.9926586577594709,0.6619460627932272,0.9881618822548734,0.6700707236714971,0.9937864503085995,0.6330047351788028,0.9915306480461121,0.6260482181728734,0.9935466334136435,0.6608427268330012,0.9924941934924815,0.6385994830374125,0.9911918119565701,0.6419706819487268,0.9920901915746038,0.6589830092823664,0.9862378720922207,0.6348631005485288,0.9911211017423854,0.6296744779373166,0.9898303712739864,0.629271908941381,0.9800463689730683,0.662266488991223,0.9844733340977251,0.6802418639087228,0.983605520940265,0.6538393470786027,0.9750520534797764,0.6594372536386449,0.9836338147466299,0.649033108657618,0.9901465374517716,0.6587803755542366,0.9859778953022604,0.6542719479710223,0.9887417273022101,0.6584180849393929,0.9887484088375581,0.6584645937706826,0.9959651342661597,0.6786603718949212,0.9871361439324101,0.6635476295540594,0.9938008209854751,0.6585916168708915,0.9929681677920834,0.6367252038681863,0.9927761485130829,0.6430247820188323,0.9910451744582965,0.6491532032110505,0.9892290043949958,0.6264178056088504,0.9908671444321326,0.6544385712378583,0.9907906356331413,0.6563423955441747,0.991107630580509,0.6650089709301057,0.9905259011910081,0.6491706370258019,0.9874024346152445,0.6508220325631653,0.9914156339391919,0.6791103557890112,0.991738608349124
VS1_T26_0219_003442_20260325_163917_HG_lev1_V2_1.fits,0.9859486542023013,0.7250764024562518,0.9935721436815209,0.7332794146814791,0.9901738591898445,0.7085532337408534,0.9931697224408467,0.707830168728349,0.9942084390464971,0.7033740739655496,0.999283249805449,0.6939107207492836,0.9997815513579001,0.6567500292693229,0.9995890727774236,0.6765291862548523,0.9992606599098776,0.6673006434920216,0.9997357065533564,0.677248904802426,1.0,0.6693843334288984,0.9990771176643616,0.6689451461029748,0.9997505538238167,0.6692804927010028,0.9983716212447454,0.6915532340530409,0.9991714562832645,0.7234904911833715,0.9993630028727437,0.6787954234104405,0.9978260439057485,0.6926629023117938,0.9991094161843095,0.7216409514973746,0.9987712799015996,0.7107186388844129,0.9964308323825389,0.7168307904477128,0.9951001576133209,0.6973195888150847,0.9984514383338903,0.7139551931107923,0.9960223629426189,0.7037045726867541,0.9968591395385826,0.7082469552141402,0.9971635809802536,0.7292473128623294,0.9957046286453449,0.7322477510767,0.994444442630877,0.735122793254331,0.9947895767384844,0.7448997361944121,0.9961385645519008,0.7459225670152472,0.9964083442566944,0.7576138391422264,0.9957918302698205,0.7898306872515755,0.9956116265410397,0.7595164818405905,0.9963340524537133,0.7375142428042907,0.9968563936355327,0.7425551047934577,0.9973398221992795,0.7358271862617938,0.997663985790768,0.7296115174584898,0.9982383571329594,0.7057651009311244,0.9979494774600836,0.7114104972134631,0.998664690451817,0.6925387284793343,0.9986130579063593,0.6965431493130656,0.9968907374531015,0.6938711089226705,0.9976553027235096,0.707350580323311,0.9982937826370551,0.6960014282514891,0.9955597413206926,0.7110036030970177,0.9986759514393876,0.6857318867896476,0.9990316252747152,0.701517060083744,0.9990202533960371,0.6756613594151935,0.998094784660706,0.7130600652786756,0.9979937374753356,0.6959191843250304,0.9988408589993197,0.7089682478670425
VS1_T26_0219_003442_20260325_163917_LG_lev1_V2_1.fits,0.5901274584922874,0.9789086857458202,0.63639488564739,0.9889863115223159,0.6076282355563734,0.9763900939090886,0.6252009373459957,0.9821071305057268,0.6395498684070718,0.9905746193016779,0.6859726386374074,0.9960628267303206,0.6594995240559307,0.9981406991215424,0.6546874482889948,0.9996243530728415,0.6514548954371873,0.9996936211609739,0.6586150483748389,0.9998232738929558,0.6693843334288984,1.0000000000000002,0.64595308951324,0.9985867871786079,0.6713940844128877,0.9996984425135107,0.638893739614441,0.998678775775201,0.6728294683018635,0.9912556369137224,0.6553846153970562,0.9997071087010428,0.6365656689342656,0.9921421328722564,0.6540098556527971,0.9879338321059364,0.6624277042309162,0.9931845360489505,0.6243653661767822,0.9914707924597024,0.6173947855487516,0.9928883364723063,0.65303717772267,0.9927489785174693,0.6303453015649926,0.9908201539514457,0.6337228187939761,0.9925012077222055,0.6512301432943671,0.9859701466119396,0.62654932596254,0.9909019114180142,0.6212611722300785,0.9894826944430801,0.6207999614164535,0.9806951157410819,0.6547282735685075,0.984160635606851,0.6729782471255333,0.9838430591592484,0.6459523207677572,0.9747971749465747,0.6515419825540986,0.9840108683617315,0.6409268916196228,0.9901488828143384,0.6510750022340225,0.9860997498885037,0.6463972965721454,0.9886166963230776,0.6506127402396832,0.988657307353458,0.6505620044261335,0.9953642247028713,0.6713049303674619,0.9866270315039171,0.6557240765292439,0.993230106897745,0.6506804627202872,0.992440495693424,0.6282302241306249,0.9921834142099824,0.6346131826644951,0.9897876341208467,0.6409130578630093,0.9884019989161642,0.6175950832740256,0.9899885076322918,0.6462954701495796,0.9897935595707618,0.6481121523677362,0.9907869329236305,0.6571792970235356,0.9899047774491394,0.6409415572788744,0.9868215697191407,0.6427274368960807,0.9905789931133018,0.671674991441068,0.9913677949587331
VS1_T26_0219_003442_20260325_164006_HG_lev1_V2_1.fits,0.9908344138628897,0.7091814939980745,0.9950832471910072,0.7153123979178194,0.99385703236412,0.6932071531027331,0.9955770085833912,0.6914257997002169,0.995538783436026,0.6849938230523915,0.996954871361235,0.6698163016744232,0.9996726192211405,0.6345144966307747,0.9998544473268635,0.6533574045935198,0.9997907061619797,0.6437850761682419,0.9997034498181809,0.6543356768800581,0.9990771176643616,0.64595308951324,0.9999999999999999,0.6469591923277649,0.9986210465738754,0.6464410745787823,0.9997961049741714,0.6683814522038006,0.9978608312276077,0.6991687714563423,0.9994969553708184,0.6557285443148394,0.9994032520527728,0.6691048744250214,0.9993296612130358,0.6970947523823232,0.9982834403257709,0.6875861691537314,0.9989394484615308,0.6925393992063845,0.9980872383655327,0.674406937106095,0.9986891342922399,0.6895771085870266,0.9979830636068255,0.6802106569244978,0.9985957466634015,0.6836651314683607,0.9974994790889438,0.7052713813068804,0.9979523533772748,0.7087596751388396,0.997066079779388,0.7118560605457137,0.9974742081615946,0.7199144875167173,0.9961198288254428,0.7223644800524018,0.9949114246491468,0.7338656842413936,0.9964754029405248,0.767156132024045,0.9958585985939313,0.7378081439046345,0.9974575168756027,0.7139637527140695,0.9971790515820557,0.7184733307875507,0.9980584696105688,0.7119657877979582,0.9980603138161109,0.7055278632620551,0.9986826497879994,0.6830666790104365,0.9966917597550234,0.6875154527836153,0.9987200112097616,0.6693274930614987,0.9990589431986941,0.673104569531126,0.9990904598579512,0.6705187899898193,0.9993938664317403,0.6850551609317439,0.9995419228084584,0.6726559193330245,0.998581235954148,0.6878828851420329,0.9995162442137786,0.6630241848405761,0.9997682289583515,0.6772421240198205,0.9989928044120207,0.6523462909131736,0.9993375906370178,0.6891040552826242,0.9990656283738366,0.673017158796086,0.9976141984016909,0.6851619434805142
VS1_T26_0219_003442_20260325_164006_LG_lev1_V2_1.fits,0.5921877098637391,0.986553266019139,0.6358904043910929,0.9927745649686964,0.6089046028051525,0.9847430041691905,0.6255570412069871,0.98899458671579,0.6389118685474845,0.9948567412483093,0.6841920697978221,0.9910604388556179,0.6596279406807899,0.9998136669198717,0.6551785965529271,0.9978336634664093,0.6522740260496033,0.9987674895210676,0.6588324824542608,0.9987579892724116,0.6689451461029748,0.9985867871786079,0.6469591923277649,1.0000000000000002,0.6705541986404986,0.9990635895136051,0.6401860032101722,0.9958855142991287,0.6717069931561999,0.9845366181348868,0.6555464460647429,0.9983786935713089,0.6377645076130648,0.986624122342057,0.6541666685344605,0.9800190203926062,0.6618111889028268,0.9881296967432949,0.6262698375051119,0.9846773951938625,0.6196016834098084,0.9884296038028776,0.6530802942160111,0.9863548265937645,0.6315043348190676,0.9848632132811903,0.6348363898875307,0.9859302161930833,0.6509393698518217,0.9780992581218888,0.6280305167384334,0.9849062851829261,0.6227912197159257,0.9832799326650578,0.6224841783458781,0.971852629355253,0.6539773907021539,0.9764396859126331,0.6709720369778097,0.9770765631014934,0.6455878721326846,0.9677808320441514,0.6505645784899002,0.9821750131231268,0.6410684634913714,0.9842191252489408,0.6507473955950149,0.9786083658261024,0.6465826205358571,0.9816569495792999,0.6505392888279892,0.9813893515173693,0.65064003286677,0.9917599606120827,0.6698487801183854,0.9790474790714108,0.6555317628113561,0.9886134186141102,0.6509606349652074,0.9871119295920135,0.6299451715120737,0.9869604438859446,0.635912695371568,0.9852017303926774,0.6419069709258562,0.9822691968000897,0.6199655335487608,0.9841071174457112,0.6468919312889321,0.9851975638173246,0.6486602577145697,0.983843202160969,0.6570247903624327,0.9847783152007795,0.6417828500805165,0.9792334911124313,0.6434243575038577,0.9855994894411911,0.6704881030248981,0.985028192729557
VS1_T26_0219_003442_20260325_164055_HG_lev1_V2_1.fits,0.9867728160421595,0.7264400323288177,0.9948454114490457,0.7350056917494164,0.990952969368082,0.7097120293993971,0.9940761103129281,0.7091851285008522,0.9953305627826999,0.7050060603676148,0.9996009280544266,0.696435697632596,0.999326477424522,0.6581996887435889,0.9990640379251856,0.678578334221905,0.9984579692595948,0.6689282456760791,0.9992201547823789,0.6790559094082419,0.9997505538238167,0.6713940844128877,0.9986210465738754,0.6705541986404986,1.0000000000000002,0.6714774498881465,0.9982081004710416,0.6940382276803492,0.9998289434516645,0.7262187550606743,0.9995539761796277,0.6811853251034803,0.9979690322365276,0.6958839898546776,0.999442394208076,0.7246220903794675,0.9995292783668905,0.7137424195835174,0.996390978114021,0.7198998268832549,0.9952458607472673,0.700550691504846,0.9991239409088077,0.7171510260652358,0.996724509480668,0.7073299594825917,0.9973856977735768,0.7116924544516341,0.998275382263686,0.7328487242420337,0.9963087877317558,0.7354287325688158,0.9952163160285868,0.7384952970046907,0.9953885858501277,0.7483140780536055,0.9976365348200642,0.7495235823945117,0.9980253190475491,0.7606256422997587,0.9971625327040048,0.7926946674612514,0.9970817678749171,0.7621565561260615,0.9973753638675565,0.7407611319701731,0.998066450475567,0.7459327607363713,0.9982565205679219,0.7390603649555282,0.9985958068017885,0.7329230247814991,0.9989269092798218,0.7086733088452496,0.9991213831613305,0.714974007517701,0.9993159522091748,0.6957020783531219,0.9991146550602433,0.6997585658226437,0.9969513070325455,0.6970807258576004,0.9977398410606586,0.7102518905047767,0.998432406351821,0.699303101647856,0.9953195900627028,0.7140446684516921,0.9989029911048247,0.688905448621,0.9990466628634594,0.7046389061728677,0.9995128761774602,0.6791514948957281,0.9983749307654562,0.7163927319055554,0.9984523928213116,0.6991953993780824,0.999659870716035,0.7122143965761281
VS1_T26_0219_003442_20260325_164055_LG_lev1_V2_1.fits,0.5929535018383743,0.9818133328031138,0.6381904441368585,0.9908836128316171,0.609990816690794,0.9799680472212039,0.6271370451823219,0.9852631129431069,0.6411718169840137,0.9929194682711135,0.6856600697447399,0.9953884281050294,0.6596373998545675,0.9985056705119126,0.6549072104218989,0.9995561316492979,0.6516170184445412,0.9990956426095166,0.6587358642139528,0.9996922764569615,0.6692804927010028,0.9996984425135107,0.6464410745787823,0.9990635895136051,0.6714774498881465,1.0,0.6397031365678042,0.9985908583976423,0.6730467040618593,0.9897649034805508,0.6558919980132811,0.9997353035462777,0.6375933226307761,0.992334281214754,0.6546273966008571,0.9865266894480843,0.6629992205546924,0.9931732696369735,0.6256572202164123,0.9903494829641977,0.6189287033252273,0.9934975709635272,0.653820810759428,0.9915474498397493,0.6318009864949383,0.9909837246282683,0.6350020452907393,0.9914156890828252,0.652282317381198,0.9851073723342149,0.6280346921981876,0.990089594401819,0.6230051749466957,0.9888880497751878,0.622469490748128,0.9781491194413486,0.6558425170996883,0.9831560783726514,0.6737383664042917,0.9817710307050166,0.647382865045285,0.9725412059077525,0.6529620936501696,0.9827429542554311,0.6423717844019756,0.9891176035118354,0.6521668756677872,0.9845234476888559,0.6474936124194106,0.9874191128059256,0.6516071947541877,0.9874935542506231,0.6514552805768086,0.9957397141969206,0.671820979900029,0.986295196740926,0.6564527781406044,0.9937131884614493,0.6514539033259543,0.9926553910648993,0.6294413049250419,0.9925202579186438,0.6356772654300435,0.9905133207763849,0.6418037623674999,0.988772727962998,0.6189735495588362,0.9900286021356213,0.6470926088666293,0.9907789112947955,0.6487883526777352,0.9901448881773816,0.657764224227298,0.9907914298581665,0.6419164200542375,0.98632956234386,0.6437111045904328,0.9912798284579798,0.6719890728083244,0.9909838658100231
VS1_T26_0219_003442_20260325_164144_HG_lev1_V2_1.fits,0.992771138181161,0.7045083908234001,0.99616661616765,0.7100223705018902,0.995339567922921,0.6884345084874641,0.9967132380984327,0.6863859064376804,0.9964428858808169,0.6793952955129157,0.9961570150521747,0.6626639385950688,0.9990761813954014,0.6275612566145973,0.9993527507768145,0.6463181873117282,0.9991813265268309,0.6364797814051543,0.9990938102314658,0.6472699916565058,0.9983716212447454,0.638893739614441,0.9997961049741714,0.6401860032101722,0.9982081004710416,0.6397031365678042,1.0,0.6616375314394373,0.9976940863442817,0.6921491372343208,0.9995020575452538,0.6490824609745135,0.9998797112035668,0.6624960110266258,0.9994694429916028,0.690058916897643,0.9984788518268571,0.6810652395137948,0.9996009622846617,0.6857368401110149,0.9990706546982773,0.6680600794538288,0.9990955438414315,0.6829338949954851,0.9990039959187212,0.6739635191729737,0.999412063340938,0.677128657040264,0.9982380473190758,0.6988830053402562,0.999018882111065,0.7023731216114688,0.9983619098514156,0.7056440808455045,0.9986701912080594,0.7133430073523741,0.9970171650751896,0.7161914240044619,0.9953193051793209,0.7274930159940964,0.9974720956152607,0.761064620104358,0.9967136435456255,0.7322225523465926,0.9983654525556094,0.7076897810962359,0.9979899721607782,0.7120882030429472,0.9988025236177691,0.705481375031031,0.9986958258525713,0.6989864479986512,0.9991534114578133,0.6766678774638052,0.9969040208773187,0.6810018567178551,0.9990241041683781,0.6628234575420376,0.9994132878148565,0.6665529124745003,0.9997323036892297,0.6639709893145078,0.9998766772421338,0.6785736852026677,0.9999055659124297,0.6660745046457432,0.9992769138039362,0.6812638817478436,0.9997888821333258,0.656570374596344,0.9998297961562873,0.6703367029488192,0.9991609610959495,0.645930435590165,0.999789635845055,0.6823952695082344,0.9996030630513129,0.6666252274037417,0.9975948899907778,0.6785498627427681
VS1_T26_0219_003442_20260325_164144_LG_lev1_V2_1.fits,0.6161148656886855,0.9768398742465958,0.6620481816805013,0.9891091158822921,0.6333166103507454,0.9742999344215115,0.6506610033414434,0.9805509933009499,0.6650146062943803,0.9898281728104498,0.7084414051868646,0.9988738373882244,0.6818752189696167,0.9945291716081831,0.6769811639318986,0.9994572324418115,0.6734929460077914,0.9974090336831203,0.6809092333869837,0.9988697724904342,0.6915532340530409,0.998678775775201,0.6683814522038006,0.9958855142991287,0.6940382276803492,0.9985908583976423,0.6616375314394373,0.9999999999999999,0.6957685196187212,0.9956492423219014,0.6781929162922425,0.9991356193155054,0.6597054600242974,0.9968520450399402,0.6769898650822019,0.9936952852465117,0.6856969135871042,0.997808217379812,0.6476041105654856,0.9961813919911982,0.6407991988462203,0.9974042637135914,0.6762828584319145,0.9966267421187103,0.6541468069339832,0.9962393555009338,0.6572727691288888,0.9964525343271812,0.6751012744967992,0.9927471880572548,0.6501947130640505,0.995918262779636,0.6453473795036125,0.9951911162718425,0.6446907366350534,0.9862407078933042,0.6788822773764939,0.9912345925709969,0.6973182636173667,0.9886390501725909,0.6705986006832757,0.9811493761922405,0.6766340372048399,0.9851595775020022,0.665386304527984,0.9948916699699396,0.6750039270069222,0.9917600382687374,0.6700853989386701,0.9941410634278666,0.6742817752137507,0.9942861505699934,0.6740242066176265,0.9989438342127114,0.6948956487784466,0.9933525834330365,0.6790629518088943,0.9975260998991438,0.6738065097471558,0.9971506327999541,0.6513881316723482,0.9969048402902915,0.6577852382447457,0.9953140381093547,0.6639180791045237,0.9943296592687193,0.6407410033385667,0.9957010181408803,0.6693771941104509,0.9947930133218124,0.6710903034155653,0.9959296506631574,0.6802498044699986,0.9947320347754182,0.664186793619735,0.993447930477849,0.6660041880466115,0.9958220331379409,0.6947911925097863,0.9965653246294084
VS1_T26_0219_003442_20260325_164233_HG_lev1_V2_1.fits,0.9868735936380032,0.7274139999880302,0.9953452867264515,0.7361797066027899,0.9910300161352563,0.7104149299351338,0.9942743912857152,0.7100311287226512,0.9957019399204535,0.7060544403264574,0.9994871520722596,0.6981284126742843,0.9985540374085762,0.659243555326093,0.998241374376317,0.6799735975275447,0.9974080907946047,0.6701011621650965,0.9983999187877187,0.6802915261562976,0.9991714562832645,0.6728294683018635,0.9978608312276077,0.6717069931561999,0.9998289434516645,0.6730467040618593,0.9976940863442817,0.6957685196187212,1.0,0.7281166454712726,0.9993358929047581,0.68293294993017,0.997698216640037,0.6980273263057841,0.9993397156474912,0.7266420656973328,0.9997730244982512,0.715775998361498,0.9959566694875537,0.7220439293595151,0.9949701080971374,0.702718344176224,0.9993058026201991,0.7194646251702173,0.9969045624319689,0.7098294671738364,0.9974271902956106,0.7142112067740581,0.9987932709850119,0.735359284983758,0.9964179755406603,0.7376918184078537,0.9954402110498737,0.7408797110306494,0.9954743885929335,0.7508956553571974,0.9984719786119455,0.7520746815502992,0.9989365268920265,0.7629082669087742,0.9978531600007914,0.7948459351221256,0.9978151394199218,0.7643604004067333,0.997794115456625,0.7431398765810558,0.9986681359291534,0.7484031238822654,0.9986242713093267,0.7413634497603714,0.9989745357094147,0.7352669298752926,0.9991050186189663,0.710652797824687,0.9996975243821259,0.717366842401614,0.9994651489019069,0.6978188273776456,0.999155523860033,0.7019111398102078,0.9966130182201853,0.6992120453778812,0.997414107393367,0.7120631462758257,0.9981651471316267,0.7014345397466923,0.9947180774186608,0.7160089993673198,0.998702074049264,0.6909266460420176,0.998660429428861,0.706723986321912,0.999538754428268,0.6814527815593616,0.9982125567210949,0.7185968632113044,0.9984475153066318,0.7013413246683347,0.9999592811729777,0.7144226713193184
VS1_T26_0219_003442_20260325_164233_LG_lev1_V2_1.fits,0.644941739695628,0.9601955679189145,0.6931725379290926,0.9779438086825674,0.662963588488602,0.9549326748978327,0.6811478930034366,0.963046234725764,0.6962127978914598,0.9756684199434936,0.7413508958652261,0.9980448352342076,0.7133518416313853,0.9821305656398007,0.7081807432395839,0.9927615013342159,0.7044456747021779,0.9896505729886665,0.7123084470735699,0.9913391913776313,0.7234904911833715,0.9912556369137224,0.6991687714563423,0.9845366181348868,0.7262187550606743,0.9897649034805508,0.6921491372343208,0.9956492423219014,0.7281166454712726,1.0,0.7095775055407734,0.9921017075050574,0.6901995465520844,0.9958079554832024,0.7083552663696364,0.9993982795446716,0.717578865505579,0.9976211858935792,0.677489073513165,0.9997418086452604,0.6703636962841122,0.9950823014970612,0.7076752241956394,0.9994997645009559,0.684501377686804,0.9966445576938912,0.687733119316202,0.9991442283015614,0.7065470039283951,0.9984751296093558,0.6803052105494178,0.9994091114088823,0.675304163704549,0.9989358909157985,0.6745650311676898,0.9963517420700704,0.7105951742141086,0.9981943392606875,0.7301059844865116,0.9965106639991459,0.7020256909080279,0.9920648657240305,0.7084946338110837,0.9866767223747493,0.6965092632785254,0.999048903788397,0.7064609840442236,0.9987528592567059,0.7012464658884433,0.9994858883558346,0.7056602798786829,0.9995031165796909,0.7053407899457481,0.9963543134858557,0.7273389382275484,0.9968189359883645,0.7106125047368264,0.9952426269685223,0.7050403313318963,0.9961864697954989,0.6814569779406301,0.9954858788587946,0.6881813406451724,0.9936630579395022,0.6945990048760355,0.9942052922198423,0.6702492737731112,0.9964906404309606,0.7003560675819547,0.9914069573855602,0.7021342574432993,0.998046595769234,0.71178267387076,0.9914786279106849,0.6949293113940672,0.9972269383548309,0.696852374343943,0.9939760679120144,0.7271092487555728,0.9982637754620687
VS1_T26_0219_003442_20260325_164322_HG_lev1_V2_1.fits,0.9904998931140319,0.7158267257996548,0.9962844201762949,0.722871866641336,0.993828304841074,0.6993190364644671,0.9960858460330758,0.6980471050030128,0.9966156263741002,0.692461672777172,0.9983120324113146,0.6798485764335849,0.9994516919626757,0.6430059864215448,0.9994526936722431,0.6626714462522115,0.9989870340584525,0.6528447950325531,0.9993931373096575,0.6633437676272076,0.9993630028727437,0.6553846153970562,0.9994969553708184,0.6555464460647429,0.9995539761796277,0.6558919980132811,0.9995020575452538,0.6781929162922425,0.9993358929047581,0.7095775055407734,0.9999999999999998,0.6655049428991233,0.999419874016867,0.6796615666012417,0.9999737502203478,0.7077589275942942,0.9996325885552756,0.6978650606210489,0.998457001509617,0.7033006584273488,0.9976966276725389,0.6848064054240128,0.9997371345412647,0.7006004462235534,0.9985432766998252,0.6912663103676717,0.9990184760265379,0.6950336965507476,0.9990168609105675,0.7164942652374912,0.9983266173687786,0.7194636396193613,0.997504940115993,0.7226837456114608,0.997695453285951,0.7314952590927819,0.9981970330971808,0.7335306180936327,0.997511893638002,0.7446617333279296,0.9981430427830357,0.7774873768157938,0.997718434174231,0.7478605184266939,0.9986038356861716,0.724839759482132,0.9988200017507313,0.7296500443502195,0.9992425113060989,0.7228411587585587,0.9993522514963766,0.7165275587719974,0.9996713762832455,0.6931211406794834,0.9987425687040927,0.6985527625652563,0.9997785853181316,0.6797292205212125,0.9998441846763009,0.6836355673982119,0.9988306835507923,0.6809973709664755,0.9992877800080113,0.6947945458363323,0.9996567870442421,0.6831523977237989,0.997711263050425,0.6980803594665382,0.9998460493563994,0.6731740201540908,0.9998629643548055,0.6879259487665919,0.9998994976649253,0.6630602685065627,0.9996095240336758,0.6998824766663706,0.9996106870983593,0.6833951206082145,0.9992558760108248,0.6958872972397463
VS1_T26_0219_003442_20260325_164322_LG_lev1_V2_1.fits,0.6018397273751377,0.9807535994089838,0.6476024747360515,0.9906125092415716,0.6190068691143628,0.9778838049972141,0.6363531090563538,0.9834773500067601,0.6505389444093652,0.9916375612828296,0.6954594973802389,0.996343849507659,0.6689542779212798,0.9975703867777755,0.6641958197544544,0.9994987357522367,0.6607860663380157,0.9990716535957362,0.6680324302260832,0.999560023001647,0.6787954234104405,0.9997071087010428,0.6557285443148394,0.9983786935713089,0.6811853251034803,0.9997353035462777,0.6490824609745135,0.9991356193155054,0.68293294993017,0.9921017075050574,0.6655049428991233,1.0,0.6470521471954612,0.9930725413416466,0.6642823591746433,0.9888840035925055,0.6728471485259596,0.9943200169457862,0.6349416676816455,0.9924960865356929,0.6282629853063121,0.9940865786703602,0.663613725782165,0.9938336689039156,0.6414098841439597,0.992294178781119,0.644580989334569,0.9937001008016986,0.6621597156848928,0.9876888924754748,0.6376154991721674,0.9924711304259873,0.6325502687871501,0.9912859856707384,0.6319604502447239,0.9823878629948807,0.6658783216434887,0.9862409127354483,0.6838270916445442,0.9856704259060622,0.6572007311260281,0.9772017446327116,0.6627242260823718,0.986197411432339,0.6520371139507649,0.9918936527116237,0.6620879660234534,0.9878682453506202,0.6573009853590428,0.9901830652695329,0.6614370239391785,0.9901320987949951,0.6611928211437289,0.9964953847927925,0.6818400806724783,0.9880180727858091,0.6662079829462396,0.994253157048571,0.6611698520748547,0.9934745897185633,0.6388240640621476,0.9931814238367908,0.6450841455217534,0.9909128569748473,0.6513054862240458,0.9894666722817852,0.6281361906777148,0.9910852026627205,0.6566377444466832,0.9907477055035516,0.6582297147028754,0.9915784925124241,0.667491639888713,0.9908766294826206,0.6514391254074287,0.9880354253358365,0.6533414845678838,0.9917635834330081,0.6819210218706088,0.9925091324528781
VS1_T26_0219_003442_20260325_164411_HG_lev1_V2_1.fits,0.9940295179743773,0.7028617246731866,0.9971748399666774,0.7083610911362117,0.9963632043119278,0.6868107457279046,0.9976114260766688,0.6847365792568498,0.9973344900719727,0.6776235942254977,0.995775587313543,0.660646615285245,0.9985322390284886,0.6249914063369914,0.9988161219154484,0.6440870351446303,0.9985000617701922,0.6338424839841725,0.9985225993024128,0.6449005855738464,0.9978260439057485,0.6365656689342656,0.9994032520527728,0.6377645076130648,0.9979690322365276,0.6375933226307761,0.9998797112035668,0.6597054600242974,0.997698216640037,0.6901995465520844,0.999419874016867,0.6470521471954612,1.0,0.6611115610150697,0.9994968032730355,0.6882946564589006,0.9986899086310083,0.6795733170885662,0.9997530727553491,0.6840524079502729,0.9994240186508571,0.6667596366415733,0.9993534961696461,0.6812985388512024,0.9995735603861042,0.6728446769931535,0.9998219130602454,0.6756267515072581,0.998837757111198,0.6976431793191467,0.9995621975150146,0.7008591142602205,0.9990949029998784,0.7043177811104407,0.9992933951430499,0.7116831696620337,0.9978258876850633,0.714985064457182,0.9959700634327421,0.7257242886459211,0.9983155348057573,0.7593613321429568,0.9975756367091946,0.7303860830969702,0.9990482363639556,0.706166751710429,0.9986523810803326,0.7105921838698757,0.9993154276577779,0.7039499773590722,0.9991683346592813,0.697492758019465,0.9994672824998406,0.6751287185598224,0.9972823936708622,0.6798121074896388,0.9992512215867031,0.6614221766735329,0.9995878054113505,0.6651658837021529,0.999893721499322,0.6626066317604663,0.999988598063465,0.6771981908704073,0.9999673335791793,0.6648200757475372,0.9993757145266782,0.6798402591952695,0.9998520012425057,0.6553386996907812,0.999739022776217,0.6687616009866262,0.9992685093664676,0.6448094650961107,0.9999564783788987,0.6810300019334453,0.9998572980710831,0.6653944461663153,0.9977318543211444,0.6771113789740292
VS1_T26_0219_003442_20260325_164411_LG_lev1_V2_1.fits,0.6219681374655406,0.9637867550460268,0.6684957339553004,0.9803299407282005,0.639071703944609,0.9626943917312555,0.6564531632163774,0.9702491991416039,0.6713375028972208,0.9817229830155721,0.710622972782274,0.998518521090121,0.683124466463106,0.984430588528671,0.6778827366572985,0.9947592353148522,0.6739444054336359,0.9892119349767301,0.6820023209363322,0.9926586577594709,0.6926629023117938,0.9921421328722564,0.6691048744250214,0.986624122342057,0.6958839898546776,0.992334281214754,0.6624960110266258,0.9968520450399402,0.6980273263057841,0.9958079554832024,0.6796615666012417,0.9930725413416466,0.6611115610150697,0.9999999999999999,0.6786597034268905,0.9965815507903514,0.6881138365175998,0.9994836540785018,0.6488826418577598,0.9973491051777643,0.6420517681786952,0.9997527543577511,0.6782524654934227,0.9962331261812084,0.6563753811616388,0.9995960188053115,0.6591954118520496,0.9964395047863598,0.678137150689003,0.9966390364015233,0.6520009501247317,0.9963354668942186,0.647824397547814,0.9966642279988983,0.6468353399937723,0.9859435354892194,0.6824808855507011,0.9942890706315737,0.7020433757004547,0.9861901987974873,0.674911002441662,0.9790897839693833,0.6821223132813278,0.9750109363068528,0.6692413079737455,0.9941425177959852,0.6780991324886085,0.9922863706207083,0.6725902384761588,0.9951979133427148,0.6769161212191619,0.996031899408262,0.676357241473858,0.9989357915409088,0.6981930513609151,0.9987297813968846,0.6813881161665813,0.9998260449029994,0.675524743134684,0.9999678832286918,0.652553342862225,0.9999772931563874,0.6592344480706926,0.9991906381332326,0.6652172169708125,0.9995848043032464,0.6417146518671086,0.999565855206139,0.6710190458071263,0.9991173444217695,0.6727479359591102,0.9992708786208132,0.682189703184502,0.999229345619253,0.6659228840086755,0.9986371015163951,0.6677539647762681,0.9997222969392577,0.6973007619392237,0.9993281963138679
VS1_T26_0219_003442_20260325_164459_HG_lev1_V2_1.fits,0.991057847975126,0.7148596808249388,0.9967086532230988,0.7218467384159988,0.9942738845715435,0.6983310803063174,0.9964671890794774,0.6970352103592024,0.9969748462598287,0.6913787618120054,0.9981238409216187,0.6785828949559962,0.9991993825259208,0.6415553151606761,0.9992088845763328,0.6613307327262133,0.9986761662538287,0.6513433566258746,0.9991274309357245,0.6619460627932272,0.9991094161843095,0.6540098556527971,0.9993296612130358,0.6541666685344605,0.999442394208076,0.6546273966008571,0.9994694429916028,0.6769898650822019,0.9993397156474912,0.7083552663696364,0.9999737502203478,0.6642823591746433,0.9994968032730355,0.6786597034268905,1.0,0.7065984539772306,0.9997352892933598,0.6968343549388286,0.9985519502214178,0.7021886673310882,0.9978895788180898,0.6838624457552424,0.9998729528092846,0.6995204014441493,0.998829156218413,0.6903975679180231,0.999230312404363,0.6940180192385303,0.9992983524424667,0.7155761322731028,0.9986048662799316,0.7184534469601157,0.9978666628570054,0.7217515517479544,0.9980073041740816,0.7304347690317854,0.9985720837006025,0.7326455266445072,0.9978064464566756,0.7435746173085902,0.9985369480564226,0.7764371879499467,0.9981083433861482,0.746824793459287,0.9989299948019875,0.7238464207252802,0.999131784463385,0.7286517255797531,0.9994947542501113,0.7218156533120356,0.9995829376989357,0.7155086499987771,0.9998286961830191,0.6920925972767468,0.9989134715361744,0.6976293533903204,0.999891958011632,0.6787408819554545,0.9999427233728793,0.6826426990395671,0.9989327028101745,0.6800094719464439,0.9993589918367614,0.6937934443369722,0.9997052676710418,0.6821929285331922,0.9977845645650874,0.6970543200407239,0.9998888107259525,0.6722267031283577,0.9998296021202766,0.6868319326009839,0.9999547405613742,0.6621653014271751,0.9997020251200689,0.6988817241756351,0.9997462056530867,0.6824655856839181,0.9993168089529818,0.6948717154887817
VS1_T26_0219_003442_20260325_164459_LG_lev1_V2_1.fits,0.6447989637376771,0.953590543342875,0.6933636906799308,0.9732547264347056,0.6628343466981185,0.9490704216596946,0.681066589586785,0.957782207561245,0.6963799011043222,0.9714400845653793,0.7399546569068114,0.9973664307354503,0.7115662015427993,0.9773103390169695,0.7062314589483826,0.9902404971484823,0.7023304333236519,0.9856538414839295,0.7104585142337208,0.9881618822548734,0.7216409514973746,0.9879338321059364,0.6970947523823232,0.9800190203926062,0.7246220903794675,0.9865266894480843,0.690058916897643,0.9936952852465117,0.7266420656973328,0.9993982795446716,0.7077589275942942,0.9888840035925055,0.6882946564589006,0.9965815507903514,0.7065984539772306,1.0000000000000002,0.7161173688718259,0.9976829722823112,0.6755181083362118,0.999560498689517,0.6683246586794579,0.9954622358140534,0.7059916923276381,0.9985935726794448,0.6828512220882638,0.9973908143460908,0.6859856936455132,0.9983931928910399,0.705262886833476,0.9993716145115518,0.6784670300321507,0.9987883405221042,0.6737250170276664,0.9987412219340895,0.672862707554271,0.9953203596592708,0.7095143957923914,0.9986311311544123,0.7295944407202659,0.9945041625131191,0.7012653680008727,0.9900939458111261,0.7082759713439359,0.9811730977379783,0.6955811006615538,0.9978645329958075,0.7051868002592468,0.9981053372387382,0.6997394456822575,0.9991351288046035,0.7042247922947015,0.9994803513596302,0.7038102430224447,0.9956881464659394,0.7262406579103865,0.9984677342426859,0.7091032169633262,0.9956412287341858,0.7032637966871035,0.9967955186282004,0.6794296280078024,0.9962196713503341,0.6862993416972499,0.9947410500998835,0.6926608349432791,0.995900739903581,0.6681538981547462,0.9975385155277717,0.6985764284171458,0.9927292972678952,0.7004063456366487,0.9989036735761173,0.7101291156333657,0.9928739271561846,0.6931641189045891,0.9988309659603691,0.695068286277763,0.9950554099860033,0.7257135657679094,0.9987973608975651
VS1_T26_0219_003442_20260325_164548_HG_lev1_V2_1.fits,0.9898814480890189,0.7204489280321246,0.9968597819900334,0.7283844764711888,0.9934156616371638,0.7036759970114279,0.9960782644154792,0.7028507898577276,0.9970841903536806,0.6979963317214931,0.9986243947958745,0.6876273615147293,0.9984765288520527,0.6491622537307867,0.9983180348101137,0.6697223608254277,0.9975056123905577,0.6594775346579512,0.9983390342854468,0.6700707236714971,0.9987712799015996,0.6624277042309162,0.9982834403257709,0.6618111889028268,0.9995292783668905,0.6629992205546924,0.9984788518268571,0.6856969135871042,0.9997730244982512,0.717578865505579,0.9996325885552756,0.6728471485259596,0.9986899086310083,0.6881138365175998,0.9997352892933598,0.7161173688718259,0.9999999999999998,0.7059760444989702,0.9973382107492551,0.7116777069718441,0.9966655527838659,0.6931048612952017,0.9998470854101363,0.7091081733849891,0.9983202448757883,0.7001062177669032,0.9986571828019702,0.7038464084414628,0.999586882201503,0.7253823097288103,0.9979334681006472,0.7277476042227029,0.9972187889250144,0.7311370737507384,0.9972127347126669,0.7402895519775882,0.9992511283541988,0.7422923097960477,0.9990146558483548,0.7527317640083132,0.9989194518907668,0.7851509337575154,0.9987129888687494,0.7549716905361549,0.9989340800575298,0.733167094171316,0.9994939838492127,0.7382471853186775,0.9995123141813637,0.7312656226348362,0.999709306627283,0.7251017256707086,0.999762923572716,0.7009865386538008,0.9997191388153062,0.7074435393823703,0.9999169794087003,0.688018767812051,0.9997294408640984,0.6920398149003776,0.9978763791319649,0.689388399073355,0.998466022338846,0.7026527322155642,0.9989917066036904,0.6916771680556097,0.9962717000096342,0.7062534785987999,0.9993680878213665,0.6814350382886067,0.9991920908593416,0.6964206668166802,0.9998909025112553,0.6717824192579837,0.9991015951199261,0.7085381841461772,0.9993210911538639,0.6917709393108362,0.9998509109044865,0.7043873849255758
VS1_T26_0219_003442_20260325_164548_LG_lev1_V2_1.fits,0.6395084073370041,0.9679929392326797,0.6854209092882525,0.9837600551894755,0.6564882275696777,0.965717928764616,0.6736918683456845,0.9729183942680094,0.6882499891028214,0.9837344804615775,0.7281481116708075,0.9990275217229243,0.7012529368412213,0.9857475795576716,0.6961786538892345,0.995487294144866,0.6923819474742763,0.9906556781171602,0.7001833920328263,0.9937864503085995,0.7107186388844129,0.9931845360489505,0.6875861691537314,0.9881296967432949,0.7137424195835174,0.9931732696369735,0.6810652395137948,0.997808217379812,0.715775998361498,0.9976211858935792,0.6978650606210489,0.9943200169457862,0.6795733170885662,0.9994836540785018,0.6968343549388286,0.9976829722823112,0.7059760444989702,0.9999999999999999,0.6675059292810582,0.9986096348648938,0.6607788488127889,0.9994890731375189,0.6963778695367532,0.9978494702225827,0.6747034886744121,0.9995484882177169,0.677566256261569,0.9977865238204124,0.6959824032016082,0.9977572579827869,0.6704966455429608,0.9982990223121019,0.6661792059011851,0.998445676064388,0.6652865604763618,0.9893797332411194,0.7001218434438876,0.9963130428305357,0.7190750141150746,0.9903574975515914,0.6924351098448712,0.9845106182997272,0.6992010360349235,0.9810734317270693,0.6869544127508167,0.9967231654826272,0.6959334159676401,0.994973037672801,0.6906532616414045,0.9972892201026964,0.6948851522246111,0.997718816333375,0.6944031174055411,0.9995623373613706,0.7156784339013993,0.9986176562800726,0.6993639182894203,0.9994264050346111,0.693745352943063,0.9996689304224448,0.67118018675565,0.9994797740450039,0.6776995131543877,0.9988017825736532,0.6836583785526589,0.9986510637746836,0.6604839703636158,0.9995395674269346,0.6892936570016781,0.9978332285599772,0.6909695207831932,0.9992669244914095,0.7002513801716284,0.9976521930211398,0.6842413103523899,0.9986263734733513,0.6860632420920701,0.9990117572322194,0.7150023733599228,0.9996889419965392
VS1_T26_0219_003442_20260325_164637_HG_lev1_V2_1.fits,0.9954760252020585,0.6942469450219197,0.9968828764068252,0.6987801013459557,0.997218412287389,0.6786215810100653,0.9978119504383515,0.6760226282461668,0.9969916382345918,0.6679352426654872,0.9936099395314946,0.648156825337388,0.9975864086983323,0.6134028554199127,0.9980552007893404,0.6320600998185998,0.9979146864247236,0.6216156217203952,0.9976236899147276,0.6330047351788028,0.9964308323825389,0.6243653661767822,0.9989394484615308,0.6262698375051119,0.996390978114021,0.6256572202164123,0.9996009622846617,0.6476041105654856,0.9959566694875537,0.677489073513165,0.998457001509617,0.6349416676816455,0.9997530727553491,0.6488826418577598,0.9985519502214178,0.6755181083362118,0.9973382107492551,0.6675059292810582,1.0,0.6713436660093476,0.9998664453445031,0.654809795434801,0.9983545959091796,0.6684741951098994,0.9994278741049232,0.6605390401490698,0.9995911086627572,0.6626660291322933,0.9978440402689076,0.6850458466025187,0.9995624455013511,0.6884645629142019,0.9992718277948425,0.6920296631810866,0.9995258794948779,0.6983952521553566,0.9965982871763976,0.70252558872443,0.9940230462105709,0.7130476378202165,0.9974793986171314,0.7471943583454278,0.9965493646542303,0.7185272873858984,0.9984763965299263,0.6936607665822803,0.9976327872383836,0.6978254928890619,0.9985239883130748,0.6913684163298864,0.9982201645545284,0.684824099934272,0.9985830174189516,0.6632479162257366,0.9955003046743751,0.6673711674211036,0.9981848424294323,0.6493384352966443,0.9987181908900249,0.6529722522273853,0.9999601836442938,0.6504763199171663,0.9998370902851208,0.6656741853284917,0.9995558907914364,0.6527497394529058,0.9999069175220447,0.6678598346511527,0.9992363334843554,0.6436163343002724,0.9991201847355093,0.6561746287362641,0.9981851714676727,0.6327347383563021,0.9995313488756936,0.6685917279694588,0.9993088256885019,0.6535024952253269,0.9960117030696318,0.6646942861045906
VS1_T26_0219_003442_20260325_164637_LG_lev1_V2_1.fits,0.6403824369600855,0.9603965262946201,0.6885117463083562,0.9782060392146716,0.6581995762845436,0.9558229808252617,0.6762948631226874,0.9639540641923188,0.6914588949977177,0.9765294896464121,0.7349975026196328,0.9985151810433381,0.7067036492990968,0.9822347978402027,0.7014815878428633,0.993207400462833,0.6975731873678594,0.9894044433476757,0.7056188629394521,0.9915306480461121,0.7168307904477128,0.9914707924597024,0.6925393992063845,0.9846773951938625,0.7198998268832549,0.9903494829641977,0.6857368401110149,0.9961813919911982,0.7220439293595151,0.9997418086452604,0.7033006584273488,0.9924960865356929,0.6840524079502729,0.9973491051777643,0.7021886673310882,0.999560498689517,0.7116777069718441,0.9986096348648938,0.6713436660093476,0.9999999999999998,0.6643680718954762,0.9966704746952879,0.7017283016768773,0.9996567200857143,0.6788202103997639,0.9981597118351039,0.6818838560062191,0.999522822723994,0.7010345611512404,0.9991337131656179,0.6745396061195609,0.9995588953371016,0.6697862146335946,0.9993439314288016,0.6689128903203257,0.9953275326201968,0.7053359084293349,0.9984586655075918,0.7248982278601854,0.9952401041882555,0.696878555560105,0.9902521509286171,0.7035428297696622,0.9848223877063607,0.6911576885540118,0.9988722374741202,0.70100559517422,0.9984144377119898,0.695573980691377,0.9994691772989789,0.6999791643325055,0.9996916529773673,0.6994914694028485,0.9973560114260416,0.7217128827518664,0.9981680681764984,0.7047015931368577,0.9967742677624615,0.6989895508379996,0.9976304757139697,0.6753000839138377,0.9970625698700588,0.6820354900131597,0.9952768645235853,0.688394610561805,0.9960328572086574,0.6640171787688802,0.9977566455909427,0.6942097572216709,0.9935718503796412,0.6958760250048148,0.9990289337419525,0.7057300716512106,0.9938134196744425,0.6888732573151976,0.9983588959890385,0.6908650659886115,0.9958130070137869,0.7211813749790812,0.9992501438816621
VS1_T26_0219_003442_20260325_164726_HG_lev1_V2_1.fits,0.9963852203197153,0.689503592255159,0.9969480233743886,0.6934167031654501,0.997717613012936,0.6738249788291824,0.9979793292607466,0.6709484107547189,0.9969316267475629,0.6622937739634116,0.9921078260314946,0.6409559747347024,0.9963810620891135,0.6066161711550742,0.9969475570969353,0.6250740790959548,0.9967563227729378,0.6144830225808302,0.9964194287215735,0.6260482181728734,0.9951001576133209,0.6173947855487516,0.9980872383655327,0.6196016834098084,0.9952458607472673,0.6189287033252273,0.9990706546982773,0.6407991988462203,0.9949701080971374,0.6703636962841122,0.9976966276725389,0.6282629853063121,0.9994240186508571,0.6420517681786952,0.9978895788180898,0.6683246586794579,0.9966655527838659,0.6607788488127889,0.9998664453445031,0.6643680718954762,1.0,0.6481981423345606,0.9978819120206504,0.6616506443533903,0.9995076103721092,0.6539682639083442,0.9995118862945938,0.6558962828944622,0.9976152597854492,0.6783394950208704,0.9997009504568265,0.6818300247486789,0.9995920281405714,0.6855191398730458,0.9997832659221948,0.6915815985859683,0.9964564099295007,0.6960079710352121,0.9933951131138324,0.7064651994696283,0.9974256439585263,0.7408719126926728,0.9963427946192734,0.7127430929569782,0.9983851565089124,0.6871169505771597,0.997454444166271,0.6911726403410066,0.998321826589611,0.6846414343414727,0.9979164775319355,0.6780375439944878,0.9981664245342733,0.6566405578342526,0.9947810747223703,0.6605615808509425,0.9976246957107379,0.6425908885106444,0.9982243170420261,0.6461844352455992,0.9997925284150883,0.6436947238868597,0.9995240227004524,0.6589796288868887,0.99912717007809,0.6459141812097351,0.9998354972591449,0.6610356168979992,0.998712853491578,0.6369241589837535,0.9984371055936577,0.6490974107136709,0.997534123004987,0.626035841465368,0.9991624788447699,0.6616315113751761,0.9989903577808273,0.6468378254423311,0.9951412595173866,0.6578539408720011
VS1_T26_0219_003442_20260325_164726_LG_lev1_V2_1.fits,0.6283798604341323,0.9686793470315401,0.6738249911268345,0.9837477780820955,0.6450840258625258,0.9677044523222419,0.6620597241823892,0.9746826372586631,0.6765348868368642,0.9850920502439823,0.714841638843898,0.998194483573371,0.6879948055769294,0.9861811675357941,0.6829005876795015,0.9954395679195808,0.6790063054701962,0.9899985440712589,0.6868889964263233,0.9935466334136435,0.6973195888150847,0.9928883364723063,0.674406937106095,0.9884296038028776,0.700550691504846,0.9934975709635272,0.6680600794538288,0.9974042637135914,0.702718344176224,0.9950823014970612,0.6848064054240128,0.9940865786703602,0.6667596366415733,0.9997527543577511,0.6838624457552424,0.9954622358140534,0.6931048612952017,0.9994890731375189,0.654809795434801,0.9966704746952879,0.6481981423345606,1.0,0.6835350006873485,0.9957223940268508,0.6622352934481968,0.9994069669190455,0.6649592202620731,0.9959087907466624,0.6834404985717611,0.9958466439346797,0.6579736936367938,0.996167101313253,0.6538998257645524,0.9965159207120899,0.652914273780756,0.9847688672707147,0.6877098796818619,0.9936952892053387,0.7067155724568907,0.9858308661739906,0.6803111477921097,0.9788671042521078,0.6872811771024386,0.9765824041550895,0.6747635801394631,0.9940649461375753,0.6834223094604469,0.9916463381482141,0.6780495737262331,0.9946749195621954,0.6822543317871065,0.995360166104187,0.6816724942791424,0.9994671427196085,0.7029361838635999,0.9979147977437279,0.6865518651001041,0.9999437691993754,0.6808556010790462,0.9998312602805803,0.6584224085813214,0.9998650150028069,0.6649110410960756,0.9993651098062504,0.670757658200366,0.9991678337763322,0.6477891108060123,0.9992554690509,0.6764015399112007,0.9992169737641573,0.6780249502866416,0.9984461289878899,0.6872997370076448,0.9991399382979002,0.6714510443783248,0.9977472681995084,0.6732780776767828,0.9997745863095483,0.7020251707332811,0.9988654225566116
VS1_T26_0219_003442_20260325_164815_HG_lev1_V2_1.fits,0.9915659538148903,0.7142294521978595,0.9972397461890531,0.7211830001862802,0.9946414793533568,0.6975062744200506,0.9968186153095135,0.69622858856131,0.9973809567950963,0.690544018467086,0.9977385056569745,0.677738346760534,0.9984466759952887,0.640354843793198,0.9984496228594029,0.6603328305664633,0.9977437493658292,0.6501331476184017,0.9983418796374797,0.6608427268330012,0.9984514383338903,0.65303717772267,0.9986891342922399,0.6530802942160111,0.9991239409088077,0.653820810759428,0.9990955438414315,0.6762828584319145,0.9993058026201991,0.7076752241956394,0.9997371345412647,0.663613725782165,0.9993534961696461,0.6782524654934227,0.9998729528092846,0.7059916923276381,0.9998470854101363,0.6963778695367532,0.9983545959091796,0.7017283016768773,0.9978819120206504,0.6835350006873485,0.9999999999999997,0.6992177146264313,0.9991228807435371,0.6903145500167674,0.9993794290699122,0.6938729038245012,0.999736044235496,0.7154597716640272,0.9988658325031897,0.7181755068123754,0.9982643633865542,0.7215995356850426,0.9982897536872856,0.7303141708577127,0.9992568936905272,0.73261109781783,0.9983991163798593,0.7433122973903002,0.9991500644702521,0.776166057815354,0.998709321628965,0.7467220306090107,0.9993421256862833,0.72366953277101,0.9996424854501702,0.7285098431371947,0.9998339075306185,0.7215392513421415,0.9998995251886821,0.7152450290093197,0.9999719216157328,0.6916277282726557,0.9992437362170642,0.6974079843608588,0.999972148692186,0.6783356366084317,0.9999653305637878,0.6822528555826908,0.9987903889473114,0.6796083929240812,0.9991831389117032,0.6932038831633849,0.9995340288127704,0.681784340516941,0.997489574043276,0.6965301054457065,0.9997363680737611,0.6717838705230007,0.9995017072052471,0.6863097970708064,0.9999218262459857,0.6619121167743923,0.9996231857301536,0.6984832246602098,0.9997908303991239,0.6821134925344857,0.9994081356499824,0.6945039946616451
VS1_T26_0219_003442_20260325_164815_LG_lev1_V2_1.fits,0.6366342604689579,0.9628424400037385,0.6849665296978348,0.9796765405515651,0.654458418065176,0.9575268719013781,0.6726679322285718,0.96542571317152,0.6878849898543538,0.9775549268375547,0.7322181359556642,0.9981310617737241,0.7035928861234517,0.9841068365468265,0.6984308218438735,0.9938241706783262,0.6944700944036002,0.9909584166139745,0.7025242084417342,0.9924941934924815,0.7139551931107923,0.9927489785174693,0.6895771085870266,0.9863548265937645,0.7171510260652358,0.9915474498397493,0.6829338949954851,0.9966267421187103,0.7194646251702173,0.9994997645009559,0.7006004462235534,0.9938336689039156,0.6812985388512024,0.9962331261812084,0.6995204014441493,0.9985935726794448,0.7091081733849891,0.9978494702225827,0.6684741951098994,0.9996567200857143,0.6616506443533903,0.9957223940268508,0.6992177146264313,1.0,0.6762103093150967,0.9973160344287157,0.6792466207471531,0.9999095955522435,0.6985261215858514,0.9982708654992686,0.6719991722879078,0.999481117386157,0.6671382186039743,0.9990423548811372,0.6662475637816457,0.9960418931289166,0.7029454701812698,0.9979020590130224,0.7221770041642295,0.9962370578046341,0.6940731790506297,0.9910561194531721,0.7003975363491406,0.987977594511884,0.6882249344008516,0.9992675951165865,0.698552176269542,0.9986319018262062,0.693064715997753,0.9993058944560885,0.6974416331917717,0.999364515240038,0.6968666331711284,0.9969560050858355,0.7191815698830029,0.9966949529226706,0.7020638990378131,0.9957874258643603,0.696428799424049,0.9965939745321819,0.672549216528209,0.995921628893916,0.679222870804253,0.9935374984116561,0.6856857042981515,0.9942408969743244,0.6610892238189928,0.9962848933672748,0.6914641638498487,0.9918886459186947,0.6929629938955458,0.9979284232816923,0.7031264280846867,0.9923519513669671,0.6861287178581348,0.9967600881458162,0.6882566961652127,0.9943737346109996,0.7186598310029378,0.99838487240084
VS1_T26_0219_003442_20260325_164904_HG_lev1_V2_1.fits,0.9957363964374699,0.6983940623206815,0.998245100172743,0.7036478262442825,0.9975745040489014,0.6823255675668409,0.9985288653634984,0.6801268400985018,0.9981680750837053,0.6726545455998862,0.9941968727499562,0.6548112904506964,0.9967565513480029,0.6184626624785786,0.9970825885466374,0.6379958181649177,0.9965118200476838,0.6270909271328262,0.9967012534426699,0.6385994830374125,0.9960223629426189,0.6303453015649926,0.9979830636068255,0.6315043348190676,0.996724509480668,0.6318009864949383,0.9990039959187212,0.6541468069339832,0.9969045624319689,0.684501377686804,0.9985432766998252,0.6414098841439597,0.9995735603861042,0.6563753811616388,0.998829156218413,0.6828512220882638,0.9983202448757883,0.6747034886744121,0.9994278741049232,0.6788202103997639,0.9995076103721092,0.6622352934481968,0.9991228807435371,0.6762103093150967,1.0000000000000002,0.6686263856369266,0.9999425798717089,0.6707803855891168,0.9992240615074516,0.6931896417899777,0.9999651362970452,0.6960141380188135,0.9998517676965157,0.6998005237348434,0.9998523502564857,0.706588479537537,0.9985818707331136,0.7106501124448216,0.9963311740116477,0.7205246420450203,0.9991441376767035,0.7543226730989824,0.9983784501613129,0.7253893848755026,0.9996031851932717,0.7013584572194368,0.9991580864408586,0.7057818665047617,0.9995740714108535,0.6990448556363926,0.9993316037153387,0.6926246558936163,0.9993365370140578,0.6702409752218681,0.9971729060943172,0.6753815023359017,0.9989370241101155,0.6567009083165513,0.9992129701943538,0.6604458519400166,0.9995811414465328,0.6579188702412458,0.9995489102528452,0.6724839296330213,0.9994187921346982,0.6602658292487713,0.9989785323295375,0.6750188253724833,0.999275666163884,0.6508625779368791,0.9988587534015222,0.6636436751243627,0.9987307628253629,0.6405278835829237,0.9995923024329156,0.676270986777606,0.9996567729765526,0.660945827509645,0.997184769330046,0.6722945054560342
VS1_T26_0219_003442_20260325_164904_LG_lev1_V2_1.fits,0.6340250564483377,0.9631703396056005,0.6805998692455864,0.9800168548006791,0.6509843941917134,0.9610049972171213,0.6683692428356065,0.9686593427691906,0.6832805515259952,0.9802157309760261,0.7219261784538579,0.9979616924806141,0.6940167779520235,0.9823043041403373,0.6888020388689541,0.9933697993767231,0.6846602970165014,0.987687422256159,0.6928634960516074,0.9911918119565701,0.7037045726867541,0.9908201539514457,0.6802106569244978,0.9848632132811903,0.7073299594825917,0.9909837246282683,0.6739635191729737,0.9962393555009338,0.7098294671738364,0.9966445576938912,0.6912663103676717,0.992294178781119,0.6728446769931535,0.9995960188053115,0.6903975679180231,0.9973908143460908,0.7001062177669032,0.9995484882177169,0.6605390401490698,0.9981597118351039,0.6539682639083442,0.9994069669190455,0.6903145500167674,0.9973160344287157,0.6686263856369266,1.0,0.6712811848382929,0.9975962041607813,0.6905133399622743,0.9981276010596911,0.6642473456414889,0.9976795682977007,0.6601811843579832,0.9981394777234004,0.6590668350787785,0.9888944352229729,0.6951368017485837,0.9964159937910949,0.7144472073454184,0.988989829263117,0.6873894500541395,0.9827828560394845,0.6944545098983276,0.9780304030983039,0.6814902309045555,0.9959528631014428,0.6905698859357916,0.9945339969331616,0.684887178678302,0.996821720178903,0.6891695138982323,0.9974894998923254,0.6884017030142681,0.9987375298802786,0.710390799072597,0.9992973497509252,0.6933463249873796,0.9993182016713306,0.6874669249458011,0.9996859336863877,0.6643052352399471,0.9995445322919659,0.6709146767478787,0.9985374658648517,0.6769257711336714,0.9991259637861355,0.6532553880068783,0.9994419629298715,0.682720457990575,0.9980736410594853,0.6842000971635611,0.9993052844585163,0.6940298512165732,0.9983263440935471,0.6777143129880764,0.9990441751648117,0.679718962340145,0.9992211433154556,0.7092507363750402,0.9996729669991908
VS1_T26_0219_003442_20260325_164953_HG_lev1_V2_1.fits,0.9950493070039143,0.7008425828679636,0.997951671334116,0.7062573682512236,0.997118416515726,0.6847178960351286,0.9982406535639204,0.6826093473707717,0.9979602672125395,0.6753498838062577,0.995030061198945,0.6580577921134959,0.997535950372742,0.62189845874307,0.9978309246583764,0.6413001781409462,0.997331160810784,0.6306633652374461,0.997492166097079,0.6419706819487268,0.9968591395385826,0.6337228187939761,0.9985957466634015,0.6348363898875307,0.9973856977735768,0.6350020452907393,0.999412063340938,0.6572727691288888,0.9974271902956106,0.687733119316202,0.9990184760265379,0.644580989334569,0.9998219130602454,0.6591954118520496,0.999230312404363,0.6859856936455132,0.9986571828019702,0.677566256261569,0.9995911086627572,0.6818838560062191,0.9995118862945938,0.6649592202620731,0.9993794290699122,0.6792466207471531,0.9999425798717089,0.6712811848382929,1.0000000000000002,0.6737456944584066,0.999262408414461,0.6959630234294292,0.9999034552912102,0.6989213225804546,0.9996465792395662,0.7025782679039204,0.9997108281361636,0.7096925107307211,0.9985151077432969,0.7133792121480043,0.9964662760230784,0.7236137450535323,0.9990075010828698,0.7573100389403936,0.9982619847266019,0.7283711617111621,0.9995354424652636,0.704275762750475,0.9991582628028831,0.7087225954349555,0.9996389829457114,0.7019906999724281,0.9994443022998322,0.6955608796748601,0.9995444508925465,0.6730989013018286,0.9974600114678466,0.6781134815897245,0.9992261081575656,0.659505932600027,0.9995067309083233,0.6632601463719906,0.9997599647708533,0.6607125098599412,0.9997913323529586,0.6752182136544497,0.9997264564907198,0.6629942057893993,0.9991386014779069,0.6778413227866551,0.9996114662245316,0.653528033951116,0.9992977129863486,0.6666352609428323,0.9990998081371816,0.6431623477379776,0.9998355503995994,0.6791165305331806,0.9998574227643746,0.6636271477302933,0.9976193308752836,0.675170930040595
VS1_T26_0219_003442_20260325_164953_LG_lev1_V2_1.fits,0.6311339595000512,0.9616109567845388,0.6798526897357128,0.9786179607842398,0.64899784826442,0.9563556813104731,0.6673288881190171,0.9644003115004954,0.6826903817617751,0.9767933154572157,0.7268742156277667,0.9979863463382423,0.697747299049515,0.9836971430961304,0.6925252131836661,0.993571347851426,0.6884144919585046,0.9905440697644841,0.6966399451622246,0.9920901915746038,0.7082469552141402,0.9925012077222055,0.6836651314683607,0.9859302161930833,0.7116924544516341,0.9914156890828252,0.677128657040264,0.9964525343271812,0.7142112067740581,0.9991442283015614,0.6950336965507476,0.9937001008016986,0.6756267515072581,0.9964395047863598,0.6940180192385303,0.9983931928910399,0.7038464084414628,0.9977865238204124,0.6626660291322933,0.999522822723994,0.6558962828944622,0.9959087907466624,0.6938729038245012,0.9999095955522435,0.6707803855891168,0.9975962041607813,0.6737456944584066,0.9999999999999997,0.6933745990280981,0.998275211238843,0.6665009406512296,0.9992595060045628,0.6617045374786976,0.9988835753104276,0.6607253989439705,0.9957070458668204,0.6979993800834174,0.9977299094670377,0.7174268723791938,0.9956056869224806,0.6890615363721869,0.990005669491923,0.695484557967641,0.9870654427295981,0.6830391943289756,0.9990137322565121,0.6934481783372352,0.9983553618780298,0.6878058639311823,0.9990576475481745,0.6922115596013245,0.9992140086674529,0.6915192729864573,0.9969052819950691,0.7141680923389334,0.9968692156766041,0.6967207940099827,0.9960004773155754,0.6909904313926548,0.9967723418588096,0.6668040905729256,0.9961216358615835,0.673513715814355,0.9934789363945722,0.6800275054768232,0.9944677702531183,0.6551591892867137,0.9962309089918671,0.6858718118808447,0.9921497612220226,0.68728175969615,0.9979842454616475,0.6977009021345376,0.9928524047273141,0.6805373123606941,0.9968267767739145,0.6827569806285428,0.9945995934390004,0.7134670654316017,0.9984345459529301
VS1_T26_0219_003442_20260325_165042_HG_lev1_V2_1.fits,0.9927706694827185,0.7126914517190011,0.9982644330978707,0.7199221035504807,0.9955677036281442,0.6961518029060227,0.9976279693180369,0.6949321582189631,0.998283626256418,0.689225043841511,0.9967726965058138,0.6765912378732606,0.9971416531661843,0.6380177508191089,0.9971190843807363,0.6587264112573256,0.9961990523025709,0.647815818654978,0.9969961479378046,0.6589830092823664,0.9971635809802536,0.6512301432943671,0.9974994790889438,0.6509393698518217,0.998275382263686,0.652282317381198,0.9982380473190758,0.6751012744967992,0.9987932709850119,0.7065470039283951,0.9990168609105675,0.6621597156848928,0.998837757111198,0.678137150689003,0.9992983524424667,0.705262886833476,0.999586882201503,0.6959824032016082,0.9978440402689076,0.7010345611512404,0.9976152597854492,0.6834404985717611,0.999736044235496,0.6985261215858514,0.9992240615074516,0.6905133399622743,0.999262408414461,0.6933745990280981,1.0,0.7154484562102259,0.998898397941594,0.7175888818770805,0.9985757196174144,0.7213142097161133,0.9984389057922101,0.7294393944778188,0.9998385281453812,0.7325360126522111,0.9988607844956412,0.7421310287581592,0.9997709810726814,0.774990896511703,0.9994386413775852,0.7449611100953084,0.9997008659586432,0.7229657660277686,0.9999892988578992,0.7279230568952387,0.9999216500757352,0.7209639841242491,0.9999536167852626,0.7147846880283403,0.9998017362581859,0.6910549092446467,0.999283508902179,0.6976197266486289,0.9997065741238359,0.6781072920795598,0.9995719883597366,0.6820870683379343,0.9982886280833161,0.6795000421934172,0.9986588387426578,0.693092712954778,0.9989490843445092,0.6819446813800457,0.9968760618202175,0.6963646129616688,0.99919311555813,0.6719557125918038,0.9987689372983112,0.6859457976598202,0.9994949120764993,0.6622565531053831,0.9992067731772486,0.6984390441030611,0.9994893949816553,0.6822091611982806,0.99909343624086,0.694246920819017
VS1_T26_0219_003442_20260325_165042_LG_lev1_V2_1.fits,0.6568320056958551,0.9547231120988846,0.704474236624871,0.9740630582687163,0.674243449958286,0.9501410386055354,0.6920650509388738,0.9586252595575148,0.7072209350739428,0.9716750679290764,0.7477059212146239,0.9960724498638539,0.7192757219828801,0.9749456214459246,0.7140112676676922,0.9885434373070165,0.7098371540405374,0.9830280083609236,0.7181214980599098,0.9862378720922207,0.7292473128623294,0.9859701466119396,0.7052713813068804,0.9780992581218888,0.7328487242420337,0.9851073723342149,0.6988830053402562,0.9927471880572548,0.735359284983758,0.9984751296093558,0.7164942652374912,0.9876888924754748,0.6976431793191467,0.9966390364015233,0.7155761322731028,0.9993716145115518,0.7253823097288103,0.9977572579827869,0.6850458466025187,0.9991337131656179,0.6783394950208704,0.9958466439346797,0.7154597716640272,0.9982708654992686,0.6931896417899777,0.9981276010596911,0.6959630234294292,0.998275211238843,0.7154484562102259,1.0000000000000002,0.6887921369229885,0.9989912532888204,0.684483213177585,0.9993814066853418,0.6834012046411291,0.9951429111444808,0.7200860693045824,0.9995544627342626,0.7396116347361796,0.9944128585565873,0.7119847734674014,0.9905614252637324,0.7189512323106507,0.9813910609048135,0.7060242092399979,0.9981145190941899,0.7155028072887852,0.9983598782393256,0.7098004636423998,0.9992690099725177,0.7141566048969495,0.9995957925113499,0.7134157871791955,0.9957117423706924,0.735742197991928,0.9990209118760506,0.7184741543639099,0.9957274429532147,0.7125846566985623,0.9969059792689163,0.6889448607596916,0.9963604061253941,0.6956476885048293,0.9950954824513759,0.7018464859797658,0.9962496635879163,0.677630982010726,0.9977141571943787,0.7077078668237072,0.993138774401619,0.7091929240022766,0.9985289379970549,0.719241041120641,0.9933520566917681,0.7025651510326818,0.999015034278878,0.7046360718668012,0.9955440156466263,0.734720565712335,0.9988602523645133
VS1_T26_0219_003442_20260325_165131_HG_lev1_V2_1.fits,0.9958959737013992,0.695936754181652,0.9978791001641372,0.7007028019134851,0.9975744402116996,0.6798330506700154,0.9983436148512049,0.6774216278185949,0.9977953664011561,0.6695682541669716,0.9935926940540192,0.650611984502945,0.9965533063672439,0.6150022605864697,0.9969551019653673,0.6341289087900754,0.9964624893345526,0.6233979640765239,0.9965216395296219,0.6348631005485288,0.9957046286453449,0.62654932596254,0.9979523533772748,0.6280305167384334,0.9963087877317558,0.6280346921981876,0.999018882111065,0.6501947130640505,0.9964179755406603,0.6803052105494178,0.9983266173687786,0.6376154991721674,0.9995621975150146,0.6520009501247317,0.9986048662799316,0.6784670300321507,0.9979334681006472,0.6704966455429608,0.9995624455013511,0.6745396061195609,0.9997009504568265,0.6579736936367938,0.9988658325031897,0.6719991722879078,0.9999651362970452,0.6642473456414889,0.9999034552912102,0.6665009406512296,0.998898397941594,0.6887921369229885,1.0000000000000002,0.6918781585207241,0.9998909162189038,0.6956259519367778,0.9999287304553005,0.7023843011747505,0.9981548051410261,0.7063781093552938,0.9956229669174557,0.716604070074997,0.9987753141784251,0.7505831343364603,0.9978743138816837,0.7221416026152013,0.9993373192119644,0.6972891484560131,0.9988219586755566,0.7016037198493207,0.9993404006449343,0.6948462492874782,0.999044869663357,0.6883492297037194,0.9990864376178877,0.6661611036790676,0.9966073655849834,0.6708767492147631,0.9986358770342412,0.6524035516745842,0.9990081969678808,0.6561063625095535,0.9996739300382945,0.6535705438705615,0.9995607967222405,0.668244964835229,0.9993686559438371,0.6558035378119045,0.9992123378652655,0.6706983070333512,0.9991449712172967,0.6465040915729279,0.9987238379037263,0.659212946351648,0.998450456940847,0.6360610589385244,0.999509163862258,0.6717835159240682,0.9995398077029741,0.6565986613244508,0.9966884807650532,0.667947330813582
VS1_T26_0219_003442_20260325_165131_LG_lev1_V2_1.fits,0.6581096894956381,0.9647980055934188,0.7049606966187985,0.9813635007961115,0.6754171027591894,0.9596272985833822,0.6930357125425542,0.9671983198445101,0.707725772415011,0.9786781077292019,0.7499270089162496,0.9974983230036738,0.7223318531119107,0.9821422052720437,0.717304453555878,0.9925807512599041,0.7134020184131862,0.988825746984102,0.7212654987560928,0.9911211017423854,0.7322477510767,0.9909019114180142,0.7087596751388396,0.9849062851829261,0.7354287325688158,0.990089594401819,0.7023731216114688,0.995918262779636,0.7376918184078537,0.9994091114088823,0.7194636396193613,0.9924711304259873,0.7008591142602205,0.9963354668942186,0.7184534469601157,0.9987883405221042,0.7277476042227029,0.9982990223121019,0.6884645629142019,0.9995588953371016,0.6818300247486789,0.996167101313253,0.7181755068123754,0.999481117386157,0.6960141380188135,0.9976795682977007,0.6989213225804546,0.9992595060045628,0.7175888818770805,0.9989912532888204,0.6918781585207241,1.0000000000000002,0.6872648632575924,0.9998681338141975,0.6863686533431853,0.9959161865474832,0.7218663043359527,0.999027194754951,0.7406208036622217,0.9966704030072481,0.7135277070061634,0.9926995321174128,0.7198226024710489,0.9882634246050048,0.7078914515822187,0.9997018208078933,0.7176081855320131,0.9990321951194686,0.7122946311576126,0.9997855834325943,0.7165371805494707,0.999703496143855,0.7159684162432793,0.9973346731108944,0.7375197038230668,0.9973171394603754,0.720972432572886,0.9960247530715923,0.7154664728579481,0.9968168056711515,0.6923798483963115,0.9961638612890824,0.698862473542018,0.9947106770170567,0.7050687630231689,0.9948569762950625,0.6812852938098863,0.9970640621475406,0.7106869538917358,0.9924623968892188,0.7121531250162183,0.9978577377054744,0.7219198944753674,0.9924503457986005,0.7055509922045187,0.9974070192644563,0.7075867712523826,0.9950297756059928,0.7369176183856269,0.9986192247657955
VS1_T26_0219_003442_20260325_165220_HG_lev1_V2_1.fits,0.9969888491476029,0.6918884414592841,0.9982792073009823,0.696542414831976,0.9983219670027318,0.6761046955245581,0.9987991338108938,0.6735688999716761,0.9981047001787406,0.6654247520964643,0.9922443229088189,0.6457214035759228,0.9954551940037124,0.6096102325597879,0.9958988983010756,0.6290711547070833,0.9953506807329338,0.6178052163361415,0.995413180987864,0.6296744779373166,0.994444442630877,0.6212611722300785,0.997066079779388,0.6227912197159257,0.9952163160285868,0.6230051749466957,0.9983619098514156,0.6453473795036125,0.9954402110498737,0.675304163704549,0.997504940115993,0.6325502687871501,0.9990949029998784,0.647824397547814,0.9978666628570054,0.6737250170276664,0.9972187889250144,0.6661792059011851,0.9992718277948425,0.6697862146335946,0.9995920281405714,0.6538998257645524,0.9982643633865542,0.6671382186039743,0.9998517676965157,0.6601811843579832,0.9996465792395662,0.6617045374786976,0.9985757196174144,0.684483213177585,0.9998909162189038,0.6872648632575924,1.0000000000000002,0.6912280394407012,0.999969315008252,0.6972009057570767,0.997915214347857,0.7020405301298831,0.9951252089263078,0.711439985956406,0.9987354363654818,0.7455777896159361,0.9978640759673882,0.7167609242696189,0.9992592278213407,0.6925310468361917,0.9985311017140304,0.6968126674158628,0.9989957974607249,0.6901707167682994,0.9986330160031921,0.6837231245302767,0.9985824490194373,0.6618004951955716,0.9959080434040728,0.6668102879035578,0.9980198755973381,0.6482235473648394,0.9983840187494001,0.651911239640697,0.9993190648163872,0.649438409131461,0.9991244089794148,0.6643637554823574,0.998804425899128,0.6518884364231026,0.9989654971389896,0.666591049835076,0.9985373689145557,0.6427166732281407,0.9980272100212033,0.6547579708687992,0.9977333958662038,0.6322350919321136,0.999032938946466,0.6675945514185265,0.9990733909620183,0.652689227267715,0.9958144123697075,0.6635891851008994
VS1_T26_0219_003442_20260325_165220_LG_lev1_V2_1.fits,0.6630663907517476,0.9638974769164821,0.7095144866229488,0.9807887798405469,0.6801335631516879,0.9590502485414294,0.6975612928825079,0.9666433828025353,0.7122084972187429,0.9780851655651341,0.752843207545103,0.9969847997250169,0.725331471055598,0.9802917019192682,0.7202996714217603,0.99151713908253,0.7163125253110506,0.9870218635259617,0.7242432843912413,0.9898303712739864,0.735122793254331,0.9894826944430801,0.7118560605457137,0.9832799326650578,0.7384952970046907,0.9888880497751878,0.7056440808455045,0.9951911162718425,0.7408797110306494,0.9989358909157985,0.7226837456114608,0.9912859856707384,0.7043177811104407,0.9966642279988983,0.7217515517479544,0.9987412219340895,0.7311370737507384,0.998445676064388,0.6920296631810866,0.9993439314288016,0.6855191398730458,0.9965159207120899,0.7215995356850426,0.9990423548811372,0.6998005237348434,0.9981394777234004,0.7025782679039204,0.9988835753104276,0.7213142097161133,0.9993814066853418,0.6956259519367778,0.9998681338141975,0.6912280394407012,1.0,0.6902517326444326,0.9953110448676155,0.7257041027810606,0.9993684434617441,0.7443777756580354,0.9959333971309318,0.7175670711865677,0.9922035911454953,0.7239927578908985,0.9866926509350564,0.71185733374561,0.9993696619763681,0.7213613497516949,0.9987990965020591,0.7159504493113837,0.9996708852981819,0.720158718721547,0.9996691134246107,0.7194957768964104,0.9972859853935211,0.7410046957148666,0.9979729736336554,0.7244213250525674,0.9962732544918412,0.7188495861723476,0.9971123679284993,0.6958907990682034,0.9965224174872065,0.7023464593734848,0.9953699281676053,0.7084506680362177,0.9955748942450898,0.6848475664821323,0.9975618262051258,0.7140733105113068,0.9931692266725053,0.7154772143331309,0.9980167868356196,0.7252626120575376,0.9931113031787914,0.7090379029341835,0.9979572197102572,0.7110830790827541,0.9956339128635499,0.7402052059350785,0.9988221345363782
VS1_T26_0219_003442_20260325_165309_HG_lev1_V2_1.fits,0.9968654699195589,0.6916892294824266,0.9980218856996397,0.696184868388636,0.9982232061603048,0.6759263740739372,0.9986666888220038,0.6733167380222016,0.9978988453826738,0.6650673667560766,0.9923953877164727,0.6450241177799285,0.9958597592494706,0.6093629959517856,0.9963299128803633,0.6285685230419134,0.9958774883162363,0.6174962625968706,0.9958393775364015,0.629271908941381,0.9947895767384844,0.6207999614164535,0.9974742081615946,0.6224841783458781,0.9953885858501277,0.622469490748128,0.9986701912080594,0.6446907366350534,0.9954743885929335,0.6745650311676898,0.997695453285951,0.6319604502447239,0.9992933951430499,0.6468353399937723,0.9980073041740816,0.672862707554271,0.9972127347126669,0.6652865604763618,0.9995258794948779,0.6689128903203257,0.9997832659221948,0.652914273780756,0.9982897536872856,0.6662475637816457,0.9998523502564857,0.6590668350787785,0.9997108281361636,0.6607253989439705,0.9984389057922101,0.6834012046411291,0.9999287304553005,0.6863686533431853,0.999969315008252,0.6902517326444326,1.0000000000000002,0.6962846219798272,0.9976454059414746,0.7009816680151436,0.9948070852893242,0.7106787629731643,0.9984911190456487,0.7448752019035132,0.9975698718582172,0.7162188848632048,0.9991273789550709,0.6916395265715635,0.9983615041775211,0.6958730068327459,0.9989296546407372,0.6892576220646364,0.9985617071916685,0.6827711894661626,0.9985949620417289,0.660961262835298,0.9957569288443828,0.6656983061283739,0.9980468536018741,0.6472616172482738,0.9984678972984901,0.6509309754919832,0.9995446384726688,0.6484521782047382,0.9993399693015487,0.6634601634951115,0.9990081489509438,0.6508402179455796,0.9992864132918838,0.6656583109783428,0.9987088786259285,0.6417054063060511,0.998267668114298,0.6538179445830092,0.9978185639703749,0.6311195607980927,0.9991831258795937,0.6665631705244042,0.9991666192323366,0.6516633149230905,0.9957910081486575,0.662616971044021
VS1_T26_0219_003442_20260325_165309_LG_lev1_V2_1.fits,0.6639896361210119,0.946555515301576,0.7137885976122826,0.9662701108738818,0.6823362770692077,0.9372668328262823,0.7011487638582107,0.9462193043148942,0.7166433728785986,0.9602579504947297,0.7636381886097354,0.9895325687425958,0.733997096273059,0.968783350590367,0.7288132549044185,0.9814670039379083,0.724683100680518,0.9792379609960006,0.7329078075305026,0.9800463689730683,0.7448997361944121,0.9806951157410819,0.7199144875167173,0.971852629355253,0.7483140780536055,0.9781491194413486,0.7133430073523741,0.9862407078933042,0.7508956553571974,0.9963517420700704,0.7314952590927819,0.9823878629948807,0.7116831696620337,0.9859435354892194,0.7304347690317854,0.9953203596592708,0.7402895519775882,0.9893797332411194,0.6983952521553566,0.9953275326201968,0.6915815985859683,0.9847688672707147,0.7303141708577127,0.9960418931289166,0.706588479537537,0.9888944352229729,0.7096925107307211,0.9957070458668204,0.7294393944778188,0.9951429111444808,0.7023843011747505,0.9959161865474832,0.6972009057570767,0.9953110448676155,0.6962846219798272,1.0,0.7340547707258817,0.9967876350488915,0.7533775848078771,0.9991086945461604,0.7245091981594134,0.9971503751435741,0.7304906884648966,0.989217081067009,0.7184459508381754,0.9972564937274323,0.7295350168767091,0.9988467268289862,0.7239540580477226,0.9972867320234249,0.7283938688581297,0.9967661846403414,0.7277196327409963,0.986997401763435,0.7505628886513495,0.9901032604766471,0.7330111924573144,0.98476422468639,0.7274126202697273,0.9866435166801404,0.7027499765194042,0.9853244273493096,0.7094629234757152,0.9821430027239244,0.7162330444627782,0.9837132247799049,0.6907654416300527,0.9874553167224214,0.7220645113776347,0.9784685442099685,0.7233744099900357,0.9906490797338827,0.7341165221437672,0.9791170437790547,0.7165922362395801,0.9903902176994397,0.7189536334438775,0.9829661213955698,0.750075234869481,0.9912901459486572
VS1_T26_0219_003442_20260325_165357_HG_lev1_V2_1.fits,0.9919188198451534,0.714851230943806,0.998101031849286,0.7225652075145303,0.994807593259746,0.6981153438017064,0.9970981152855984,0.6971514757052525,0.998036554126971,0.6918534827251424,0.9963149995171569,0.6804899697806679,0.9958756125610768,0.640983561366967,0.9957619637946314,0.6622069960413289,0.9946124982475457,0.6510450603039093,0.9956796048423606,0.662266488991223,0.9961385645519008,0.6547282735685075,0.9961198288254428,0.6539773907021539,0.9976365348200642,0.6558425170996883,0.9970171650751896,0.6788822773764939,0.9984719786119455,0.7105951742141086,0.9981970330971808,0.6658783216434887,0.9978258876850633,0.6824808855507011,0.9985720837006025,0.7095143957923914,0.9992511283541988,0.7001218434438876,0.9965982871763976,0.7053359084293349,0.9964564099295007,0.6877098796818619,0.9992568936905272,0.7029454701812698,0.9985818707331136,0.6951368017485837,0.9985151077432969,0.6979993800834174,0.9998385281453812,0.7200860693045824,0.9981548051410261,0.7218663043359527,0.997915214347857,0.7257041027810606,0.9976454059414746,0.7340547707258817,1.0000000000000002,0.7371150699911453,0.999256060959109,0.7463046678057975,0.9997521126657593,0.7789130903548634,0.9995352702780212,0.7486538367395453,0.999388758555832,0.727294032388054,0.9999013130078146,0.7324084312313357,0.9995711511130596,0.7253204260370465,0.999648434183374,0.7192284179986519,0.9993124129530628,0.6950602653491236,0.9993355668399543,0.7022338996422118,0.9992327405709484,0.6823597995045327,0.9989449617509306,0.686406161792253,0.9971489569270019,0.6838081962032585,0.9975875734018881,0.6970429329694597,0.9979703304447274,0.6863139843810648,0.9954289046451081,0.7005130751213562,0.9983237836674596,0.676172305905125,0.9977550375154581,0.690293287764001,0.9989179678560698,0.6667800393298855,0.9983332534078635,0.7028848293228444,0.99876524519988,0.6865089214823817,0.9988855715204898,0.6986250217131666
VS1_T26_0219_003442_20260325_165357_LG_lev1_V2_1.fits,0.6739042116431793,0.9555913642771382,0.7209502201224001,0.9745198683643709,0.6911095678411062,0.9498205469779667,0.708736448574515,0.9580731415832207,0.7236236402508333,0.9706504763980852,0.7640354761511358,0.994310340747342,0.7359992122259847,0.9729850240303274,0.7308770411079683,0.9865423363447088,0.7267410501473955,0.9813953744572064,0.7348737032018189,0.9844733340977251,0.7459225670152472,0.984160635606851,0.7223644800524018,0.9764396859126331,0.7495235823945117,0.9831560783726514,0.7161914240044619,0.9912345925709969,0.7520746815502992,0.9981943392606875,0.7335306180936327,0.9862409127354483,0.714985064457182,0.9942890706315737,0.7326455266445072,0.9986311311544123,0.7422923097960477,0.9963130428305357,0.70252558872443,0.9984586655075918,0.6960079710352121,0.9936952892053387,0.73261109781783,0.9979020590130224,0.7106501124448216,0.9964159937910949,0.7133792121480043,0.9977299094670377,0.7325360126522111,0.9995544627342626,0.7063781093552938,0.999027194754951,0.7020405301298831,0.9993684434617441,0.7009816680151436,0.9967876350488915,0.7371150699911453,1.0,0.7560571284963242,0.9965220204873799,0.728919665556275,0.9939886460068231,0.7355172564677468,0.9848081402582655,0.7230295028485317,0.998733711366549,0.7326150304734813,0.9992453991614406,0.72702496835976,0.9995124934166398,0.7312840183624213,0.9994928735544542,0.7305234700228872,0.9942094216534211,0.7524288772923041,0.9973824581146212,0.7354813123295729,0.9934048814219821,0.7297695237171754,0.9947522523886533,0.7064399394047239,0.9940170743346599,0.7129840745835134,0.992826364290356,0.7191453507297136,0.9936480236970923,0.6951976486807284,0.9958766244395874,0.7248703865050244,0.9900583203664236,0.7262275799483575,0.9967073720604874,0.7362584824804107,0.9900804706302949,0.7198136598167569,0.997390329129163,0.7219277744408819,0.993058440060269,0.751463843243645,0.99741179818516
VS1_T26_0219_003442_20260325_165446_HG_lev1_V2_1.fits,0.9877306896713154,0.7262421390241083,0.9966240225991171,0.7360456085970681,0.9916293181957117,0.709520591831567,0.9949188850454684,0.7095475079395571,0.9966740596563,0.7061515681543652,0.9977211919647115,0.700086270946935,0.9955944987257481,0.6580995458361423,0.9951345155391514,0.6806119546657203,0.9937768574949681,0.6692415083083414,0.9953136240003727,0.6802418639087228,0.9964083442566944,0.6729782471255333,0.9949114246491468,0.6709720369778097,0.9980253190475491,0.6737383664042917,0.9953193051793209,0.6973182636173667,0.9989365268920265,0.7301059844865116,0.997511893638002,0.6838270916445442,0.9959700634327421,0.7020433757004547,0.9978064464566756,0.7295944407202659,0.9990146558483548,0.7190750141150746,0.9940230462105709,0.7248982278601854,0.9933951131138324,0.7067155724568907,0.9983991163798593,0.7221770041642295,0.9963311740116477,0.7144472073454184,0.9964662760230784,0.7174268723791938,0.9988607844956412,0.7396116347361796,0.9956229669174557,0.7406208036622217,0.9951252089263078,0.7443777756580354,0.9948070852893242,0.7533775848078771,0.999256060959109,0.7560571284963242,0.9999999999999998,0.7644837809240794,0.9986959673349921,0.7961213436000193,0.9990427152085729,0.7640961192433583,0.9980520224687687,0.7458345047062389,0.9989086760366378,0.7513491102895583,0.9983026370394127,0.7443551045605624,0.9986663130596461,0.7385463129404624,0.9983355068861247,0.7135828554897644,0.9997218768072621,0.7221059870350262,0.9985817979587202,0.7016713514461691,0.9979381070144192,0.7058451203936059,0.9947766572589749,0.7032409507385943,0.9956210632295865,0.715893836595536,0.9963611586919388,0.7060495240236916,0.9924545951939892,0.7197972286464873,0.9970683691514808,0.6954102882576544,0.9966713989246371,0.7103136246926297,0.9982922335906743,0.6864361326215362,0.9967397243854018,0.7228893404430464,0.9972470512073339,0.7057574418365138,0.9992251453839145,0.7181473174653172
VS1_T26_0219_003442_20260325_165446_LG_lev1_V2_1.fits,0.6786878350723248,0.9576122598920644,0.726325086613219,0.9745264781838127,0.6964036657713937,0.948532688964231,0.7144502748728342,0.9563128270379453,0.7291285460063397,0.9682077525128082,0.7751305823688505,0.9903330338892742,0.7472159321545929,0.9740293090358405,0.7423477252041781,0.9843975177788001,0.7385322884488975,0.9827806911902898,0.7462175203599861,0.983605520940265,0.7576138391422264,0.9838430591592484,0.7338656842413936,0.9770765631014934,0.7606256422997587,0.9817710307050166,0.7274930159940964,0.9886390501725909,0.7629082669087742,0.9965106639991459,0.7446617333279296,0.9856704259060622,0.7257242886459211,0.9861901987974873,0.7435746173085902,0.9945041625131191,0.7527317640083132,0.9903574975515914,0.7130476378202165,0.9952401041882555,0.7064651994696283,0.9858308661739906,0.7433122973903002,0.9962370578046341,0.7205246420450203,0.988989829263117,0.7236137450535323,0.9956056869224806,0.7421310287581592,0.9944128585565873,0.716604070074997,0.9966704030072481,0.711439985956406,0.9959333971309318,0.7106787629731643,0.9991086945461604,0.7463046678057975,0.9965220204873799,0.7644837809240794,0.9999999999999997,0.7370625368601459,0.9985841623031373,0.7424993629585723,0.993899118961122,0.7314543621143978,0.9981774081179741,0.742179467000518,0.9987834789810547,0.7370491514005656,0.9974403835815389,0.7412676432396739,0.9965590231630788,0.7407529260973432,0.9889094844293159,0.7622390253677013,0.9892011347078767,0.7458248937854066,0.985613505307181,0.7406330900449323,0.9870854107036455,0.7172268666671783,0.9857902230285533,0.7236008466100806,0.9833491774118676,0.730106054548922,0.9835391090923095,0.7058279526872574,0.9878295556502903,0.735599003982999,0.9792184431683217,0.7368956735569758,0.9901033520046004,0.7470004965192528,0.9792466961997703,0.7303276016346825,0.9895302566382908,0.7325418095705672,0.9836059847943072,0.7620345306484008,0.9912900336209979
VS1_T26_0219_003442_20260325_165535_HG_lev1_V2_1.fits,0.9941599376368984,0.7081607469309905,0.9990355679200585,0.7155675943638389,0.9966147775081292,0.6921340458098696,0.9983869923469418,0.6909014429762905,0.9989058173022637,0.6851213557951669,0.9954365172752119,0.6722714906970176,0.9959467898776977,0.6324262854277918,0.9959290424138791,0.6538893064918276,0.9948917668518437,0.64207981925977,0.995764012854978,0.6538393470786027,0.9957918302698205,0.6459523207677572,0.9964754029405248,0.6455878721326846,0.9971625327040048,0.647382865045285,0.9974720956152607,0.6705986006832757,0.9978531600007914,0.7020256909080279,0.9981430427830357,0.6572007311260281,0.9983155348057573,0.674911002441662,0.9985369480564226,0.7012653680008727,0.9989194518907668,0.6924351098448712,0.9974793986171314,0.696878555560105,0.9974256439585263,0.6803111477921097,0.9991500644702521,0.6940731790506297,0.9991441376767035,0.6873894500541395,0.9990075010828698,0.6890615363721869,0.9997709810726814,0.7119847734674014,0.9987753141784251,0.7135277070061634,0.9987354363654818,0.7175670711865677,0.9984911190456487,0.7245091981594134,0.9997521126657593,0.728919665556275,0.9986959673349921,0.7370625368601459,1.0000000000000002,0.7700041279038615,0.9998307030563477,0.7390260547275807,0.9998594768092857,0.7186373064862273,0.9998016610171158,0.7235687484122308,0.9996404392447361,0.7168372764257569,0.9996203612887319,0.710777015066228,0.9993431095700975,0.6874024506487018,0.998722710547466,0.6946039965747762,0.9991300703737717,0.6748894460811474,0.9989348403246502,0.678831104951567,0.9978571728673624,0.6763387981692291,0.998164725808988,0.6902655635856473,0.9983160068452193,0.6791856251754181,0.9965197258713191,0.693210712392887,0.9985466931746533,0.6693056138756162,0.9980294252707387,0.6823469181298996,0.9987551420536883,0.6595979193423257,0.9987000219803471,0.6952931515085707,0.9990001751682424,0.6793876198495545,0.9982628101207618,0.6907180123676897
VS1_T26_0219_003442_20260325_165535_LG_lev1_V2_1.fits,0.7137748506727524,0.9527648888141154,0.7596316295694191,0.9700044044984454,0.730903517507707,0.942475190790303,0.7482914269406287,0.9499978485211761,0.7623717342691938,0.9612891713041557,0.8064536599176927,0.9832878777729936,0.7798897963336915,0.9639429770326401,0.7752550447494798,0.975773965634343,0.7716025914317982,0.9736443675723143,0.7789470300295885,0.9750520534797764,0.7898306872515755,0.9747971749465747,0.767156132024045,0.9677808320441514,0.7926946674612514,0.9725412059077525,0.761064620104358,0.9811493761922405,0.7948459351221256,0.9920648657240305,0.7774873768157938,0.9772017446327116,0.7593613321429568,0.9790897839693833,0.7764371879499467,0.9900939458111261,0.7851509337575154,0.9845106182997272,0.7471943583454278,0.9902521509286171,0.7408719126926728,0.9788671042521078,0.776166057815354,0.9910561194531721,0.7543226730989824,0.9827828560394845,0.7573100389403936,0.990005669491923,0.774990896511703,0.9905614252637324,0.7505831343364603,0.9926995321174128,0.7455777896159361,0.9922035911454953,0.7448752019035132,0.9971503751435741,0.7789130903548634,0.9939886460068231,0.7961213436000193,0.9985841623031373,0.7700041279038615,0.9999999999999999,0.7751058741463263,0.9923872914190411,0.7646705909401169,0.9946774937837352,0.7750228688342736,0.9960675390523508,0.7701455014294875,0.9939766409784251,0.7741742067500177,0.9926577399545632,0.7737082525334978,0.982437628550171,0.7941492185238694,0.9839102656398956,0.7785622502940026,0.9783031593643732,0.7736205245959092,0.980213842238088,0.751211891127776,0.9787155548320042,0.7573266366953297,0.9772145425264621,0.7635690607097942,0.9768238742975964,0.7402587995088309,0.9821759641956614,0.7688202835975128,0.9715296066554447,0.7700539595585656,0.983946960849119,0.779724474215608,0.9708935114910469,0.7637700052565141,0.9843474254153992,0.7658867306734278,0.9766509110583216,0.7940209946673572,0.9855494920404587
VS1_T26_0219_003442_20260325_165624_HG_lev1_V2_1.fits,0.9935159280574352,0.7111797090578688,0.9991551054769532,0.7196425714122093,0.9962219873447591,0.6955619846978804,0.9982492796715148,0.6947312251590257,0.9990587902014884,0.689681207037661,0.995675969984989,0.6789434280332606,0.9956679825238646,0.6373574881948556,0.9955068257846932,0.6598026133790373,0.9943710369913649,0.6474148803307085,0.9954445514784332,0.6594372536386449,0.9956116265410397,0.6515419825540986,0.9958585985939313,0.6505645784899002,0.9970817678749171,0.6529620936501696,0.9967136435456255,0.6766340372048399,0.9978151394199218,0.7084946338110837,0.997718434174231,0.6627242260823718,0.9975756367091946,0.6821223132813278,0.9981083433861482,0.7082759713439359,0.9987129888687494,0.6992010360349235,0.9965493646542303,0.7035428297696622,0.9963427946192734,0.6872811771024386,0.998709321628965,0.7003975363491406,0.9983784501613129,0.6944545098983276,0.9982619847266019,0.695484557967641,0.9994386413775852,0.7189512323106507,0.9978743138816837,0.7198226024710489,0.9978640759673882,0.7239927578908985,0.9975698718582172,0.7304906884648966,0.9995352702780212,0.7355172564677468,0.9990427152085729,0.7424993629585723,0.9998307030563477,0.7751058741463263,1.0,0.7426853540783594,0.9995714240173718,0.7246251756727309,0.9994640570907554,0.729746889709508,0.9991573327778986,0.7232296331763055,0.9992332286605161,0.7173678930227567,0.9989330228494203,0.6938727758378525,0.9987864465262845,0.7020407897162554,0.9988098364865724,0.6819376539073541,0.9984309754034556,0.6859435581320698,0.9969482178869191,0.6835171212227243,0.9974108767846313,0.6974660202232026,0.9976237698269147,0.6867581733360997,0.9954552410459337,0.7004051170114864,0.997997925502565,0.676745785861298,0.9975536303514844,0.689583517703619,0.9983968441253255,0.6671423798769793,0.998072470388155,0.7027402491565484,0.9983737282146498,0.6866690592136067,0.9982202649104981,0.6977192499598803
VS1_T26_0219_003442_20260325_165624_LG_lev1_V2_1.fits,0.682070210418523,0.9742494989596633,0.7262594635794457,0.9834528305135289,0.6986406375739042,0.9639894965720984,0.715555647769412,0.9690965887293823,0.728804272705405,0.9761556138350298,0.7751228273258667,0.9818769567646595,0.7494499310557512,0.9797860307633016,0.7452926089359735,0.9825151899259211,0.7418845614037813,0.9843818114649161,0.7486327612364597,0.9836338147466299,0.7595164818405905,0.9840108683617315,0.7378081439046345,0.9821750131231268,0.7621565561260615,0.9827429542554311,0.7322225523465926,0.9851595775020022,0.7643604004067333,0.9866767223747493,0.7478605184266939,0.986197411432339,0.7303860830969702,0.9750109363068528,0.746824793459287,0.9811730977379783,0.7549716905361549,0.9810734317270693,0.7185272873858984,0.9848223877063607,0.7127430929569782,0.9765824041550895,0.7467220306090107,0.987977594511884,0.7253893848755026,0.9780304030983039,0.7283711617111621,0.9870654427295981,0.7449611100953084,0.9813910609048135,0.7221416026152013,0.9882634246050048,0.7167609242696189,0.9866926509350564,0.7162188848632048,0.989217081067009,0.7486538367395453,0.9848081402582655,0.7640961192433583,0.993899118961122,0.7390260547275807,0.9923872914190411,0.7426853540783594,1.0000000000000002,0.7339383838916753,0.9911630179584053,0.7450713817108054,0.9893212338444524,0.7406409095388135,0.9876034306394906,0.7443933644482369,0.9857545113357888,0.7439358504369958,0.9824130168084585,0.7632182584972517,0.9746786668829085,0.7485671543967849,0.9759956728091842,0.7443091400906495,0.9764421433451399,0.7226939603067586,0.9749731182087545,0.7282804821469258,0.9722104521100234,0.7345644602229034,0.9699062737347408,0.7119006371335297,0.9756601954073681,0.7393477113433684,0.9677331747634939,0.7401934903938615,0.9772613781038577,0.7499017868393241,0.9673554939940432,0.7344447320142026,0.9747788230488252,0.7367434053228468,0.9723984547795889,0.7635010201003506,0.9799559853392472
VS1_T26_0219_003442_20260325_165713_HG_lev1_V2_1.fits,0.9950047938312888,0.704787645257471,0.9990535187092126,0.7116377626557514,0.997294172989125,0.6889738367755818,0.998776100580161,0.6874568227158759,0.9989641636204553,0.6812132591759785,0.9954077446227925,0.6669095581641372,0.9967538477982941,0.6279388314113288,0.9968383866153706,0.6489184385469082,0.9960056105500726,0.6372684453182538,0.9966146677621248,0.649033108657618,0.9963340524537133,0.6409268916196228,0.9974575168756027,0.6410684634913714,0.9973753638675565,0.6423717844019756,0.9983654525556094,0.665386304527984,0.997794115456625,0.6965092632785254,0.9986038356861716,0.6520371139507649,0.9990482363639556,0.6692413079737455,0.9989299948019875,0.6955811006615538,0.9989340800575298,0.6869544127508167,0.9984763965299263,0.6911576885540118,0.9983851565089124,0.6747635801394631,0.9993421256862833,0.6882249344008516,0.9996031851932717,0.6814902309045555,0.9995354424652636,0.6830391943289756,0.9997008659586432,0.7060242092399979,0.9993373192119644,0.7078914515822187,0.9992592278213407,0.71185733374561,0.9991273789550709,0.7184459508381754,0.999388758555832,0.7230295028485317,0.9980520224687687,0.7314543621143978,0.9998594768092857,0.7646705909401169,0.9995714240173718,0.7339383838916753,0.9999999999999997,0.712950809273044,0.9996705840195916,0.7176965467959985,0.9997625531252814,0.7111002109643001,0.9996813075301489,0.7049532556095536,0.9995591807270958,0.6820780760759518,0.9983597044968149,0.6886812984735406,0.9993017177508225,0.669341362465325,0.9992641484491878,0.67319656774179,0.9987440667826263,0.6707205053839308,0.9989573454223343,0.6850286017034446,0.9989942048983735,0.6735248448406557,0.997721373240946,0.6877287061557356,0.9991024671985321,0.6638203886833366,0.9986964420587773,0.6766041837713728,0.9989969382973527,0.6538168946771286,0.9992902064969797,0.6895114742584275,0.999454493708657,0.673822392621379,0.9981101877992435,0.6849884884636901
VS1_T26_0219_003442_20260325_165713_LG_lev1_V2_1.fits,0.6621156175347858,0.9646656834793625,0.7092121965074173,0.9808627058251841,0.6795041440014455,0.9583299794516378,0.6972505373753685,0.9658534973767567,0.7119182683710363,0.9772637193095399,0.7552300008094258,0.9961577582642017,0.7273998488457338,0.9814226472493681,0.7224298671983627,0.9913688309687316,0.7184926340226541,0.9883763060536255,0.7263409593896484,0.9901465374517716,0.7375142428042907,0.9901488828143384,0.7139637527140695,0.9842191252489408,0.7407611319701731,0.9891176035118354,0.7076897810962359,0.9948916699699396,0.7431398765810558,0.999048903788397,0.724839759482132,0.9918936527116237,0.706166751710429,0.9941425177959852,0.7238464207252802,0.9978645329958075,0.733167094171316,0.9967231654826272,0.6936607665822803,0.9988722374741202,0.6871169505771597,0.9940649461375753,0.72366953277101,0.9992675951165865,0.7013584572194368,0.9959528631014428,0.704275762750475,0.9990137322565121,0.7229657660277686,0.9981145190941899,0.6972891484560131,0.9997018208078933,0.6925310468361917,0.9993696619763681,0.6916395265715635,0.9972564937274323,0.727294032388054,0.998733711366549,0.7458345047062389,0.9981774081179741,0.7186373064862273,0.9946774937837352,0.7246251756727309,0.9911630179584053,0.712950809273044,1.0,0.7230238768722855,0.9994788867947809,0.717729181003034,0.9996366507613608,0.7219527828676929,0.9993088113173634,0.7213400115076157,0.9958497650394035,0.7429180606445795,0.9954233734774048,0.726339134469815,0.9938945728633701,0.7209342791714662,0.9947720727654483,0.6976909743303737,0.9939351091726898,0.7041110783554811,0.9920402902972874,0.7104225526589343,0.9921639654139637,0.6864374949232049,0.9949089005423345,0.715995145604722,0.9894032001166034,0.7173342282216957,0.9961248532095327,0.7273142250423961,0.9895030537116457,0.7108405939485448,0.9955119807042292,0.7129859474854536,0.9924947531372118,0.7423641977602262,0.997120925329189
VS1_T26_0219_003442_20260325_165802_HG_lev1_V2_1.fits,0.9927096203055614,0.7125718443768594,0.9982449789534503,0.7197953779055405,0.99547974380846,0.6959566159246011,0.9975493945795397,0.6947492574312786,0.9982287397697573,0.6890496585394768,0.9965558529173643,0.6764526289745677,0.9967964342856502,0.6377994190730759,0.996769718924375,0.6585506981807782,0.9957980082916558,0.6476024614245904,0.9966409946793768,0.6587803755542366,0.9968563936355327,0.6510750022340225,0.9971790515820557,0.6507473955950149,0.998066450475567,0.6521668756677872,0.9979899721607782,0.6750039270069222,0.9986681359291534,0.7064609840442236,0.9988200017507313,0.6620879660234534,0.9986523810803326,0.6780991324886085,0.999131784463385,0.7051868002592468,0.9994939838492127,0.6959334159676401,0.9976327872383836,0.70100559517422,0.997454444166271,0.6834223094604469,0.9996424854501702,0.698552176269542,0.9991580864408586,0.6905698859357916,0.9991582628028831,0.6934481783372352,0.9999892988578992,0.7155028072887852,0.9988219586755566,0.7176081855320131,0.9985311017140304,0.7213613497516949,0.9983615041775211,0.7295350168767091,0.9999013130078146,0.7326150304734813,0.9989086760366378,0.742179467000518,0.9998016610171158,0.7750228688342736,0.9994640570907554,0.7450713817108054,0.9996705840195916,0.7230238768722855,1.0,0.7279921767836387,0.9998815577193387,0.7209860382652525,0.999909839027286,0.7148090144114749,0.9997081308091504,0.6910072671764668,0.9992584723313902,0.6976310754338212,0.9995987529375316,0.6780712476462931,0.999446751608978,0.6820552911668963,0.9980980429207381,0.6794617812445196,0.9984615612677322,0.6929800265594931,0.9987597892849982,0.6818922092656522,0.996632013761251,0.6962829524694407,0.9990117513597003,0.6718875221730105,0.9985368648040954,0.6858841170529816,0.9993563664518402,0.6622517405498418,0.9990418615998193,0.6984011205098413,0.9993628814362596,0.6821747344484684,0.9990020280672128,0.6942280097627729
VS1_T26_0219_003442_20260325_165802_LG_lev1_V2_1.fits,0.6661408683267125,0.9565899927041833,0.7141935296084521,0.9748501790582084,0.6838281435248489,0.9494667988973791,0.7019245251759201,0.9577042222009708,0.7169739033650998,0.9703672640382394,0.7607353008064678,0.99427188506041,0.7322257074223394,0.9755502256571528,0.7271303345923864,0.9875052167201975,0.723084443291644,0.9841477639825729,0.7311421306337124,0.9859778953022604,0.7425551047934577,0.9860997498885037,0.7184733307875507,0.9786083658261024,0.7459327607363713,0.9845234476888559,0.7120882030429472,0.9917600382687374,0.7484031238822654,0.9987528592567059,0.7296500443502195,0.9878682453506202,0.7105921838698757,0.9922863706207083,0.7286517255797531,0.9981053372387382,0.7382471853186775,0.994973037672801,0.6978254928890619,0.9984144377119898,0.6911726403410066,0.9916463381482141,0.7285098431371947,0.9986319018262062,0.7057818665047617,0.9945339969331616,0.7087225954349555,0.9983553618780298,0.7279230568952387,0.9983598782393256,0.7016037198493207,0.9990321951194686,0.6968126674158628,0.9987990965020591,0.6958730068327459,0.9988467268289862,0.7324084312313357,0.9992453991614406,0.7513491102895583,0.9987834789810547,0.7235687484122308,0.9960675390523508,0.729746889709508,0.9893212338444524,0.7176965467959985,0.9994788867947809,0.7279921767836387,0.9999999999999998,0.7225097355812015,0.9996263463293411,0.7268251069183118,0.9993366778326009,0.7261625925634556,0.9931958741823336,0.7482876614239823,0.9950645488345234,0.7312636923257945,0.9915000532426478,0.7256925690724748,0.992873019353822,0.7019268196640521,0.9919095317549302,0.708500603342865,0.9897935328992759,0.7149283710706307,0.990621062209111,0.6904335889381197,0.9935550889714385,0.7206437875247739,0.9867776495198656,0.7219997716400295,0.995342033950937,0.7322436215449687,0.9870289911813006,0.7153974998561019,0.9952032959022871,0.717595258637291,0.990287604836749,0.7476575876871941,0.9960956874789565
VS1_T26_0219_003442_20260325_165851_HG_lev1_V2_1.fits,0.9933033012714881,0.7095123172105706,0.9981102853835415,0.7161290254464673,0.9959321312616994,0.6929810696315509,0.9977507809372698,0.6914962166085373,0.9981191928965606,0.6853489449804784,0.9965220795349279,0.6713285742674263,0.9974978007229082,0.633674471734692,0.9975717790407882,0.65385982335837,0.9967823891855062,0.6431640267996035,0.9973822387077885,0.6542719479710223,0.9973398221992795,0.6463972965721454,0.9980584696105688,0.6465826205358571,0.9982565205679219,0.6474936124194106,0.9988025236177691,0.6700853989386701,0.9986242713093267,0.7012464658884433,0.9992425113060989,0.6573009853590428,0.9993154276577779,0.6725902384761588,0.9994947542501113,0.6997394456822575,0.9995123141813637,0.6906532616414045,0.9985239883130748,0.695573980691377,0.998321826589611,0.6780495737262331,0.9998339075306185,0.693064715997753,0.9995740714108535,0.684887178678302,0.9996389829457114,0.6878058639311823,0.9999216500757352,0.7098004636423998,0.9993404006449343,0.7122946311576126,0.9989957974607249,0.7159504493113837,0.9989296546407372,0.7239540580477226,0.9995711511130596,0.72702496835976,0.9983026370394127,0.7370491514005656,0.9996404392447361,0.7701455014294875,0.9991573327778986,0.7406409095388135,0.9997625531252814,0.717729181003034,0.9998815577193387,0.7225097355812015,1.0,0.715576382561089,0.9999701739175683,0.709294596448568,0.9999053344897186,0.6859125280532575,0.998928126034678,0.6918705809403428,0.9997543998780567,0.6727005546888905,0.9997606636539617,0.6765963472809452,0.9989033424659305,0.6740001930286158,0.9991715176439012,0.687805421555018,0.9993784208104393,0.6763197990095607,0.9977055175696028,0.6909187713953824,0.9995118579578255,0.6664665897648645,0.9991231068199479,0.6803269066011842,0.9995777560828621,0.6565805930265591,0.9995707597045372,0.692768570388192,0.9997812333871788,0.6767282170637062,0.9988696281687022,0.6887126062716813
VS1_T26_0219_003442_20260325_165851_LG_lev1_V2_1.fits,0.6606379949674741,0.9598688371022659,0.7081763989169181,0.9777134465846212,0.6781842652310431,0.9540916596155442,0.696061606953565,0.962123229403794,0.7109911999161586,0.9744309136102565,0.7537951361556391,0.9965019973715168,0.72575184371356,0.9787435498804101,0.7206459226570476,0.9903641369628342,0.7166859683971926,0.986498283277019,0.724671377318484,0.9887417273022101,0.7358271862617938,0.9886166963230776,0.7119657877979582,0.9816569495792999,0.7390603649555282,0.9874191128059256,0.705481375031031,0.9941410634278666,0.7413634497603714,0.9994858883558346,0.7228411587585587,0.9901830652695329,0.7039499773590722,0.9951979133427148,0.7218156533120356,0.9991351288046035,0.7312656226348362,0.9972892201026964,0.6913684163298864,0.9994691772989789,0.6846414343414727,0.9946749195621954,0.7215392513421415,0.9993058944560885,0.6990448556363926,0.996821720178903,0.7019906999724281,0.9990576475481745,0.7209639841242491,0.9992690099725177,0.6948462492874782,0.9997855834325943,0.6901707167682994,0.9996708852981819,0.6892576220646364,0.9972867320234249,0.7253204260370465,0.9995124934166398,0.7443551045605624,0.9974403835815389,0.7168372764257569,0.9939766409784251,0.7232296331763055,0.9876034306394906,0.7111002109643001,0.9996366507613608,0.7209860382652525,0.9996263463293411,0.715576382561089,0.9999999999999998,0.7198835971220741,0.9999171143931618,0.7192998897431012,0.9957769249207251,0.7412029024631003,0.9971201087692009,0.7243815323001427,0.9945662484120337,0.7187850685850402,0.9956687911689451,0.6953414828915526,0.9949157231597782,0.7019239874993886,0.993275987878475,0.7082241654832345,0.9938565301785163,0.684081096848852,0.9962412390797089,0.7139306864069953,0.9907407430351229,0.7154168173484792,0.9974594323788007,0.7253464501153045,0.9908277772983446,0.7087179087975015,0.997269057243677,0.7107871751930821,0.9936233598310092,0.7405858155673123,0.9980699482364906
VS1_T26_0219_003442_20260325_165940_HG_lev1_V2_1.fits,0.9925856128961763,0.7123349252727483,0.9979791219526998,0.7193571513685874,0.9954341762956714,0.6957589701436951,0.9974735383394177,0.6944698430624621,0.9980248274672561,0.68869344528313,0.9970781395311874,0.6757305510759644,0.9976943984596651,0.6376715277766389,0.9976992778807637,0.6580651137967105,0.996872942459243,0.6473923270515825,0.9975653719704118,0.6584180849393929,0.997663985790768,0.6506127402396832,0.9980603138161109,0.6505392888279892,0.9985958068017885,0.6516071947541877,0.9986958258525713,0.6742817752137507,0.9989745357094147,0.7056602798786829,0.9993522514963766,0.6614370239391785,0.9991683346592813,0.6769161212191619,0.9995829376989357,0.7042247922947015,0.999709306627283,0.6948851522246111,0.9982201645545284,0.6999791643325055,0.9979164775319355,0.6822543317871065,0.9998995251886821,0.6974416331917717,0.9993316037153387,0.6891695138982323,0.9994443022998322,0.6922115596013245,0.9999536167852626,0.7141566048969495,0.999044869663357,0.7165371805494707,0.9986330160031921,0.720158718721547,0.9985617071916685,0.7283938688581297,0.999648434183374,0.7312840183624213,0.9986663130596461,0.7412676432396739,0.9996203612887319,0.7741742067500177,0.9992332286605161,0.7443933644482369,0.9996813075301489,0.7219527828676929,0.999909839027286,0.7268251069183118,0.9999701739175683,0.7198835971220741,1.0,0.7136491490826142,0.999939088252513,0.6900579748450605,0.9992493092758244,0.6962541026237421,0.9998603143921349,0.6769650161774815,0.9997967203000192,0.6808973404621842,0.9986460391839382,0.6782925927535408,0.9989999998626309,0.6919504001814333,0.9992884016119847,0.6806413828076565,0.997318236429765,0.6951850818973525,0.9994947497663099,0.6706788116815884,0.999140792864653,0.6847746371131526,0.9997005967485129,0.6608807612650337,0.999478856708615,0.6971778698111015,0.9997071966084738,0.6809561785421085,0.9991951511539476,0.6930602961864545
VS1_T26_0219_003442_20260325_165940_LG_lev1_V2_1.fits,0.6545003344175315,0.9583294546327192,0.7023763858390137,0.976658278626562,0.6721301247711878,0.9529802994410238,0.6901130267828802,0.9612097056271921,0.7052111017734622,0.9738760274122522,0.7478253215700084,0.9969273048539643,0.7194913268507985,0.9785320788765899,0.7143061671807766,0.9905512957797654,0.7102860696194584,0.9863653442121114,0.7183891276876175,0.9887484088375581,0.7296115174584898,0.988657307353458,0.7055278632620551,0.9813893515173693,0.7329230247814991,0.9874935542506231,0.6989864479986512,0.9942861505699934,0.7352669298752926,0.9995031165796909,0.7165275587719974,0.9901320987949951,0.697492758019465,0.996031899408262,0.7155086499987771,0.9994803513596302,0.7251017256707086,0.997718816333375,0.684824099934272,0.9996916529773673,0.6780375439944878,0.995360166104187,0.7152450290093197,0.999364515240038,0.6926246558936163,0.9974894998923254,0.6955608796748601,0.9992140086674529,0.7147846880283403,0.9995957925113499,0.6883492297037194,0.999703496143855,0.6837231245302767,0.9996691134246107,0.6827711894661626,0.9967661846403414,0.7192284179986519,0.9994928735544542,0.7385463129404624,0.9965590231630788,0.710777015066228,0.9926577399545632,0.7173678930227567,0.9857545113357888,0.7049532556095536,0.9993088113173634,0.7148090144114749,0.9993366778326009,0.709294596448568,0.9999171143931618,0.7136491490826142,1.0,0.713036624730558,0.996087726192121,0.7352096863479894,0.9979034241463621,0.7181587219893176,0.9953070164090235,0.7124489279962124,0.9964098575685478,0.6887993921182816,0.9957286083111467,0.6954639611846469,0.9940435104494284,0.7017838219084401,0.9948868003264447,0.6774657286935182,0.9969277255793227,0.7075708610502858,0.9918311785247861,0.7090873533671876,0.9981727867745338,0.7190948573372509,0.9920357376495678,0.7023292540671635,0.9980198187317527,0.7044016447993982,0.9945087449886141,0.7345077918819982,0.9986128561522685
VS1_T26_0219_003442_20260325_170029_HG_lev1_V2_1.fits,0.9924612602836653,0.7123570134669642,0.997736151090752,0.719289844406965,0.9953726466905193,0.6958857497587893,0.9973865107729779,0.69453953070305,0.9978590544683622,0.6887034428381879,0.9974139548896563,0.6755079591236448,0.9983526981925404,0.6378473416453907,0.9983782064890094,0.6580137894376716,0.9976810954728867,0.647525181436955,0.9982495608948236,0.6584645937706826,0.9982383571329594,0.6505620044261335,0.9986826497879994,0.65064003286677,0.9989269092798218,0.6514552805768086,0.9991534114578133,0.6740242066176265,0.9991050186189663,0.7053407899457481,0.9996713762832455,0.6611928211437289,0.9994672824998406,0.676357241473858,0.9998286961830191,0.7038102430224447,0.999762923572716,0.6944031174055411,0.9985830174189516,0.6994914694028485,0.9981664245342733,0.6816724942791424,0.9999719216157328,0.6968666331711284,0.9993365370140578,0.6884017030142681,0.9995444508925465,0.6915192729864573,0.9998017362581859,0.7134157871791955,0.9990864376178877,0.7159684162432793,0.9985824490194373,0.7194957768964104,0.9985949620417289,0.7277196327409963,0.9993124129530628,0.7305234700228872,0.9983355068861247,0.7407529260973432,0.9993431095700975,0.7737082525334978,0.9989330228494203,0.7439358504369958,0.9995591807270958,0.7213400115076157,0.9997081308091504,0.7261625925634556,0.9999053344897186,0.7192998897431012,0.999939088252513,0.713036624730558,1.0,0.6896144746475589,0.9991207933068599,0.6955463846840648,0.9999520396638458,0.6764280461957449,0.9999486361448449,0.6803385556546361,0.9989660330977091,0.6777365800036563,0.9993239724789792,0.6915381562575937,0.9995982708037366,0.680059282273212,0.9977653120395031,0.6947146066217822,0.9997745472490447,0.670137274142541,0.9995339685511361,0.6842819734144403,0.9998702211900276,0.6601920415778881,0.9997192776962076,0.6965926306433826,0.9998606830976808,0.6803663162745053,0.9992389721229911,0.6924888951288046
VS1_T26_0219_003442_20260325_170029_LG_lev1_V2_1.fits,0.6348208165781302,0.9738516430859444,0.6799875546773124,0.987579604340238,0.6515779693760866,0.9718659725599654,0.6685266438561211,0.9784056148138524,0.6827363005097191,0.9880810144081831,0.7227850886961312,0.9989020086844309,0.6964092121104893,0.9896508282426257,0.6914694360408359,0.9972821842409878,0.6877687608690508,0.9931517270645739,0.6953673814788608,0.9959651342661597,0.7057651009311244,0.9953642247028713,0.6830666790104365,0.9917599606120827,0.7086733088452496,0.9957397141969206,0.6766678774638052,0.9989438342127114,0.710652797824687,0.9963543134858557,0.6931211406794834,0.9964953847927925,0.6751287185598224,0.9989357915409088,0.6920925972767468,0.9956881464659394,0.7009865386538008,0.9995623373613706,0.6632479162257366,0.9973560114260416,0.6566405578342526,0.9994671427196085,0.6916277282726557,0.9969560050858355,0.6702409752218681,0.9987375298802786,0.6730989013018286,0.9969052819950691,0.6910549092446467,0.9957117423706924,0.6661611036790676,0.9973346731108944,0.6618004951955716,0.9972859853935211,0.660961262835298,0.986997401763435,0.6950602653491236,0.9942094216534211,0.7135828554897644,0.9889094844293159,0.6874024506487018,0.982437628550171,0.6938727758378525,0.9824130168084585,0.6820780760759518,0.9958497650394035,0.6910072671764668,0.9931958741823336,0.6859125280532575,0.9957769249207251,0.6900579748450605,0.996087726192121,0.6896144746475589,0.9999999999999999,0.7104112182621692,0.9967577778703511,0.6944894989889755,0.9993927192370825,0.6890641368689577,0.9992081360502972,0.6669038572805249,0.9990654344647788,0.6732639707570028,0.9983695171162784,0.6791653639395503,0.997593240942808,0.6563645390031225,0.9984997642819988,0.684654407201986,0.9976396097834526,0.6862760317277002,0.9979205053182858,0.6953940667621668,0.9973864696155023,0.6796682435755452,0.9967291116562933,0.6814809748452167,0.9986197499669277,0.7098415635146561,0.9986243453204116
VS1_T26_0219_003442_20260325_170118_HG_lev1_V2_1.fits,0.988046126328869,0.7260834134800228,0.996458332491882,0.7351051955684649,0.9919458677430597,0.709137200593785,0.9951148663607118,0.7088389851607677,0.9966494176987799,0.7048999680585094,0.998680877981452,0.6972620114781493,0.9972622263712332,0.6571689278555832,0.9969163467659932,0.6786174816390336,0.9958223948902237,0.6680601257070174,0.9970548376900406,0.6786603718949212,0.9979494774600836,0.6713049303674619,0.9966917597550234,0.6698487801183854,0.9991213831613305,0.671820979900029,0.9969040208773187,0.6948956487784466,0.9996975243821259,0.7273389382275484,0.9987425687040927,0.6818400806724783,0.9972823936708622,0.6981930513609151,0.9989134715361744,0.7262406579103865,0.9997191388153062,0.7156784339013993,0.9955003046743751,0.7217128827518664,0.9947810747223703,0.7029361838635999,0.9992437362170642,0.7191815698830029,0.9971729060943172,0.710390799072597,0.9974600114678466,0.7141680923389334,0.999283508902179,0.735742197991928,0.9966073655849834,0.7375197038230668,0.9959080434040728,0.7410046957148666,0.9957569288443828,0.7505628886513495,0.9993355668399543,0.7524288772923041,0.9997218768072621,0.7622390253677013,0.998722710547466,0.7941492185238694,0.9987864465262845,0.7632182584972517,0.9983597044968149,0.7429180606445795,0.9992584723313902,0.7482876614239823,0.998928126034678,0.7412029024631003,0.9992493092758244,0.7352096863479894,0.9991207933068599,0.7104112182621692,0.9999999999999999,0.7178876402727118,0.9993826761218068,0.6979082205917639,0.9989376491730154,0.7020488567486769,0.9961962641755728,0.6993888106602733,0.9969717904589686,0.7121406559374336,0.9976863761893847,0.7018324622278369,0.9941231558047429,0.7160715054377047,0.9982731677892835,0.6913020694711256,0.9980031421349286,0.7066409077686615,0.9992688396645709,0.6820655049311872,0.997909704566114,0.7188419972758876,0.9982963368280987,0.7017073770946357,0.9998629230683539,0.714489594135439
VS1_T26_0219_003442_20260325_170118_LG_lev1_V2_1.fits,0.6410803438895799,0.9546767834116292,0.688339501427483,0.9739951528136023,0.6583305730233072,0.9522681632995289,0.6759486861011874,0.9606941475399593,0.6911386456963199,0.9736408143267131,0.7298877070141021,0.9967542681021732,0.7017118992573758,0.9761413605639095,0.6963562011210639,0.9897668946310423,0.6922029248639874,0.983231597270229,0.7005375555794744,0.9871361439324101,0.7114104972134631,0.9866270315039171,0.6875154527836153,0.9790474790714108,0.714974007517701,0.986295196740926,0.6810018567178551,0.9933525834330365,0.717366842401614,0.9968189359883645,0.6985527625652563,0.9880180727858091,0.6798121074896388,0.9987297813968846,0.6976293533903204,0.9984677342426859,0.7074435393823703,0.9986176562800726,0.6673711674211036,0.9981680681764984,0.6605615808509425,0.9979147977437279,0.6974079843608588,0.9966949529226706,0.6753815023359017,0.9992973497509252,0.6781134815897245,0.9968692156766041,0.6976197266486289,0.9990209118760506,0.6708767492147631,0.9973171394603754,0.6668102879035578,0.9979729736336554,0.6656983061283739,0.9901032604766471,0.7022338996422118,0.9973824581146212,0.7221059870350262,0.9892011347078767,0.6946039965747762,0.9839102656398956,0.7020407897162554,0.9746786668829085,0.6886812984735406,0.9954233734774048,0.6976310754338212,0.9950645488345234,0.6918705809403428,0.9971201087692009,0.6962541026237421,0.9979034241463621,0.6955463846840648,0.9967577778703511,0.7178876402727118,1.0,0.7006029656795422,0.9978829191228169,0.6945510406109403,0.9987358827698732,0.6711092634188048,0.9985403184598437,0.6778971730310106,0.9977823331220603,0.6839417197763988,0.9989643079959482,0.6600070917173538,0.9993246395026034,0.6898751096130378,0.9968493147761494,0.6915208079048583,0.9994596003188,0.7013025334022197,0.9970271408002119,0.6847702528204263,0.9999236776876401,0.6867009568357122,0.9982241797782113,0.7167447642768966,0.9994357191823581
VS1_T26_0219_003442_20260325_170206_HG_lev1_V2_1.fits,0.9913876805325976,0.7158851972972589,0.9973618024914824,0.7232490137564299,0.9945834801622874,0.6993348662406687,0.9968681135249954,0.6982023731183241,0.9975519636292032,0.6927798710763606,0.998067931628837,0.680764303208266,0.9986299194389227,0.6428187395834224,0.9985798430951293,0.6631216263802009,0.9978686995523062,0.6527648442965487,0.9985188890905538,0.6635476295540594,0.998664690451817,0.6557240765292439,0.9987200112097616,0.6555317628113561,0.9993159522091748,0.6564527781406044,0.9990241041683781,0.6790629518088943,0.9994651489019069,0.7106125047368264,0.9997785853181316,0.6662079829462396,0.9992512215867031,0.6813881161665813,0.999891958011632,0.7091032169633262,0.9999169794087003,0.6993639182894203,0.9981848424294323,0.7047015931368577,0.9976246957107379,0.6865518651001041,0.999972148692186,0.7020638990378131,0.9989370241101155,0.6933463249873796,0.9992261081575656,0.6967207940099827,0.9997065741238359,0.7184741543639099,0.9986358770342412,0.720972432572886,0.9980198755973381,0.7244213250525674,0.9980468536018741,0.7330111924573144,0.9992327405709484,0.7354813123295729,0.9985817979587202,0.7458248937854066,0.9991300703737717,0.7785622502940026,0.9988098364865724,0.7485671543967849,0.9993017177508225,0.726339134469815,0.9995987529375316,0.7312636923257945,0.9997543998780567,0.7243815323001427,0.9998603143921349,0.7181587219893176,0.9999520396638458,0.6944894989889755,0.9993826761218068,0.7006029656795422,0.9999999999999999,0.6813873316063662,0.9999301551902612,0.6853418598372168,0.9986202553321439,0.682722903880137,0.999081490325799,0.6963446727954927,0.999457896281997,0.6850394633194877,0.9972832352823584,0.6996816277413874,0.9997140491144928,0.6749914655820529,0.999535371572561,0.6894923409990888,0.9999629620399788,0.6651283613260407,0.9995573291292523,0.7017035063886149,0.9997061091470604,0.6852438747997726,0.9995520631534498,0.6975680074862598
VS1_T26_0219_003442_20260325_170206_LG_lev1_V2_1.fits,0.622253817270666,0.9673849661646806,0.6682208306732766,0.9827354651987249,0.6391906444001217,0.966431421645995,0.6563691692836217,0.9735883699037621,0.6709714955427032,0.9843880600076602,0.7102135564576368,0.9985091876022917,0.6831089912250263,0.9864923289963068,0.6779566220830258,0.9957207516329974,0.6740686348572682,0.99045869528578,0.6819955861422478,0.9938008209854751,0.6925387284793343,0.993230106897745,0.6693274930614987,0.9886134186141102,0.6957020783531219,0.9937131884614493,0.6628234575420376,0.9975260998991438,0.6978188273776456,0.9952426269685223,0.6797292205212125,0.994253157048571,0.6614221766735329,0.9998260449029994,0.6787408819554545,0.9956412287341858,0.688018767812051,0.9994264050346111,0.6493384352966443,0.9967742677624615,0.6425908885106444,0.9999437691993754,0.6783356366084317,0.9957874258643603,0.6567009083165513,0.9993182016713306,0.659505932600027,0.9960004773155754,0.6781072920795598,0.9957274429532147,0.6524035516745842,0.9960247530715923,0.6482235473648394,0.9962732544918412,0.6472616172482738,0.98476422468639,0.6823597995045327,0.9934048814219821,0.7016713514461691,0.985613505307181,0.6748894460811474,0.9783031593643732,0.6819376539073541,0.9759956728091842,0.669341362465325,0.9938945728633701,0.6780712476462931,0.9915000532426478,0.6727005546888905,0.9945662484120337,0.6769650161774815,0.9953070164090235,0.6764280461957449,0.9993927192370825,0.6979082205917639,0.9978829191228169,0.6813873316063662,0.9999999999999999,0.6756539505582427,0.9998764839441132,0.6529887205466317,0.999906118473431,0.659553390799489,0.9992145808428031,0.6654805449292877,0.9991853106014645,0.6422670630661338,0.9991892661118327,0.6711794729287325,0.9991835172681484,0.6728709433388813,0.9986213829440255,0.6821722027076623,0.9992052021626043,0.6661398942638235,0.9977876980912208,0.6679601854202447,0.9997199688312164,0.6970600651305403,0.99889114252616
VS1_T26_0219_003442_20260325_170255_HG_lev1_V2_1.fits,0.9918466925213008,0.7126640063148867,0.9971192846423035,0.7193475619326168,0.9948434870081957,0.6960475967438998,0.9968818646088072,0.6946276545103562,0.9972924807846184,0.6887054681492075,0.9976147945369193,0.6751815034217434,0.9987363187110126,0.6382621707006977,0.998789765168419,0.6579885710328726,0.9981903615403045,0.6478871749313102,0.9986559167072239,0.6585916168708915,0.9986130579063593,0.6506804627202872,0.9990589431986941,0.6509606349652074,0.9991146550602433,0.6514539033259543,0.9994132878148565,0.6738065097471558,0.999155523860033,0.7050403313318963,0.9998441846763009,0.6611698520748547,0.9995878054113505,0.675524743134684,0.9999427233728793,0.7032637966871035,0.9997294408640984,0.693745352943063,0.9987181908900249,0.6989895508379996,0.9982243170420261,0.6808556010790462,0.9999653305637878,0.696428799424049,0.9992129701943538,0.6874669249458011,0.9995067309083233,0.6909904313926548,0.9995719883597366,0.7125846566985623,0.9990081969678808,0.7154664728579481,0.9983840187494001,0.7188495861723476,0.9984678972984901,0.7274126202697273,0.9989449617509306,0.7297695237171754,0.9979381070144192,0.7406330900449323,0.9989348403246502,0.7736205245959092,0.9984309754034556,0.7443091400906495,0.9992641484491878,0.7209342791714662,0.999446751608978,0.7256925690724748,0.9997606636539617,0.7187850685850402,0.9997967203000192,0.7124489279962124,0.9999486361448449,0.6890641368689577,0.9989376491730154,0.6945510406109403,0.9999301551902612,0.6756539505582427,0.9999999999999998,0.6795369647868992,0.9990985991825844,0.6769009960379299,0.9994481782979244,0.6906787187733849,0.9997439000683129,0.6790515649867215,0.9979551742933329,0.6938955624451892,0.9998871970340044,0.6691389458502067,0.9997107912301457,0.6835569897695563,0.9999219644008395,0.6591196937742346,0.9997887592414076,0.6956942225251534,0.9998873407527062,0.679422572433906,0.9992136047839488,0.6917498300996547
VS1_T26_0219_003442_20260325_170255_LG_lev1_V2_1.fits,0.6258422734392225,0.9649844340767476,0.6722142917027482,0.9812519984381297,0.6429024848988445,0.9636321898606757,0.6602325001640613,0.9710885992549709,0.6750152907961698,0.9823923238780168,0.71440547545712,0.998663613701997,0.6870185328970393,0.9848622438137526,0.6818163038027302,0.9949971564100829,0.6778873340666957,0.9895876766193022,0.6858998883138906,0.9929681677920834,0.6965431493130656,0.992440495693424,0.673104569531126,0.9871119295920135,0.6997585658226437,0.9926553910648993,0.6665529124745003,0.9971506327999541,0.7019111398102078,0.9961864697954989,0.6836355673982119,0.9934745897185633,0.6651658837021529,0.9999678832286918,0.6826426990395671,0.9967955186282004,0.6920398149003776,0.9996689304224448,0.6529722522273853,0.9976304757139697,0.6461844352455992,0.9998312602805803,0.6822528555826908,0.9965939745321819,0.6604458519400166,0.9996859336863877,0.6632601463719906,0.9967723418588096,0.6820870683379343,0.9969059792689163,0.6561063625095535,0.9968168056711515,0.651911239640697,0.9971123679284993,0.6509309754919832,0.9866435166801404,0.686406161792253,0.9947522523886533,0.7058451203936059,0.9870854107036455,0.678831104951567,0.980213842238088,0.6859435581320698,0.9764421433451399,0.67319656774179,0.9947720727654483,0.6820552911668963,0.992873019353822,0.6765963472809452,0.9956687911689451,0.6808973404621842,0.9964098575685478,0.6803385556546361,0.9992081360502972,0.7020488567486769,0.9987358827698732,0.6853418598372168,0.9998764839441132,0.6795369647868992,0.9999999999999999,0.6566516271533254,0.9999667208534581,0.6632837020253098,0.9991944205224459,0.6692601588727028,0.9994534581270728,0.6458297687181935,0.9995989731131771,0.6750200420460372,0.9989487023780064,0.6767163198461454,0.9992779804738539,0.6861393155117153,0.9990146160447906,0.6699430869396557,0.9986553737027583,0.671785997274859,0.9996883513190773,0.7011755585549856,0.9994536827039279
VS1_T26_0219_003442_20260325_170344_HG_lev1_V2_1.fits,0.9949476252748146,0.6970957785824222,0.9969528090181108,0.701838114591858,0.9968795619667333,0.6811945957269415,0.9977004169132979,0.6787493580964171,0.9970548896770183,0.6709491364142564,0.9943521228497753,0.6519803502179,0.997864874765857,0.6171087910492631,0.998280436686262,0.6357984125177096,0.9980613677563206,0.6255117764014948,0.9978840194270361,0.6367252038681863,0.9968907374531015,0.6282302241306249,0.9990904598579512,0.6299451715120737,0.9969513070325455,0.6294413049250419,0.9997323036892297,0.6513881316723482,0.9966130182201853,0.6814569779406301,0.9988306835507923,0.6388240640621476,0.999893721499322,0.652553342862225,0.9989327028101745,0.6794296280078024,0.9978763791319649,0.67118018675565,0.9999601836442938,0.6753000839138377,0.9997925284150883,0.6584224085813214,0.9987903889473114,0.672549216528209,0.9995811414465328,0.6643052352399471,0.9997599647708533,0.6668040905729256,0.9982886280833161,0.6889448607596916,0.9996739300382945,0.6923798483963115,0.9993190648163872,0.6958907990682034,0.9995446384726688,0.7027499765194042,0.9971489569270019,0.7064399394047239,0.9947766572589749,0.7172268666671783,0.9978571728673624,0.751211891127776,0.9969482178869191,0.7226939603067586,0.9987440667826263,0.6976909743303737,0.9980980429207381,0.7019268196640521,0.9989033424659305,0.6953414828915526,0.9986460391839382,0.6887993921182816,0.9989660330977091,0.6669038572805249,0.9961962641755728,0.6711092634188048,0.9986202553321439,0.6529887205466317,0.9990985991825844,0.6566516271533254,1.0,0.6541153495553264,0.9999353090405486,0.6690328392412271,0.9997533215313669,0.6562923030421365,0.9997599123241638,0.6714116247021752,0.9994953131113299,0.6470319736188229,0.9993467532883696,0.6599720652067624,0.9986175362284173,0.6363039897560813,0.9997325586163459,0.6723101737532858,0.9995765936920545,0.6570325836828401,0.9966706852745912,0.6684829183150617
VS1_T26_0219_003442_20260325_170344_LG_lev1_V2_1.fits,0.6238174424956923,0.9649595361081839,0.6699900278770633,0.981139813946888,0.6407971092187131,0.9640150566831538,0.6580409314052983,0.9714147036802337,0.6727948972649598,0.9826057138309271,0.7116880911350981,0.9983825371704435,0.6844248620791825,0.9847393012187599,0.6792207785448462,0.9948514487501363,0.6753019545514277,0.9892345936015958,0.6833057716106794,0.9927761485130829,0.6938711089226705,0.9921834142099824,0.6705187899898193,0.9869604438859446,0.6970807258576004,0.9925202579186438,0.6639709893145078,0.9969048402902915,0.6992120453778812,0.9954858788587946,0.6809973709664755,0.9931814238367908,0.6626066317604663,0.9999772931563874,0.6800094719464439,0.9962196713503341,0.689388399073355,0.9994797740450039,0.6504763199171663,0.9970625698700588,0.6436947238868597,0.9998650150028069,0.6796083929240812,0.995921628893916,0.6579188702412458,0.9995445322919659,0.6607125098599412,0.9961216358615835,0.6795000421934172,0.9963604061253941,0.6535705438705615,0.9961638612890824,0.649438409131461,0.9965224174872065,0.6484521782047382,0.9853244273493096,0.6838081962032585,0.9940170743346599,0.7032409507385943,0.9857902230285533,0.6763387981692291,0.9787155548320042,0.6835171212227243,0.9749731182087545,0.6707205053839308,0.9939351091726898,0.6794617812445196,0.9919095317549302,0.6740001930286158,0.9949157231597782,0.6782925927535408,0.9957286083111467,0.6777365800036563,0.9990654344647788,0.6993888106602733,0.9985403184598437,0.682722903880137,0.999906118473431,0.6769009960379299,0.9999667208534581,0.6541153495553264,1.0,0.6607450966740889,0.9993640481353872,0.6666742182358166,0.9995833543754441,0.6433601041522047,0.9995445075333957,0.6724324244872832,0.9992841433134428,0.6741487535875254,0.9990473299090171,0.6835040050849587,0.9993180984179433,0.6673805266512693,0.9984367616182331,0.669194559271832,0.9998315942411734,0.698489076538184,0.999185060599883
VS1_T26_0219_003442_20260325_170433_HG_lev1_V2_1.fits,0.9943566135949888,0.7014500128425638,0.9971873742416072,0.7068361649409658,0.9965924528050638,0.6855414362270261,0.9977220818421756,0.6833840204275143,0.9973544688817442,0.676114766226758,0.9954514244523904,0.6587020805606326,0.9984570465191578,0.6231266553276398,0.9987695994441166,0.642196118571377,0.9984981522905547,0.6318786636789444,0.9984581148564872,0.6430247820188323,0.9976553027235096,0.6346131826644951,0.9993938664317403,0.635912695371568,0.9977398410606586,0.6356772654300435,0.9998766772421338,0.6577852382447457,0.997414107393367,0.6881813406451724,0.9992877800080113,0.6450841455217534,0.999988598063465,0.6592344480706926,0.9993589918367614,0.6862993416972499,0.998466022338846,0.6776995131543877,0.9998370902851208,0.6820354900131597,0.9995240227004524,0.6649110410960756,0.9991831389117032,0.679222870804253,0.9995489102528452,0.6709146767478787,0.9997913323529586,0.673513715814355,0.9986588387426578,0.6956476885048293,0.9995607967222405,0.698862473542018,0.9991244089794148,0.7023464593734848,0.9993399693015487,0.7094629234757152,0.9975875734018881,0.7129840745835134,0.9956210632295865,0.7236008466100806,0.998164725808988,0.7573266366953297,0.9974108767846313,0.7282804821469258,0.9989573454223343,0.7041110783554811,0.9984615612677322,0.708500603342865,0.9991715176439012,0.7019239874993886,0.9989999998626309,0.6954639611846469,0.9993239724789792,0.6732639707570028,0.9969717904589686,0.6778971730310106,0.999081490325799,0.659553390799489,0.9994481782979244,0.6632837020253098,0.9999353090405486,0.6607450966740889,0.9999999999999999,0.675484465704913,0.9999269385296935,0.6630057348094253,0.9995176048121616,0.678028177525363,0.9997788123165396,0.6535910946388089,0.9996849331473184,0.6668227501812629,0.9991035484205982,0.6429779441562856,0.9999125519916037,0.6791268454405772,0.9997768970411364,0.6635865156268935,0.9974455224698302,0.6751757244906923
VS1_T26_0219_003442_20260325_170433_LG_lev1_V2_1.fits,0.6408423182894379,0.9667568489550886,0.6850666505548211,0.9824586769844887,0.6572226937982941,0.9667477102001282,0.6737112493278492,0.9736472568779629,0.6878721597626517,0.9838638074642472,0.7242365858131663,0.9967995018235214,0.6985585657964818,0.9826469433805264,0.6935124901866995,0.9931581785429305,0.6898302193765079,0.9865922676377158,0.6974855068572208,0.9910451744582965,0.707350580323311,0.9897876341208467,0.6850551609317439,0.9852017303926774,0.7102518905047767,0.9905133207763849,0.6785736852026677,0.9953140381093547,0.7120631462758257,0.9936630579395022,0.6947945458363323,0.9909128569748473,0.6771981908704073,0.9991906381332326,0.6937934443369722,0.9947410500998835,0.7026527322155642,0.9988017825736532,0.6656741853284917,0.9952768645235853,0.6589796288868887,0.9993651098062504,0.6932038831633849,0.9935374984116561,0.6724839296330213,0.9985374658648517,0.6752182136544497,0.9934789363945722,0.693092712954778,0.9950954824513759,0.668244964835229,0.9947106770170567,0.6643637554823574,0.9953699281676053,0.6634601634951115,0.9821430027239244,0.6970429329694597,0.992826364290356,0.715893836595536,0.9833491774118676,0.6902655635856473,0.9772145425264621,0.6974660202232026,0.9722104521100234,0.6850286017034446,0.9920402902972874,0.6929800265594931,0.9897935328992759,0.687805421555018,0.993275987878475,0.6919504001814333,0.9940435104494284,0.6915381562575937,0.9983695171162784,0.7121406559374336,0.9977823331220603,0.6963446727954927,0.9992145808428031,0.6906787187733849,0.9991944205224459,0.6690328392412271,0.9993640481353872,0.675484465704913,1.0000000000000002,0.6810631261224982,0.9994388567981337,0.658902455032133,0.9994309386220138,0.6866316309580354,0.9994821162370966,0.6884738818405074,0.9978227042258714,0.6971030915346774,0.9988307580539577,0.6817782810675619,0.9977673678885304,0.6833545467758715,0.9997047854428297,0.7113266204250006,0.9980821279657459
VS1_T26_0219_003442_20260325_170522_HG_lev1_V2_1.fits,0.9932154070971031,0.7059517318778855,0.9969646075957115,0.7117458746430637,0.9957831961540472,0.6897459267514965,0.9972665871631929,0.6878379878704378,0.9971681890457869,0.6810456966891746,0.9964536423107642,0.6649825605341336,0.9988524885933243,0.6292004166565216,0.9990778680223753,0.6483421510987805,0.9987366182861727,0.638266811370892,0.9988350639435072,0.6491532032110505,0.9982937826370551,0.6409130578630093,0.9995419228084584,0.6419069709258562,0.998432406351821,0.6418037623674999,0.9999055659124297,0.6639180791045237,0.9981651471316267,0.6945990048760355,0.9996567870442421,0.6513054862240458,0.9999673335791793,0.6652172169708125,0.9997052676710418,0.6926608349432791,0.9989917066036904,0.6836583785526589,0.9995558907914364,0.688394610561805,0.99912717007809,0.670757658200366,0.9995340288127704,0.6856857042981515,0.9994187921346982,0.6769257711336714,0.9997264564907198,0.6800275054768232,0.9989490843445092,0.7018464859797658,0.9993686559438371,0.7050687630231689,0.998804425899128,0.7084506680362177,0.9990081489509438,0.7162330444627782,0.9979703304447274,0.7191453507297136,0.9963611586919388,0.730106054548922,0.9983160068452193,0.7635690607097942,0.9976237698269147,0.7345644602229034,0.9989942048983735,0.7104225526589343,0.9987597892849982,0.7149283710706307,0.9993784208104393,0.7082241654832345,0.9992884016119847,0.7017838219084401,0.9995982708037366,0.6791653639395503,0.9976863761893847,0.6839417197763988,0.999457896281997,0.6654805449292877,0.9997439000683129,0.6692601588727028,0.9997533215313669,0.6666742182358166,0.9999269385296935,0.6810631261224982,1.0,0.6688337518463149,0.9990988961853646,0.6838710004544238,0.9999486119898546,0.6592378151374804,0.9998653687754122,0.673026021430405,0.9995081843925743,0.6488010110449263,0.9999716024871496,0.6851906748736583,0.9998956722947331,0.669350138530396,0.99816773990059,0.6812960839518262
VS1_T26_0219_003442_20260325_170522_LG_lev1_V2_1.fits,0.627681449425312,0.9592449430822921,0.6737703228879007,0.9769324425432282,0.6445840944682918,0.9589057893375951,0.6617405804649313,0.9667020448718596,0.6765873858712907,0.9785575784229971,0.7139585165192806,0.996867902968124,0.6867207795629925,0.9797457443189932,0.6814251708836129,0.9917864006482225,0.6774480227817244,0.984933764198495,0.6855698339260371,0.9892290043949958,0.6960014282514891,0.9884019989161642,0.6726559193330245,0.9822691968000897,0.699303101647856,0.988772727962998,0.6660745046457432,0.9943296592687193,0.7014345397466923,0.9942052922198423,0.6831523977237989,0.9894666722817852,0.6648200757475372,0.9995848043032464,0.6821929285331922,0.995900739903581,0.6916771680556097,0.9986510637746836,0.6527497394529058,0.9960328572086574,0.6459141812097351,0.9991678337763322,0.681784340516941,0.9942408969743244,0.6602658292487713,0.9991259637861355,0.6629942057893993,0.9944677702531183,0.6819446813800457,0.9962496635879163,0.6558035378119045,0.9948569762950625,0.6518884364231026,0.9955748942450898,0.6508402179455796,0.9837132247799049,0.6863139843810648,0.9936480236970923,0.7060495240236916,0.9835391090923095,0.6791856251754181,0.9768238742975964,0.6867581733360997,0.9699062737347408,0.6735248448406557,0.9921639654139637,0.6818922092656522,0.990621062209111,0.6763197990095607,0.9938565301785163,0.6806413828076565,0.9948868003264447,0.680059282273212,0.997593240942808,0.7018324622278369,0.9989643079959482,0.6850394633194877,0.9991853106014645,0.6790515649867215,0.9994534581270728,0.6562923030421365,0.9995833543754441,0.6630057348094253,0.9994388567981337,0.6688337518463149,0.9999999999999998,0.6456113371240373,0.9995747996521247,0.6746757605978645,0.9993606940553138,0.6764709773481783,0.9987965038770416,0.6857317158837231,0.9993004067828284,0.6696602171967183,0.9988677460408659,0.67140572146389,0.9997237631671725,0.7007609011981101,0.998688336708164
VS1_T26_0219_003442_20260325_170611_HG_lev1_V2_1.fits,0.9957298161225997,0.6894635059246211,0.9961701991157913,0.6933846101818593,0.9971873219757554,0.6740540722949799,0.9974280590744526,0.6711390128064968,0.9962826160653269,0.6624878903697534,0.9922259434914146,0.6410578119779685,0.9969771644203024,0.6070946251061252,0.9975580023986279,0.625338507650299,0.9975662646261528,0.6149364723080581,0.9970518270195903,0.6264178056088504,0.9955597413206926,0.6175950832740256,0.998581235954148,0.6199655335487608,0.9953195900627028,0.6189735495588362,0.9992769138039362,0.6407410033385667,0.9947180774186608,0.6702492737731112,0.997711263050425,0.6281361906777148,0.9993757145266782,0.6417146518671086,0.9977845645650874,0.6681538981547462,0.9962717000096342,0.6604839703636158,0.9999069175220447,0.6640171787688802,0.9998354972591449,0.6477891108060123,0.997489574043276,0.6610892238189928,0.9989785323295375,0.6532553880068783,0.9991386014779069,0.6551591892867137,0.9968760618202175,0.677630982010726,0.9992123378652655,0.6812852938098863,0.9989654971389896,0.6848475664821323,0.9992864132918838,0.6907654416300527,0.9954289046451081,0.6951976486807284,0.9924545951939892,0.7058279526872574,0.9965197258713191,0.7402587995088309,0.9954552410459337,0.7119006371335297,0.997721373240946,0.6864374949232049,0.996632013761251,0.6904335889381197,0.9977055175696028,0.684081096848852,0.997318236429765,0.6774657286935182,0.9977653120395031,0.6563645390031225,0.9941231558047429,0.6600070917173538,0.9972832352823584,0.6422670630661338,0.9979551742933329,0.6458297687181935,0.9997599123241638,0.6433601041522047,0.9995176048121616,0.658902455032133,0.9990988961853646,0.6456113371240373,1.0000000000000002,0.660841846115417,0.9986537821150913,0.6366803821939595,0.9985765265158876,0.6488549934997495,0.9973114793590976,0.6255613601481684,0.9990319981983906,0.6612792840833358,0.998713368575945,0.6464760779403316,0.9947470358921847,0.657443515450719
VS1_T26_0219_003442_20260325_170611_LG_lev1_V2_1.fits,0.6414869300409799,0.9628237422167617,0.687266412751766,0.9800396254879211,0.6583976401596503,0.9614107100865051,0.6754968349007919,0.9689762124248782,0.6901449110147795,0.9804066623341731,0.7285139677409751,0.9979620955577644,0.7017450668577229,0.9814884968674579,0.6965750508741564,0.9930379969130103,0.6927604297790393,0.9869538285153049,0.7006511506101686,0.9908671444321326,0.7110036030970177,0.9899885076322918,0.6878828851420329,0.9841071174457112,0.7140446684516921,0.9900286021356213,0.6812638817478436,0.9957010181408803,0.7160089993673198,0.9964906404309606,0.6980803594665382,0.9910852026627205,0.6798402591952695,0.999565855206139,0.6970543200407239,0.9975385155277717,0.7062534785987999,0.9995395674269346,0.6678598346511527,0.9977566455909427,0.6610356168979992,0.9992554690509,0.6965301054457065,0.9962848933672748,0.6750188253724833,0.9994419629298715,0.6778413227866551,0.9962309089918671,0.6963646129616688,0.9977141571943787,0.6706983070333512,0.9970640621475406,0.666591049835076,0.9975618262051258,0.6656583109783428,0.9874553167224214,0.7005130751213562,0.9958766244395874,0.7197972286464873,0.9878295556502903,0.693210712392887,0.9821759641956614,0.7004051170114864,0.9756601954073681,0.6877287061557356,0.9949089005423345,0.6962829524694407,0.9935550889714385,0.6909187713953824,0.9962412390797089,0.6951850818973525,0.9969277255793227,0.6947146066217822,0.9984997642819988,0.7160715054377047,0.9993246395026034,0.6996816277413874,0.9991892661118327,0.6938955624451892,0.9995989731131771,0.6714116247021752,0.9995445075333957,0.678028177525363,0.9994309386220138,0.6838710004544238,0.9995747996521247,0.660841846115417,1.0,0.6895914581628545,0.9985508149383472,0.6913942832273016,0.9993818902385813,0.7005020507390748,0.9982362722631178,0.6845650775181448,0.9993612577049096,0.6862814743124745,0.9994152369897333,0.7152650292101819,0.9994974327592386
VS1_T26_0219_003442_20260325_170700_HG_lev1_V2_1.fits,0.9926336848098789,0.709555901785414,0.9971231773299786,0.7159318848217396,0.9954451081604714,0.6933228723463061,0.997199449136567,0.6916805159501043,0.9973585597693237,0.6853679201288346,0.9971900653981537,0.6707179088648952,0.9990652847364636,0.6342063944663845,0.9991958187010138,0.6537442046740856,0.9987730580999538,0.6435827337478932,0.999024322177758,0.6544385712378583,0.9986759514393876,0.6462954701495796,0.9995162442137786,0.6468919312889321,0.9989029911048247,0.6470926088666293,0.9997888821333258,0.6693771941104509,0.998702074049264,0.7003560675819547,0.9998460493563994,0.6566377444466832,0.9998520012425057,0.6710190458071263,0.9998888107259525,0.6985764284171458,0.9993680878213665,0.6892936570016781,0.9992363334843554,0.6942097572216709,0.998712853491578,0.6764015399112007,0.9997363680737611,0.6914641638498487,0.999275666163884,0.682720457990575,0.9996114662245316,0.6858718118808447,0.99919311555813,0.7077078668237072,0.9991449712172967,0.7106869538917358,0.9985373689145557,0.7140733105113068,0.9987088786259285,0.7220645113776347,0.9983237836674596,0.7248703865050244,0.9970683691514808,0.735599003982999,0.9985466931746533,0.7688202835975128,0.997997925502565,0.7393477113433684,0.9991024671985321,0.715995145604722,0.9990117513597003,0.7206437875247739,0.9995118579578255,0.7139306864069953,0.9994947497663099,0.7075708610502858,0.9997745472490447,0.684654407201986,0.9982731677892835,0.6898751096130378,0.9997140491144928,0.6711794729287325,0.9998871970340044,0.6750200420460372,0.9994953131113299,0.6724324244872832,0.9997788123165396,0.6866316309580354,0.9999486119898546,0.6746757605978645,0.9986537821150913,0.6895914581628545,0.9999999999999998,0.6649372770654739,0.9999331511213274,0.6789505977424451,0.9997621681906608,0.6546403374496513,0.9999450811184627,0.6911164649965298,0.9999100603071642,0.6750564534448881,0.9987047184360954,0.6871054506597583
VS1_T26_0219_003442_20260325_170700_LG_lev1_V2_1.fits,0.6194407222020009,0.9647442940170919,0.6642807141765812,0.980367933422448,0.635904973344343,0.965655544502474,0.652591348527835,0.9726835058976792,0.667062853416173,0.9831429260122406,0.7031678196458913,0.9960703988834301,0.6767568835687046,0.9829904107843548,0.6715894897083418,0.9930801613147539,0.6677384456724182,0.9863612191994845,0.6756398681206685,0.9907906356331413,0.6857318867896476,0.9897935595707618,0.6630241848405761,0.9851975638173246,0.688905448621,0.9907789112947955,0.656570374596344,0.9947930133218124,0.6909266460420176,0.9914069573855602,0.6731740201540908,0.9907477055035516,0.6553386996907812,0.9991173444217695,0.6722267031283577,0.9927292972678952,0.6814350382886067,0.9978332285599772,0.6436163343002724,0.9935718503796412,0.6369241589837535,0.9992169737641573,0.6717838705230007,0.9918886459186947,0.6508625779368791,0.9980736410594853,0.653528033951116,0.9921497612220226,0.6719557125918038,0.993138774401619,0.6465040915729279,0.9924623968892188,0.6427166732281407,0.9931692266725053,0.6417054063060511,0.9784685442099685,0.676172305905125,0.9900583203664236,0.6954102882576544,0.9792184431683217,0.6693056138756162,0.9715296066554447,0.676745785861298,0.9677331747634939,0.6638203886833366,0.9894032001166034,0.6718875221730105,0.9867776495198656,0.6664665897648645,0.9907407430351229,0.6706788116815884,0.9918311785247861,0.670137274142541,0.9976396097834526,0.6913020694711256,0.9968493147761494,0.6749914655820529,0.9991835172681484,0.6691389458502067,0.9989487023780064,0.6470319736188229,0.9992841433134428,0.6535910946388089,0.9994821162370966,0.6592378151374804,0.9993606940553138,0.6366803821939595,0.9985508149383472,0.6649372770654739,0.9999999999999998,0.6667288532890971,0.9970498300122771,0.6756733226780173,0.9997708444487801,0.6600549832601845,0.9966436511206272,0.6617165630490466,0.999704600476432,0.6902702601566107,0.9971069763086593
VS1_T26_0219_003442_20260325_170749_HG_lev1_V2_1.fits,0.9920854616862717,0.710617484165603,0.9967181007883755,0.7172254441196623,0.9950444675556867,0.6945928853555264,0.9968638373857812,0.693017924549154,0.9970481813679561,0.6868678782808877,0.9974453573528289,0.6726464754676327,0.9994626610699832,0.6360474031159024,0.9995690325809022,0.6556345405957733,0.9992451052509541,0.6455131293353439,0.9994366682283626,0.6563423955441747,0.9990316252747152,0.6481121523677362,0.9997682289583515,0.6486602577145697,0.9990466628634594,0.6487883526777352,0.9998297961562873,0.6710903034155653,0.998660429428861,0.7021342574432993,0.9998629643548055,0.6582297147028754,0.999739022776217,0.6727479359591102,0.9998296021202766,0.7004063456366487,0.9991920908593416,0.6909695207831932,0.9991201847355093,0.6958760250048148,0.9984371055936577,0.6780249502866416,0.9995017072052471,0.6929629938955458,0.9988587534015222,0.6842000971635611,0.9992977129863486,0.68728175969615,0.9987689372983112,0.7091929240022766,0.9987238379037263,0.7121531250162183,0.9980272100212033,0.7154772143331309,0.998267668114298,0.7233744099900357,0.9977550375154581,0.7262275799483575,0.9966713989246371,0.7368956735569758,0.9980294252707387,0.7700539595585656,0.9975536303514844,0.7401934903938615,0.9986964420587773,0.7173342282216957,0.9985368648040954,0.7219997716400295,0.9991231068199479,0.7154168173484792,0.999140792864653,0.7090873533671876,0.9995339685511361,0.6862760317277002,0.9980031421349286,0.6915208079048583,0.999535371572561,0.6728709433388813,0.9997107912301457,0.6767163198461454,0.9993467532883696,0.6741487535875254,0.9996849331473184,0.6884738818405074,0.9998653687754122,0.6764709773481783,0.9985765265158876,0.6913942832273016,0.9999331511213274,0.6667288532890971,1.0,0.680767122631969,0.9996549767897973,0.6563256104469727,0.9998115249682462,0.6928835047090013,0.9996933414308748,0.6767550802967761,0.9985778493590566,0.6887688457608887
VS1_T26_0219_003442_20260325_170749_LG_lev1_V2_1.fits,0.6274969709917968,0.9581277987616579,0.6753715608848314,0.9765497710274565,0.6451651623242298,0.9556357084099699,0.6630884250016116,0.9639060661048942,0.6783549892145001,0.9767142473622387,0.7198347668311285,0.9987482337922006,0.6916517505151796,0.9814988822542509,0.6863025894536848,0.9932754884672506,0.6823586744491247,0.9881046641469862,0.6905298730507106,0.991107630580509,0.701517060083744,0.9907869329236305,0.6772421240198205,0.983843202160969,0.7046389061728677,0.9901448881773816,0.6703367029488192,0.9959296506631574,0.706723986321912,0.998046595769234,0.6879259487665919,0.9915784925124241,0.6687616009866262,0.9992708786208132,0.6868319326009839,0.9989036735761173,0.6964206668166802,0.9992669244914095,0.6561746287362641,0.9990289337419525,0.6490974107136709,0.9984461289878899,0.6863097970708064,0.9979284232816923,0.6636436751243627,0.9993052844585163,0.6666352609428323,0.9979842454616475,0.6859457976598202,0.9985289379970549,0.659212946351648,0.9978577377054744,0.6547579708687992,0.9980167868356196,0.6538179445830092,0.9906490797338827,0.690293287764001,0.9967073720604874,0.7103136246926297,0.9901033520046004,0.6823469181298996,0.983946960849119,0.689583517703619,0.9772613781038577,0.6766041837713728,0.9961248532095327,0.6858841170529816,0.995342033950937,0.6803269066011842,0.9974594323788007,0.6847746371131526,0.9981727867745338,0.6842819734144403,0.9979205053182858,0.7066409077686615,0.9994596003188,0.6894923409990888,0.9986213829440255,0.6835569897695563,0.9992779804738539,0.6599720652067624,0.9990473299090171,0.6668227501812629,0.9978227042258714,0.673026021430405,0.9987965038770416,0.6488549934997495,0.9993818902385813,0.6789505977424451,0.9970498300122771,0.680767122631969,1.0000000000000002,0.6904149969284826,0.9972751950197264,0.6736571058473215,0.9995726062140724,0.6755226930719083,0.9983414071348998,0.705906113067873,0.9998207042954987
VS1_T26_0219_003442_20260325_170838_HG_lev1_V2_1.fits,0.9908185383925102,0.7170855383231056,0.9969147175114444,0.7244191129369866,0.9941252831957694,0.7004826636671048,0.9964766314146802,0.699342214418455,0.9971838752501064,0.6939263755532058,0.9983322523081023,0.6819392503064028,0.9989734655311298,0.6444060446807379,0.9989254601294888,0.6644742891787702,0.9982940378945742,0.6543886987398752,0.9988828983384967,0.6650089709301057,0.9990202533960371,0.6571792970235356,0.9989928044120207,0.6570247903624327,0.9995128761774602,0.657764224227298,0.9991609610959495,0.6802498044699986,0.999538754428268,0.71178267387076,0.9998994976649253,0.667491639888713,0.9992685093664676,0.682189703184502,0.9999547405613742,0.7101291156333657,0.9998909025112553,0.7002513801716284,0.9981851714676727,0.7057300716512106,0.997534123004987,0.6872997370076448,0.9999218262459857,0.7031264280846867,0.9987307628253629,0.6940298512165732,0.9990998081371816,0.6977009021345376,0.9994949120764993,0.719241041120641,0.998450456940847,0.7219198944753674,0.9977333958662038,0.7252626120575376,0.9978185639703749,0.7341165221437672,0.9989179678560698,0.7362584824804107,0.9982922335906743,0.7470004965192528,0.9987551420536883,0.779724474215608,0.9983968441253255,0.7499017868393241,0.9989969382973527,0.7273142250423961,0.9993563664518402,0.7322436215449687,0.9995777560828621,0.7253464501153045,0.9997005967485129,0.7190948573372509,0.9998702211900276,0.6953940667621668,0.9992688396645709,0.7013025334022197,0.9999629620399788,0.6821722027076623,0.9999219644008395,0.6861393155117153,0.9986175362284173,0.6835040050849587,0.9991035484205982,0.6971030915346774,0.9995081843925743,0.6857317158837231,0.9973114793590976,0.7005020507390748,0.9997621681906608,0.6756733226780173,0.9996549767897973,0.6904149969284826,0.9999999999999999,0.6657561605521874,0.9995542392540467,0.7024775184309117,0.999662532614205,0.6859295847232035,0.9995702889003298,0.6984261308789478
VS1_T26_0219_003442_20260325_170838_LG_lev1_V2_1.fits,0.6081798474000061,0.9620541693256104,0.6541291737929912,0.9782014982665004,0.6249222858460697,0.9626755484094207,0.6420133550947813,0.9700735526253481,0.6568639402963837,0.9812229079661884,0.6937738962289046,0.996156690646866,0.6663234638595746,0.9827000209460778,0.6610342081885822,0.9929573194612229,0.6569711548925834,0.9864018104981268,0.6651574179416752,0.9905259011910081,0.6756613594151935,0.9899047774491394,0.6523462909131736,0.9847783152007795,0.6791514948957281,0.9907914298581665,0.645930435590165,0.9947320347754182,0.6814527815593616,0.9914786279106849,0.6630602685065627,0.9908766294826206,0.6448094650961107,0.999229345619253,0.6621653014271751,0.9928739271561846,0.6717824192579837,0.9976521930211398,0.6327347383563021,0.9938134196744425,0.626035841465368,0.9991399382979002,0.6619121167743923,0.9923519513669671,0.6405278835829237,0.9983263440935471,0.6431623477379776,0.9928524047273141,0.6622565531053831,0.9933520566917681,0.6360610589385244,0.9924503457986005,0.6322350919321136,0.9931113031787914,0.6311195607980927,0.9791170437790547,0.6667800393298855,0.9900804706302949,0.6864361326215362,0.9792466961997703,0.6595979193423257,0.9708935114910469,0.6671423798769793,0.9673554939940432,0.6538168946771286,0.9895030537116457,0.6622517405498418,0.9870289911813006,0.6565805930265591,0.9908277772983446,0.6608807612650337,0.9920357376495678,0.6601920415778881,0.9973864696155023,0.6820655049311872,0.9970271408002119,0.6651283613260407,0.9992052021626043,0.6591196937742346,0.9990146160447906,0.6363039897560813,0.9993180984179433,0.6429779441562856,0.9988307580539577,0.6488010110449263,0.9993004067828284,0.6255613601481684,0.9982362722631178,0.6546403374496513,0.9997708444487801,0.6563256104469727,0.9972751950197264,0.6657561605521874,0.9999999999999999,0.6496760180357966,0.9967058398890605,0.6514962311085774,0.99956436908505,0.6808534578491391,0.9972364442660318
VS1_T26_0219_003442_20260325_170927_HG_lev1_V2_1.fits,0.993739780937279,0.7058509951672297,0.997497783465331,0.7118246716154634,0.9962448199102336,0.6897388941526803,0.9977133761185084,0.6878839330881861,0.9976657331594535,0.6811496984580122,0.9963872045930089,0.6653221189802573,0.9986421390681722,0.6290081746393997,0.9988471813607287,0.6484670214316595,0.9984323266389791,0.6381162852115224,0.9986083849763062,0.6491706370258019,0.998094784660706,0.6409415572788744,0.9993375906370178,0.6417828500805165,0.9983749307654562,0.6419164200542375,0.999789635845055,0.664186793619735,0.9982125567210949,0.6949293113940672,0.9996095240336758,0.6514391254074287,0.9999564783788987,0.6659228840086755,0.9997020251200689,0.6931641189045891,0.9991015951199261,0.6842413103523899,0.9995313488756936,0.6888732573151976,0.9991624788447699,0.6714510443783248,0.9996231857301536,0.6861287178581348,0.9995923024329156,0.6777143129880764,0.9998355503995994,0.6805373123606941,0.9992067731772486,0.7025651510326818,0.999509163862258,0.7055509922045187,0.999032938946466,0.7090379029341835,0.9991831258795937,0.7165922362395801,0.9983332534078635,0.7198136598167569,0.9967397243854018,0.7303276016346825,0.9987000219803471,0.7637700052565141,0.998072470388155,0.7344447320142026,0.9992902064969797,0.7108405939485448,0.9990418615998193,0.7153974998561019,0.9995707597045372,0.7087179087975015,0.999478856708615,0.7023292540671635,0.9997192776962076,0.6796682435755452,0.997909704566114,0.6847702528204263,0.9995573291292523,0.6661398942638235,0.9997887592414076,0.6699430869396557,0.9997325586163459,0.6673805266512693,0.9999125519916037,0.6817782810675619,0.9999716024871496,0.6696602171967183,0.9990319981983906,0.6845650775181448,0.9999450811184627,0.6600549832601845,0.9998115249682462,0.6736571058473215,0.9995542392540467,0.6496760180357966,1.0,0.6859440876722754,0.9999581836994984,0.6701311695298563,0.9982737742161603,0.6819404238200265
VS1_T26_0219_003442_20260325_170927_LG_lev1_V2_1.fits,0.6415837873418949,0.9543017671705023,0.6889488222485055,0.9737847529306228,0.6589865253005681,0.9518520281697902,0.6766622067884303,0.9603345224849656,0.6918164070416863,0.9734484668273732,0.7313855108957943,0.9970578636914379,0.7033969776337065,0.9763682083723471,0.6980380307251323,0.9899841593449991,0.6939933754472026,0.9836237716168342,0.702238865043408,0.9874024346152445,0.7130600652786756,0.9868215697191407,0.6891040552826242,0.9792334911124313,0.7163927319055554,0.98632956234386,0.6823952695082344,0.993447930477849,0.7185968632113044,0.9972269383548309,0.6998824766663706,0.9880354253358365,0.6810300019334453,0.9986371015163951,0.6988817241756351,0.9988309659603691,0.7085381841461772,0.9986263734733513,0.6685917279694588,0.9983588959890385,0.6616315113751761,0.9977472681995084,0.6984832246602098,0.9967600881458162,0.676270986777606,0.9990441751648117,0.6791165305331806,0.9968267767739145,0.6984390441030611,0.999015034278878,0.6717835159240682,0.9974070192644563,0.6675945514185265,0.9979572197102572,0.6665631705244042,0.9903902176994397,0.7028848293228444,0.997390329129163,0.7228893404430464,0.9895302566382908,0.6952931515085707,0.9843474254153992,0.7027402491565484,0.9747788230488252,0.6895114742584275,0.9955119807042292,0.6984011205098413,0.9952032959022871,0.692768570388192,0.997269057243677,0.6971778698111015,0.9980198187317527,0.6965926306433826,0.9967291116562933,0.7188419972758876,0.9999236776876401,0.7017035063886149,0.9977876980912208,0.6956942225251534,0.9986553737027583,0.6723101737532858,0.9984367616182331,0.6791268454405772,0.9977673678885304,0.6851906748736583,0.9988677460408659,0.6612792840833358,0.9993612577049096,0.6911164649965298,0.9966436511206272,0.6928835047090013,0.9995726062140724,0.7024775184309117,0.9967058398890605,0.6859440876722754,1.0,0.6877987707948378,0.9980549618183652,0.7178690763344838,0.9994449124630406
VS1_T26_0219_003442_20260325_171015_HG_lev1_V2_1.fits,0.993474407456561,0.7071919369825352,0.9975829054000752,0.7132581958565466,0.9960371138200897,0.6908403923182692,0.9976308500282328,0.6890757414181152,0.9977033502283518,0.6824877590963427,0.9965438207056901,0.6671002845644901,0.9984004332036625,0.6306312039889408,0.9985741335018522,0.65015906107807,0.9980531343542399,0.6398413571081578,0.9983453422544785,0.6508220325631653,0.9979937374753356,0.6427274368960807,0.9990656283738366,0.6434243575038577,0.9984523928213116,0.6437111045904328,0.9996030630513129,0.6660041880466115,0.9984475153066318,0.696852374343943,0.9996106870983593,0.6533414845678838,0.9998572980710831,0.6677539647762681,0.9997462056530867,0.695068286277763,0.9993210911538639,0.6860632420920701,0.9993088256885019,0.6908650659886115,0.9989903577808273,0.6732780776767828,0.9997908303991239,0.6882566961652127,0.9996567729765526,0.679718962340145,0.9998574227643746,0.6827569806285428,0.9994893949816553,0.7046360718668012,0.9995398077029741,0.7075867712523826,0.9990733909620183,0.7110830790827541,0.9991666192323366,0.7189536334438775,0.99876524519988,0.7219277744408819,0.9972470512073339,0.7325418095705672,0.9990001751682424,0.7658867306734278,0.9983737282146498,0.7367434053228468,0.999454493708657,0.7129859474854536,0.9993628814362596,0.717595258637291,0.9997812333871788,0.7107871751930821,0.9997071966084738,0.7044016447993982,0.9998606830976808,0.6814809748452167,0.9982963368280987,0.6867009568357122,0.9997061091470604,0.6679601854202447,0.9998873407527062,0.671785997274859,0.9995765936920545,0.669194559271832,0.9997768970411364,0.6833545467758715,0.9998956722947331,0.67140572146389,0.998713368575945,0.6862814743124745,0.9999100603071642,0.6617165630490466,0.9996933414308748,0.6755226930719083,0.999662532614205,0.6514962311085774,0.9999581836994984,0.6877987707948378,0.9999999999999997,0.6718940789544957,0.9985557550256917,0.6838583648651959
VS1_T26_0219_003442_20260325_171015_LG_lev1_V2_1.fits,0.628304694373489,0.9650376874290987,0.6736514473842674,0.9810374162405596,0.6449441842146941,0.964748843579349,0.6618404599801502,0.971966494477116,0.6763785256540552,0.9827794518842184,0.7135287463879963,0.9972829922754024,0.6867349909956741,0.9832046709474538,0.6815705380210764,0.9936512403629988,0.6776459741425692,0.9873106119958072,0.685606996076502,0.9914156339391919,0.6959191843250304,0.9905789931133018,0.673017158796086,0.9855994894411911,0.6991953993780824,0.9912798284579798,0.6666252274037417,0.9958220331379409,0.7013413246683347,0.9939760679120144,0.6833951206082145,0.9917635834330081,0.6653944461663153,0.9997222969392577,0.6824655856839181,0.9950554099860033,0.6917709393108362,0.9990117572322194,0.6535024952253269,0.9958130070137869,0.6468378254423311,0.9997745863095483,0.6821134925344857,0.9943737346109996,0.660945827509645,0.9992211433154556,0.6636271477302933,0.9945995934390004,0.6822091611982806,0.9955440156466263,0.6565986613244508,0.9950297756059928,0.652689227267715,0.9956339128635499,0.6516633149230905,0.9829661213955698,0.6865089214823817,0.993058440060269,0.7057574418365138,0.9836059847943072,0.6793876198495545,0.9766509110583216,0.6866690592136067,0.9723984547795889,0.673822392621379,0.9924947531372118,0.6821747344484684,0.990287604836749,0.6767282170637062,0.9936233598310092,0.6809561785421085,0.9945087449886141,0.6803663162745053,0.9986197499669277,0.7017073770946357,0.9982241797782113,0.6852438747997726,0.9997199688312164,0.679422572433906,0.9996883513190773,0.6570325836828401,0.9998315942411734,0.6635865156268935,0.9997047854428297,0.669350138530396,0.9997237631671725,0.6464760779403316,0.9994152369897333,0.6750564534448881,0.999704600476432,0.6767550802967761,0.9983414071348998,0.6859295847232035,0.99956436908505,0.6701311695298563,0.9980549618183652,0.6718940789544957,1.0,0.7006777783071899,0.9985530267687993
VS1_T26_0219_003442_20260325_171104_HG_lev1_V2_1.fits,0.9875583900083268,0.7266840143499185,0.9958778715509983,0.7354284837674592,0.9915769560796579,0.7096920295507281,0.994749884437794,0.7092803688791215,0.9961878586531215,0.7051978938718835,0.9992356331540424,0.6970760481812099,0.9982226802944929,0.6579568496690188,0.9979175942409091,0.6788448453481598,0.9970122382415342,0.6687794155242087,0.9980588285819932,0.6791103557890112,0.9988408589993197,0.671674991441068,0.9976141984016909,0.6704881030248981,0.999659870716035,0.6719890728083244,0.9975948899907778,0.6947911925097863,0.9999592811729777,0.7271092487555728,0.9992558760108248,0.6819210218706088,0.9977318543211444,0.6973007619392237,0.9993168089529818,0.7257135657679094,0.9998509109044865,0.7150023733599228,0.9960117030696318,0.7211813749790812,0.9951412595173866,0.7020251707332811,0.9994081356499824,0.7186598310029378,0.997184769330046,0.7092507363750402,0.9976193308752836,0.7134670654316017,0.99909343624086,0.734720565712335,0.9966884807650532,0.7369176183856269,0.9958144123697075,0.7402052059350785,0.9957910081486575,0.750075234869481,0.9988855715204898,0.751463843243645,0.9992251453839145,0.7620345306484008,0.9982628101207618,0.7940209946673572,0.9982202649104981,0.7635010201003506,0.9981101877992435,0.7423641977602262,0.9990020280672128,0.7476575876871941,0.9988696281687022,0.7405858155673123,0.9991951511539476,0.7345077918819982,0.9992389721229911,0.7098415635146561,0.9998629230683539,0.7167447642768966,0.9995520631534498,0.6970600651305403,0.9992136047839488,0.7011755585549856,0.9966706852745912,0.698489076538184,0.9974455224698302,0.7113266204250006,0.99816773990059,0.7007609011981101,0.9947470358921847,0.7152650292101819,0.9987047184360954,0.6902702601566107,0.9985778493590566,0.705906113067873,0.9995702889003298,0.6808534578491391,0.9982737742161603,0.7178690763344838,0.9985557550256917,0.7006777783071899,0.9999999999999997,0.7136765905514101
VS1_T26_0219_003442_20260325_171104_LG_lev1_V2_1.fits,0.6364273262217751,0.9619154733148744,0.6835629632450532,0.979378916385455,0.6537738552352877,0.9591191304917552,0.67141948013533,0.9670047235045172,0.6864150443206938,0.9790634753159383,0.7270494175431997,0.9987601253943353,0.6991990467171543,0.9825348857081005,0.6939660349931822,0.9937585997676527,0.689996083672494,0.9886679752621643,0.6980830410340659,0.991738608349124,0.7089682478670425,0.9913677949587331,0.6851619434805142,0.985028192729557,0.7122143965761281,0.9909838658100231,0.6785498627427681,0.9965653246294084,0.7144226713193184,0.9982637754620687,0.6958872972397463,0.9925091324528781,0.6771113789740292,0.9993281963138679,0.6948717154887817,0.9987973608975651,0.7043873849255758,0.9996889419965392,0.6646942861045906,0.9992501438816621,0.6578539408720011,0.9988654225566116,0.6945039946616451,0.99838487240084,0.6722945054560342,0.9996729669991908,0.675170930040595,0.9984345459529301,0.694246920819017,0.9988602523645133,0.667947330813582,0.9986192247657955,0.6635891851008994,0.9988221345363782,0.662616971044021,0.9912901459486572,0.6986250217131666,0.99741179818516,0.7181473174653172,0.9912900336209979,0.6907180123676897,0.9855494920404587,0.6977192499598803,0.9799559853392472,0.6849884884636901,0.997120925329189,0.6942280097627729,0.9960956874789565,0.6887126062716813,0.9980699482364906,0.6930602961864545,0.9986128561522685,0.6924888951288046,0.9986243453204116,0.714489594135439,0.9994357191823581,0.6975680074862598,0.99889114252616,0.6917498300996547,0.9994536827039279,0.6684829183150617,0.999185060599883,0.6751757244906923,0.9980821279657459,0.6812960839518262,0.998688336708164,0.657443515450719,0.9994974327592386,0.6871054506597583,0.9971069763086593,0.6887688457608887,0.9998207042954987,0.6984261308789478,0.9972364442660318,0.6819404238200265,0.9994449124630406,0.6838583648651959,0.9985530267687993,0.7136765905514101,0.9999999999999998
