filename,VS1_T26_0212_003435_20260324_035621_HG_lev1_V2_1.fits,VS1_T26_0212_003435_20260324_035621_LG_lev1_V2_1.fits,VS1_T26_0212_003435_20260324_035710_HG_lev1_V2_1.fits,VS1_T26_0212_003435_20260324_035710_LG_lev1_V2_1.fits,VS1_T26_0212_003435_20260324_035759_HG_lev1_V2_1.fits,VS1_T26_0212_003435_20260324_035759_LG_lev1_V2_1.fits,VS1_T26_0212_003435_20260324_035848_HG_lev1_V2_1.fits,VS1_T26_0212_003435_20260324_035848_LG_lev1_V2_1.fits,VS1_T26_0212_003435_20260324_035937_HG_lev1_V2_1.fits,VS1_T26_0212_003435_20260324_035937_LG_lev1_V2_1.fits,VS1_T26_0219_003442_20260325_163513_HG_lev1_V2_1.fits,VS1_T26_0219_003442_20260325_163513_LG_lev1_V2_1.fits,VS1_T26_0219_003442_20260325_163602_HG_lev1_V2_1.fits,VS1_T26_0219_003442_20260325_163602_LG_lev1_V2_1.fits,VS1_T26_0219_003442_20260325_163650_HG_lev1_V2_1.fits,VS1_T26_0219_003442_20260325_163650_LG_lev1_V2_1.fits,VS1_T26_0219_003442_20260325_163739_HG_lev1_V2_1.fits,VS1_T26_0219_003442_20260325_163739_LG_lev1_V2_1.fits,VS1_T26_0219_003442_20260325_163828_HG_lev1_V2_1.fits,VS1_T26_0219_003442_20260325_163828_LG_lev1_V2_1.fits,VS1_T26_0219_003442_20260325_163917_HG_lev1_V2_1.fits,VS1_T26_0219_003442_20260325_163917_LG_lev1_V2_1.fits,VS1_T26_0219_003442_20260325_164006_HG_lev1_V2_1.fits,VS1_T26_0219_003442_20260325_164006_LG_lev1_V2_1.fits,VS1_T26_0219_003442_20260325_164055_HG_lev1_V2_1.fits,VS1_T26_0219_003442_20260325_164055_LG_lev1_V2_1.fits,VS1_T26_0219_003442_20260325_164144_HG_lev1_V2_1.fits,VS1_T26_0219_003442_20260325_164144_LG_lev1_V2_1.fits,VS1_T26_0219_003442_20260325_164233_HG_lev1_V2_1.fits,VS1_T26_0219_003442_20260325_164233_LG_lev1_V2_1.fits,VS1_T26_0219_003442_20260325_164322_HG_lev1_V2_1.fits,VS1_T26_0219_003442_20260325_164322_LG_lev1_V2_1.fits,VS1_T26_0219_003442_20260325_164411_HG_lev1_V2_1.fits,VS1_T26_0219_003442_20260325_164411_LG_lev1_V2_1.fits,VS1_T26_0219_003442_20260325_164459_HG_lev1_V2_1.fits,VS1_T26_0219_003442_20260325_164459_LG_lev1_V2_1.fits,VS1_T26_0219_003442_20260325_164548_HG_lev1_V2_1.fits,VS1_T26_0219_003442_20260325_164548_LG_lev1_V2_1.fits,VS1_T26_0219_003442_20260325_164637_HG_lev1_V2_1.fits,VS1_T26_0219_003442_20260325_164637_LG_lev1_V2_1.fits,VS1_T26_0219_003442_20260325_164726_HG_lev1_V2_1.fits,VS1_T26_0219_003442_20260325_164726_LG_lev1_V2_1.fits,VS1_T26_0219_003442_20260325_164815_HG_lev1_V2_1.fits,VS1_T26_0219_003442_20260325_164815_LG_lev1_V2_1.fits,VS1_T26_0219_003442_20260325_164904_HG_lev1_V2_1.fits,VS1_T26_0219_003442_20260325_164904_LG_lev1_V2_1.fits,VS1_T26_0219_003442_20260325_164953_HG_lev1_V2_1.fits,VS1_T26_0219_003442_20260325_164953_LG_lev1_V2_1.fits,VS1_T26_0219_003442_20260325_165042_HG_lev1_V2_1.fits,VS1_T26_0219_003442_20260325_165042_LG_lev1_V2_1.fits,VS1_T26_0219_003442_20260325_165131_HG_lev1_V2_1.fits,VS1_T26_0219_003442_20260325_165131_LG_lev1_V2_1.fits,VS1_T26_0219_003442_20260325_165220_HG_lev1_V2_1.fits,VS1_T26_0219_003442_20260325_165220_LG_lev1_V2_1.fits,VS1_T26_0219_003442_20260325_165309_HG_lev1_V2_1.fits,VS1_T26_0219_003442_20260325_165309_LG_lev1_V2_1.fits,VS1_T26_0219_003442_20260325_165357_HG_lev1_V2_1.fits,VS1_T26_0219_003442_20260325_165357_LG_lev1_V2_1.fits,VS1_T26_0219_003442_20260325_165446_HG_lev1_V2_1.fits,VS1_T26_0219_003442_20260325_165446_LG_lev1_V2_1.fits,VS1_T26_0219_003442_20260325_165535_HG_lev1_V2_1.fits,VS1_T26_0219_003442_20260325_165535_LG_lev1_V2_1.fits,VS1_T26_0219_003442_20260325_165624_HG_lev1_V2_1.fits,VS1_T26_0219_003442_20260325_165624_LG_lev1_V2_1.fits,VS1_T26_0219_003442_20260325_165713_HG_lev1_V2_1.fits,VS1_T26_0219_003442_20260325_165713_LG_lev1_V2_1.fits,VS1_T26_0219_003442_20260325_165802_HG_lev1_V2_1.fits,VS1_T26_0219_003442_20260325_165802_LG_lev1_V2_1.fits,VS1_T26_0219_003442_20260325_165851_HG_lev1_V2_1.fits,VS1_T26_0219_003442_20260325_165851_LG_lev1_V2_1.fits,VS1_T26_0219_003442_20260325_165940_HG_lev1_V2_1.fits,VS1_T26_0219_003442_20260325_165940_LG_lev1_V2_1.fits,VS1_T26_0219_003442_20260325_170029_HG_lev1_V2_1.fits,VS1_T26_0219_003442_20260325_170029_LG_lev1_V2_1.fits,VS1_T26_0219_003442_20260325_170118_HG_lev1_V2_1.fits,VS1_T26_0219_003442_20260325_170118_LG_lev1_V2_1.fits,VS1_T26_0219_003442_20260325_170206_HG_lev1_V2_1.fits,VS1_T26_0219_003442_20260325_170206_LG_lev1_V2_1.fits,VS1_T26_0219_003442_20260325_170255_HG_lev1_V2_1.fits,VS1_T26_0219_003442_20260325_170255_LG_lev1_V2_1.fits,VS1_T26_0219_003442_20260325_170344_HG_lev1_V2_1.fits,VS1_T26_0219_003442_20260325_170344_LG_lev1_V2_1.fits,VS1_T26_0219_003442_20260325_170433_HG_lev1_V2_1.fits,VS1_T26_0219_003442_20260325_170433_LG_lev1_V2_1.fits,VS1_T26_0219_003442_20260325_170522_HG_lev1_V2_1.fits,VS1_T26_0219_003442_20260325_170522_LG_lev1_V2_1.fits,VS1_T26_0219_003442_20260325_170611_HG_lev1_V2_1.fits,VS1_T26_0219_003442_20260325_170611_LG_lev1_V2_1.fits,VS1_T26_0219_003442_20260325_170700_HG_lev1_V2_1.fits,VS1_T26_0219_003442_20260325_170700_LG_lev1_V2_1.fits,VS1_T26_0219_003442_20260325_170749_HG_lev1_V2_1.fits,VS1_T26_0219_003442_20260325_170749_LG_lev1_V2_1.fits,VS1_T26_0219_003442_20260325_170838_HG_lev1_V2_1.fits,VS1_T26_0219_003442_20260325_170838_LG_lev1_V2_1.fits,VS1_T26_0219_003442_20260325_170927_HG_lev1_V2_1.fits,VS1_T26_0219_003442_20260325_170927_LG_lev1_V2_1.fits,VS1_T26_0219_003442_20260325_171015_HG_lev1_V2_1.fits,VS1_T26_0219_003442_20260325_171015_LG_lev1_V2_1.fits,VS1_T26_0219_003442_20260325_171104_HG_lev1_V2_1.fits,VS1_T26_0219_003442_20260325_171104_LG_lev1_V2_1.fits
VS1_T26_0212_003435_20260324_035621_HG_lev1_V2_1.fits,0.9999999999999999,0.6244696267297934,0.9965631066810271,0.6289407519315181,0.9995153110845718,0.6098893113926273,0.9980808194188516,0.6060468155954583,0.9962026124983094,0.5949078603508687,0.9804686040217133,0.568261511994915,0.9869469455540636,0.5258700188653804,0.9877431331617227,0.5490304520145581,0.9873102801992715,0.5336581154380539,0.9869436141105334,0.5491427956710969,0.9843914893631274,0.5387820460540169,0.989812983542584,0.5409844829153271,0.9853260547827991,0.5418193093026892,0.9919692785083684,0.5675085836864787,0.985447074246047,0.5998734875025872,0.9894628517954492,0.5516578344549573,0.9933748085934248,0.5741904468642536,0.990085874264537,0.5998172509033529,0.9887929184295843,0.5936111199743245,0.9949725129639726,0.5947606819760781,0.9959808111282556,0.5812078273616729,0.990655432636807,0.5905546074684167,0.9952761115205053,0.5875736354569504,0.9945126773565519,0.5844515418939636,0.9920049074198259,0.6131496366726658,0.9954476371018272,0.6144176257999026,0.9966621702819987,0.6199464479704608,0.9965229324677548,0.6214061495510731,0.9910625569936693,0.6321966774733706,0.9864196397586055,0.637620666337335,0.9935502239454483,0.6770160591961211,0.9928448313023506,0.6412628243823235,0.9944816967264811,0.6189090051236125,0.9919367716728632,0.6235541248699357,0.9925877073153997,0.6173351642445613,0.9917942468909574,0.610511121713301,0.9916529029070347,0.5882937346469969,0.9867639792087957,0.5955989060048535,0.990462684545134,0.5744357826718445,0.9909629121695731,0.578465762089369,0.9943875258127269,0.5762181446802295,0.993736997086321,0.5951247547167412,0.9924719485469773,0.5806245860836076,0.9952481464244345,0.595909294437412,0.9918325901970958,0.5713763445888393,0.9912212797052589,0.5804635542262537,0.9898271642906838,0.5589342847864439,0.9930599686763419,0.5961801488525756,0.992767695367338,0.581195677286066,0.9862140337798918,0.5902957884225406
VS1_T26_0212_003435_20260324_035621_LG_lev1_V2_1.fits,0.6244696267297934,0.9999999999999998,0.6601337376748249,0.9967317106193071,0.6382320075119088,0.9985272624858448,0.6519204957302439,0.9984133422670928,0.6627174849180716,0.9954583745119931,0.6994620427101775,0.9620423223762256,0.6800355955280714,0.9831590844389975,0.6766444945637431,0.975354645206175,0.6742513266242762,0.9758441480751969,0.6794651149246276,0.9781200522929575,0.6876651833556184,0.9759397928842692,0.6702892139284592,0.9846751458601577,0.6890779043722306,0.9792421759706251,0.6651493431420328,0.9734750337308463,0.690097622085516,0.9543477458805494,0.6774512094291338,0.9780006153282537,0.6632928291301322,0.9585211416590759,0.676369286143682,0.9467953388808915,0.6824256502884843,0.9632716831787639,0.653944403998712,0.9545862683308102,0.6487823091528666,0.9640894764353732,0.6756383215907623,0.9573981090871565,0.6583375981069876,0.9577669575404375,0.6610326043849865,0.9560084272442638,0.673869893015798,0.9480299600250488,0.6556971274246148,0.9595626667470002,0.6512489393580068,0.9585135120716484,0.6510636701546111,0.9387028923894333,0.6761896321653754,0.9489663814312028,0.6886402131670666,0.951292177396915,0.6688370363732643,0.9456398233929162,0.6720769370327904,0.9703847463542844,0.6651937922047908,0.9594034419611354,0.6737316364543433,0.9501458679484155,0.6704332703524399,0.9539123214749422,0.6735117637110976,0.9521695907811937,0.6735669409344873,0.9699941236694805,0.6885497108943528,0.9480361404535937,0.677432583830629,0.9626316247935385,0.673950644457455,0.9598745580700555,0.6570380443367833,0.959853657621531,0.6617571702523538,0.9618539035670758,0.6666690192892842,0.9533108615618934,0.6487925738672289,0.9573503648552092,0.6705769608608736,0.9596267997137744,0.6717555014571092,0.9520411027197809,0.6787793311165863,0.9565997420733517,0.6665214438891223,0.9476091987511571,0.6679706682675521,0.9599256260266086,0.6892692854938989,0.9563292093480746
VS1_T26_0212_003435_20260324_035710_HG_lev1_V2_1.fits,0.9965631066810271,0.6601337376748249,1.0000000000000002,0.668838105610538,0.9985126383487706,0.6440482026221506,0.999675281993777,0.6423758274882939,0.9999364434742063,0.6352735660502319,0.9917700141099481,0.6201799780802949,0.9936514814715903,0.5736481089413419,0.9936973989398723,0.5988699143081692,0.9926794572292216,0.5841435131833157,0.9934787128762312,0.5984465031779046,0.9927876205442346,0.5891143643433734,0.9944837423032823,0.5884304013866372,0.9942218850430203,0.5910051666871377,0.9957017592749667,0.6176005391652362,0.9947866981212299,0.6526979768600593,0.9958307045185048,0.6014841755612023,0.9968327185722357,0.6249746750916337,0.9963069464711813,0.6530115072218634,0.9964815569386862,0.6437945055152282,0.9965167743157357,0.6474488910067204,0.9965984022639774,0.6308054890637467,0.9969034547731985,0.6434555920085004,0.9980349631937895,0.6384749973728252,0.9977044293672935,0.637760168471872,0.9980543816571825,0.6653674743360358,0.9976280716587065,0.6657570907876025,0.9980806479373685,0.6708549261904082,0.997793654189411,0.6760835099304565,0.9978731898731905,0.6838286558891554,0.9962296822901221,0.689942013220846,0.9989188413010027,0.7274892959229596,0.99905593081304,0.689698736742605,0.9989379726038944,0.6705465440179592,0.9980325660120307,0.6762850221218268,0.9978796752572703,0.6694600949628554,0.997733416268437,0.6629848965091915,0.9974603105221591,0.6376137981318071,0.9960395059647059,0.6473003829908872,0.9970416500234311,0.6245910126369129,0.9967674853475714,0.6290956042186403,0.9965906040414507,0.6266115082173142,0.9968480107634103,0.6433991470746996,0.9965950165676911,0.63093606930567,0.9957299007384324,0.6459457540430283,0.9967716314483356,0.6202371956260189,0.9963169406501382,0.6327932636718671,0.9965397589699236,0.6089906285510834,0.9971928285923835,0.648002718456832,0.9972878285435621,0.6306771750495126,0.9953854463225822,0.6418418081823665
VS1_T26_0212_003435_20260324_035710_LG_lev1_V2_1.fits,0.6289407519315181,0.9967317106193071,0.668838105610538,1.0000000000000002,0.644136772741634,0.9946799004897461,0.6593366873920198,0.9969969821338067,0.6716861130683492,0.9984284973010199,0.7106594072681077,0.9800164647916147,0.6884117957290157,0.9898194548385598,0.6843876997508529,0.987930058984963,0.6815586675486776,0.9866141110402302,0.6876919478109392,0.9894031353079206,0.6968214806309649,0.9875002412784156,0.6770711035592648,0.9918242230887677,0.698649386751092,0.9896526699908055,0.6712257896440488,0.9875574608904594,0.6998985625090959,0.9747111148355004,0.685279535817285,0.9893165747502695,0.6693511455593988,0.9774937367886989,0.6841305709807115,0.9693469413048373,0.6912728686732027,0.9813723112507688,0.65889852096156,0.9750184974735934,0.653029275356139,0.9813820058960058,0.6833609058610026,0.9767114707015493,0.6641129169322474,0.9770963920832711,0.6669929730201595,0.9755145987019481,0.6819064066948615,0.9702248250025233,0.6609165985964682,0.978587341666968,0.656337928528643,0.9779157466275988,0.6559728791326551,0.9613101180745285,0.6847787332635571,0.9707042454355951,0.6996237931662502,0.9707143570731371,0.677069444317468,0.9654510801617013,0.6815147156191487,0.9809574736371736,0.6727893729134579,0.9780060760897689,0.68175994215816,0.9711081347241352,0.677767968680845,0.9743999090728411,0.6813106602796514,0.9732062424494586,0.6812640871896712,0.9857581295921343,0.6986414439004891,0.970192876090559,0.685623852299779,0.9802417138811091,0.6813644199603381,0.9785357330384001,0.6622317799439982,0.9784131726401624,0.6676856600168336,0.9798780728947037,0.6730650586714172,0.9735927853150504,0.6530489097842656,0.977107730403978,0.6776378543797867,0.9775437848595804,0.6790812418277736,0.973162611577219,0.6869373635035996,0.9751057470720079,0.6731214515796224,0.969953877794715,0.6746771423160333,0.9782813052531557,0.6990453176244183,0.9763654540963803
VS1_T26_0212_003435_20260324_035759_HG_lev1_V2_1.fits,0.9995153110845718,0.6382320075119088,0.9985126383487706,0.644136772741634,1.0,0.6231380647243675,0.9995051075403536,0.6200323049711798,0.9983254544664569,0.6103168660206807,0.9859640940682328,0.5876518368823361,0.991056686113496,0.5441609796081198,0.9915989656367034,0.56782734869745,0.9910735271108648,0.5529021522988413,0.9910144010945199,0.5678459170026678,0.9890501571092558,0.5577694993565121,0.9931458648533927,0.5590927558484817,0.9899327436760912,0.5602908877023335,0.9948003874233076,0.5862097961266477,0.9900255475711343,0.6195500562313251,0.9931294379106446,0.5702929614303972,0.9959454435530051,0.5927879806791094,0.99362777110554,0.619505988134303,0.9926833023167211,0.6121041219757353,0.9968938232848176,0.6141978790481039,0.9974503814585052,0.5993684143562646,0.9940403615195785,0.6099933493486578,0.9972975579687408,0.6060315111300011,0.9967895531654329,0.6039240968098047,0.9950791941315076,0.6321582068800733,0.997294260183066,0.6333152729306154,0.9981277592653073,0.6385817527013327,0.9980168344948702,0.641478272862623,0.9942353296377214,0.6510052069153645,0.9907076812230565,0.6570141382782013,0.9962459073940243,0.695808864554822,0.9958166515182922,0.6593695946587541,0.996997701996847,0.6379056798570324,0.9949807635754515,0.6428923571171944,0.9954783330479391,0.6365053674772453,0.9949270338448607,0.6297632800069326,0.9948565429956185,0.6065281862969171,0.9910555880562667,0.614394993361186,0.9939802096883401,0.592846989844857,0.994262054860765,0.5970223073301362,0.9965167633453318,0.5946797673986428,0.9962001659941355,0.6129415347082843,0.9953003681113819,0.5990040774619306,0.9968578385212646,0.6143256522530661,0.994928770558537,0.5892470028481367,0.9944812896196203,0.5997065935085988,0.9934677703696599,0.577097096940743,0.9958182039880938,0.6151490803322085,0.9955884302619368,0.5992815106075227,0.9906389398338165,0.609194863674607
VS1_T26_0212_003435_20260324_035759_LG_lev1_V2_1.fits,0.6098893113926273,0.9985272624858448,0.6440482026221506,0.9946799004897461,0.6231380647243675,1.0000000000000002,0.6361942856359173,0.9994865655548849,0.6467041515979595,0.9957888465349669,0.6803832063590366,0.9590176664266441,0.6620976128139088,0.9813155133044629,0.6587093340467668,0.9732857985436421,0.6564899492002676,0.9724234476491114,0.6615408393502658,0.9757654819485333,0.6690999436141327,0.9730504813609585,0.652381269731716,0.9825895282581889,0.6702746082820762,0.9771220652374352,0.6471372025733159,0.9705712746856946,0.6709825386473928,0.9483431362918455,0.6589213435589805,0.9747114837310582,0.645308739924279,0.9572886596437424,0.6578171463927595,0.9416486135356306,0.6635821677688125,0.960686017180002,0.6364611276928199,0.9493714455635314,0.6312480591883054,0.9629906809732239,0.6568654799574913,0.9513299429918789,0.6403409949947847,0.9553097173237383,0.6429677866093971,0.9500102009101399,0.6553067026452092,0.9428130262349024,0.6376664176896625,0.9536605317408996,0.6335882978171005,0.9529841787523126,0.6334277334782464,0.9280982144875454,0.6573977228619949,0.9423857275100075,0.6698386950020718,0.9409105014071988,0.6508641607042582,0.9338676011812432,0.6545610292885988,0.958626188915748,0.6474705216421973,0.9521642844074891,0.6550826618986421,0.9420117918595593,0.6518873823125421,0.9473192828012745,0.6549088817756523,0.9460688676763414,0.6550836817672934,0.96773429643398,0.6694952679911496,0.9453083339191207,0.6588520926193215,0.9615557871990236,0.6553030570795386,0.9583449007114025,0.6392362333466121,0.9587904881893707,0.6439375902125061,0.9618681617433416,0.6485029713980951,0.9529463811129026,0.6315643558924231,0.9557576766712925,0.6523718480412902,0.9606873628133148,0.6537852366638964,0.9492109143133959,0.660137381855852,0.9573248483767887,0.6484610970952324,0.9448344697527399,0.6496354219895042,0.9596155162681318,0.6701631272005024,0.9531498778802803
VS1_T26_0212_003435_20260324_035848_HG_lev1_V2_1.fits,0.9980808194188516,0.6519204957302439,0.999675281993777,0.6593366873920198,0.9995051075403536,0.6361942856359173,1.0000000000000002,0.6338804312914471,0.9996180850343411,0.6256466791128834,0.9903242451273315,0.6072183929649884,0.9937224746694542,0.5624188833060567,0.993991077218638,0.5867169047400542,0.9932709510204679,0.5721679704005579,0.9936240965636177,0.5865883320887406,0.9923590917473122,0.5769063907455029,0.9950453400293343,0.5771940351367608,0.9933826810951921,0.5789524031473344,0.9963181250710899,0.6051401595103162,0.9936098102321858,0.6394811515097495,0.9956223460825644,0.5891979967233898,0.9973245042899647,0.6117673559132959,0.9960497052017967,0.6394881168290639,0.9956235899716644,0.6309180547624906,0.9975518676638365,0.6340198737944024,0.9977434648425466,0.6179027895068674,0.9964443729002891,0.6299382022688919,0.9983521906054241,0.6250383504016929,0.998029417978563,0.6239951976682611,0.9973530212396878,0.651700336429129,0.998145268188909,0.6526343793872192,0.9986566955414065,0.6576939395653031,0.99850896936801,0.6621495550116019,0.9967631423796766,0.6703602931125997,0.9943409288787468,0.6768528419166665,0.9982010350359833,0.7149649204487165,0.9980527037954755,0.6779341719702696,0.9986329930578574,0.657377085510013,0.997264932922451,0.6627641516576083,0.9974859607790691,0.6561202030972848,0.9971783374854893,0.6494850280293263,0.9970798700136714,0.6250462814184166,0.9945558338606193,0.6336756460562845,0.996502653738348,0.6115986791484136,0.9965129074073936,0.615951578738268,0.9974252415550897,0.6135074072004884,0.9974483916401379,0.6309464183515194,0.9969387795686768,0.6177376516197894,0.9971280993596259,0.6330226439960666,0.9968658319550988,0.6074343817850998,0.9964899832610643,0.6193073884456588,0.9960639514700361,0.5957200787746453,0.9974398694342025,0.6344955625075498,0.9973482760699869,0.6177241376660407,0.9941438324225896,0.6285009727130497
VS1_T26_0212_003435_20260324_035848_LG_lev1_V2_1.fits,0.6060468155954583,0.9984133422670928,0.6423758274882939,0.9969969821338067,0.6200323049711798,0.9994865655548849,0.6338804312914471,1.0,0.6451134090190535,0.9982044168752485,0.6805507196813119,0.9675570556340354,0.6607604841893842,0.9861268137995388,0.657087095701764,0.9800046842682641,0.6546417558511709,0.978778302359521,0.6601301176217422,0.9820168534339041,0.6682410751655535,0.9795911857250672,0.650322053608428,0.987456376901441,0.6696383180956282,0.9831826296302231,0.6447752073252064,0.9777325946431834,0.6705087397838113,0.9576401959131027,0.657438915732141,0.9811159748303167,0.6429175760779609,0.9659402218561656,0.6563074714209445,0.9516273934127464,0.6626064953485,0.9689410411341474,0.6334771252013907,0.9586877537303308,0.6279506580721184,0.9709872784381398,0.6553762335294026,0.9603795988697219,0.6378087324280345,0.9640805743059936,0.6405375285299081,0.9592239703879364,0.6538830483649012,0.952539015871086,0.6348937727930994,0.9623454447197549,0.6306752950120553,0.9616965856877158,0.6304313614833653,0.9383533837029864,0.6562642336149657,0.951854060749888,0.6698315944968741,0.9498356261536569,0.6494258497609576,0.9425069604750255,0.6535787247964571,0.9644882537994879,0.645709942935573,0.9607955340938688,0.6536729200999419,0.9514581707769304,0.6501631058641295,0.956530143263729,0.653406522517751,0.9555031320252536,0.6535166825774605,0.975232806138526,0.6691184853021716,0.9549606749487434,0.6575275683444163,0.9697538790311931,0.6536525731451484,0.9668861485488461,0.6364256944515779,0.9672658760791014,0.6414523146606312,0.9697780249955004,0.6462998740307887,0.9618742221668495,0.6282239145088412,0.9644290624876586,0.6504694349988069,0.968735043251234,0.6519593622354912,0.9586801265051036,0.658803895695911,0.9657902512820893,0.6463178730408667,0.954551138366418,0.6475943357881258,0.9678844702868545,0.6696575271026681,0.9621852801342698
VS1_T26_0212_003435_20260324_035937_HG_lev1_V2_1.fits,0.9962026124983094,0.6627174849180716,0.9999364434742063,0.6716861130683492,0.9983254544664569,0.6467041515979595,0.9996180850343411,0.6451134090190535,1.0,0.6381599559749397,0.9924632551477471,0.6235850127840533,0.9943326137304487,0.5770692472519346,0.9943468185594464,0.6022989571941381,0.9934074837487479,0.5877261780093639,0.9941801328952719,0.6019395101860309,0.9934986011082526,0.5925841988030647,0.9949941363865055,0.5917496239607285,0.9947628187999543,0.5942796852884407,0.9960118319932474,0.6208656075700293,0.9951829403401679,0.6560548691601269,0.9962004932126461,0.6047108271303365,0.9970122569217058,0.628099692563412,0.9966038767022041,0.6563406035777481,0.9967304315134865,0.6469108169535291,0.9966408206847672,0.6506989696673282,0.9965830872320692,0.633783253519483,0.9970600773539288,0.6466722015675013,0.9979497774114994,0.6414212600461097,0.9977148426033067,0.6408835704854277,0.9980741084861506,0.6683949523480213,0.9975359200955186,0.668806399402033,0.9978874773796805,0.6738250089722562,0.9976582800526798,0.679234820783039,0.9977982732769626,0.6867780607586182,0.9962808288286807,0.693040219033365,0.9987720023206669,0.730525278640717,0.9989457789381538,0.6925041679035218,0.9988373570320134,0.6735300630563992,0.9980124799160278,0.6793535449642495,0.9978885819642995,0.6725662735713307,0.9977830578078271,0.6661117331670734,0.9975967187188619,0.6406378396067443,0.9962496638603026,0.6503824432620483,0.9972529342835811,0.6276130913042154,0.9969603671205604,0.6321757190631523,0.9967066472198401,0.6296953300650888,0.9970361561500818,0.6464886147915954,0.9968232908389085,0.6340343835561242,0.9958589052343707,0.6491182220779262,0.9970349373410863,0.6232935433961266,0.996686357186063,0.6360801515079433,0.9968396170735971,0.6119899999799928,0.9973811185563707,0.6511624147641988,0.9974225383469787,0.6336740758963799,0.9957293389180408,0.6449829828299545
VS1_T26_0212_003435_20260324_035937_LG_lev1_V2_1.fits,0.5949078603508687,0.9954583745119931,0.6352735660502319,0.9984284973010199,0.6103168660206807,0.9957888465349669,0.6256466791128834,0.9982044168752485,0.6381599559749397,1.0,0.6773756289125498,0.9807447657545303,0.6548754673884953,0.9928062520775621,0.6506805724169044,0.9899628744192489,0.6478615480364643,0.9882614063702266,0.6541119997361079,0.9911444368759168,0.6632351931335059,0.989273495265229,0.6430832318537414,0.994159865721592,0.6649460293267243,0.9919407063863146,0.6369059927896191,0.9883623109404158,0.6660457906863211,0.9721162858443314,0.6511551315076547,0.9904567675997586,0.634910159513499,0.9790856543880501,0.6499434753975191,0.9672857642686608,0.6571493509902328,0.9813503103023117,0.6243733134064273,0.9731080199534491,0.618208863627722,0.9829220783522654,0.6489803637531495,0.9742866638873883,0.6293966084412341,0.9773320368533976,0.6323649624199824,0.9734280317461436,0.647461714154283,0.9675157816839204,0.6260523969976203,0.9755290518965218,0.6215075098898225,0.9748410828463335,0.6211450131457502,0.9544561332209758,0.6503057450724494,0.9663049503657358,0.6660287062263931,0.9635026385315413,0.6429239386905814,0.9555042571097919,0.647903192078689,0.9726080087617721,0.6386848188980278,0.9739018297225007,0.647260148121062,0.9659987465042541,0.6432447496162528,0.9706617039819645,0.6469071113631333,0.9700396088349218,0.6469497797341922,0.9863333998186669,0.6646984968806813,0.9698044670705104,0.651427978677008,0.9821297710704213,0.6469882437806098,0.979841098733643,0.6276445949807794,0.9800898449718394,0.6332689098338616,0.9814992316594623,0.6386537380454483,0.9754584552782272,0.6184869409200545,0.9775406943953548,0.6433644205190582,0.9807163851373234,0.645038198346377,0.9733538014011981,0.6527113924107637,0.978551096316447,0.6387371858847487,0.9695859803359272,0.6401783887555174,0.9802791708023411,0.6650744831381867,0.9760124890424944
VS1_T26_0219_003442_20260325_163513_HG_lev1_V2_1.fits,0.9804686040217133,0.6994620427101775,0.9917700141099481,0.7106594072681077,0.9859640940682328,0.6803832063590366,0.9903242451273315,0.6805507196813119,0.9924632551477471,0.6773756289125498,1.0,0.6726683302065509,0.9981762658654396,0.6284131595730547,0.9976083220178901,0.6518318788872166,0.996777659161294,0.6414467656814561,0.998005359528783,0.6521549105512947,0.9991994476567823,0.6440067383437355,0.9966120973105906,0.6418837505385547,0.9995539294548096,0.6435243377367386,0.9957267165133795,0.6690101502698443,0.9994239174517924,0.7062527746042475,0.9981172058585374,0.6544878955832024,0.9952987613457703,0.671554044176296,0.9979061215681103,0.7047526492002605,0.9984577630730882,0.6911392222486255,0.9929022749816346,0.6990615979534303,0.9912375841915987,0.6761559216486069,0.9974714900502302,0.6959246800429776,0.9935330544466244,0.684199748711442,0.9944628958553969,0.6899414417685833,0.9963828622738671,0.7133501121267714,0.9928671137122348,0.7157312009962341,0.9913658333987644,0.7189874888821097,0.9915397028296064,0.7316013504488703,0.9958608390068658,0.7317216515068636,0.9974302862367571,0.7443616857997253,0.9948846971696885,0.7798009827938241,0.995143967812637,0.744208447051793,0.9948642153155269,0.7217348831047704,0.9961385417540458,0.7280754043765506,0.9961103333358602,0.720180858652178,0.9967292285927496,0.7134825249746198,0.9971089207494881,0.6850227134244452,0.9985141399395754,0.6932977679138767,0.9978384161387335,0.6710222073859979,0.9973368802101052,0.6757665307800075,0.9937230702826865,0.6727124551245428,0.9949395616896659,0.6866975912044361,0.9960515584881988,0.6753312546486857,0.9913763962634764,0.69160924609912,0.9968678627816882,0.663121307532815,0.997153518419979,0.6820446520860091,0.9981353562613304,0.6526870212800864,0.9959744842259044,0.6950105319850116,0.9961456733348985,0.6747275186508847,0.9991403503121247,0.690030143252233
VS1_T26_0219_003442_20260325_163513_LG_lev1_V2_1.fits,0.568261511994915,0.9620423223762256,0.6201799780802949,0.9800164647916147,0.5876518368823361,0.9590176664266441,0.6072183929649884,0.9675570556340354,0.6235850127840533,0.9807447657545303,0.6726683302065509,1.0,0.6422906215853561,0.9879256556958268,0.636588030491003,0.9972197269576626,0.6326604167548339,0.9936585434341982,0.6411604525292931,0.995736587944671,0.6531869168403187,0.9955134793269915,0.6266008019424343,0.9898008057913263,0.6559098158092682,0.9947389558252194,0.6186795013373895,0.9987143595512934,0.6577402768174623,0.9977696691922823,0.6375613249174785,0.995825347826478,0.6164107636942402,0.9983078938757337,0.6361454025139963,0.9969923127718802,0.6460892125734137,0.998897449721881,0.6027317194324925,0.9983066205499167,0.5948213189415218,0.9979400024679984,0.6351738694248382,0.997866987698402,0.6099307417317721,0.9976740223054797,0.6135153698952464,0.997700253354769,0.6338541278797604,0.9955181851218722,0.6053359787429429,0.9971580014029406,0.5999580539024385,0.996574823131349,0.5992123188477774,0.9880371296980602,0.6381328597420517,0.9935126555175753,0.6598385100911339,0.9889575340236736,0.6290812525248354,0.9809001509755023,0.6364442457962444,0.9792767916848646,0.6232039349805077,0.9956254761248398,0.6336947801698549,0.993462023452325,0.628074676361846,0.9960143791472303,0.6329273470511593,0.9964963055091013,0.6327059633417417,0.9987547218986883,0.6567242448267415,0.9962928220614465,0.6385120010186299,0.9982976739273255,0.6323717400733292,0.9984743452498246,0.6069099535878858,0.9981528107731553,0.6142804310825428,0.9963486495301725,0.6211797822077283,0.9964221090910191,0.594994701065111,0.9976767054107544,0.6274799118192642,0.9955113106367405,0.629635069846305,0.9985702523201562,0.6398247127579327,0.9956144338481717,0.621529888708316,0.9966397067386981,0.6234662496007374,0.9968969721803362,0.6565492208321788,0.9985866362462562
VS1_T26_0219_003442_20260325_163602_HG_lev1_V2_1.fits,0.9869469455540636,0.6800355955280714,0.9936514814715903,0.6884117957290157,0.991056686113496,0.6620976128139088,0.9937224746694542,0.6607604841893842,0.9943326137304487,0.6548754673884953,0.9981762658654396,0.6422906215853561,1.0000000000000002,0.6013108058062413,0.9999504489576585,0.6230464219110178,0.9997780236625536,0.6125852732507264,0.9999934128988244,0.6239216187961077,0.999756529487139,0.6148518937701773,0.9996364108232366,0.6148899734816826,0.9992471284717791,0.6148751285578303,0.998970968093038,0.6396784334407819,0.9983799706868425,0.6752144512869249,0.9993837522151381,0.6252639853872418,0.9983608157189966,0.641163837205523,0.9991002354999711,0.673281209668296,0.9982884338951182,0.6613768733554887,0.9973173384097317,0.667704964555372,0.9959782544357326,0.6464856250064928,0.9982542120721972,0.6641997603891888,0.9963721434771614,0.6533080536382707,0.9972436460772791,0.6576651020181701,0.9967873271319863,0.6818001318497764,0.9961505745052942,0.6851145531794203,0.994926294806469,0.6884548785792153,0.9953822214739192,0.6986519002545745,0.995363330153604,0.7005676255777453,0.9950517368160482,0.7133217229110466,0.99544592897911,0.7502055501295818,0.995130275157162,0.7157054095274749,0.9963562937638368,0.6908373237975525,0.9963992955173585,0.6963993575198918,0.9971895428805626,0.6890499147255298,0.9974089304578986,0.6820412342382159,0.9981489732180995,0.6558607596830177,0.9969268954730542,0.6620890044520655,0.9984599547971927,0.6410761540721681,0.9985803453031584,0.6454900904090389,0.9976230195369636,0.6425839888566647,0.9982786180509459,0.6583254982941686,0.9987166253343673,0.6452285810018654,0.9966498460785487,0.6619922377839559,0.9989518561703574,0.6339818858388949,0.9993978273499139,0.6508596162999611,0.9988461738211288,0.6224012645673027,0.9984796433767718,0.6640114021880349,0.9982065731834195,0.6451234589206601,0.9980070013368761,0.6591943624826699
VS1_T26_0219_003442_20260325_163602_LG_lev1_V2_1.fits,0.5258700188653804,0.9831590844389975,0.5736481089413419,0.9898194548385598,0.5441609796081198,0.9813155133044629,0.5624188833060567,0.9861268137995388,0.5770692472519346,0.9928062520775621,0.6284131595730547,0.9879256556958268,0.6013108058062413,1.0000000000000002,0.5964251678806124,0.996641392575754,0.5933902220764771,0.9984098878829626,0.6004730656936834,0.997903760231099,0.6116577027886241,0.9978845981062276,0.5872634953429812,0.9997919108978093,0.6131490645024233,0.998302462451412,0.579590534123939,0.9937820937142333,0.6142352392680843,0.9796398202290453,0.5964396902047916,0.9972411287879281,0.5767025459858721,0.9822628508154293,0.5948182032202592,0.9741397151336009,0.6030982497661825,0.9837719056756283,0.5640880335792432,0.9797584519646426,0.5566697730707127,0.984262056801606,0.5934450022713411,0.9818944629846429,0.5694575753838236,0.9798378462432142,0.5732447965743076,0.9814263009085779,0.5907805698059583,0.971437735704015,0.5657133321492773,0.9796624757192827,0.5597868564506842,0.9775511686752675,0.5595524300348316,0.9644072704535558,0.5939870812282674,0.9691993708771457,0.6128071690662792,0.9703927682110193,0.5845861527462229,0.9588623020901589,0.589953605813537,0.9769841701365743,0.5797205437538689,0.9788419740795905,0.590531195431255,0.9721288220367943,0.5860624932423338,0.9757770578206356,0.5904403473781976,0.9755333994636771,0.5906717999398788,0.9882298822148291,0.6118503520409958,0.9728055596577423,0.5961357406123221,0.9846146950981387,0.5911785181702335,0.9827554191635084,0.5681190166274953,0.9826149814763796,0.574669815839088,0.9802313421149965,0.5813122228718391,0.9769200241217884,0.5572702403584935,0.978907694248964,0.5867660741615124,0.9806207958661719,0.5888167421526074,0.9789200300639205,0.5979113450737482,0.9802948237024706,0.5810589829596929,0.9730646542817672,0.5828122684652227,0.980864693862418,0.6127811573941983,0.9801009046887719
VS1_T26_0219_003442_20260325_163650_HG_lev1_V2_1.fits,0.9877431331617227,0.6766444945637431,0.9936973989398723,0.6843876997508529,0.9915989656367034,0.6587093340467668,0.993991077218638,0.657087095701764,0.9943468185594464,0.6506805724169044,0.9976083220178901,0.636588030491003,0.9999504489576585,0.5964251678806124,0.9999999999999997,0.6177189469042275,0.9999055753789236,0.6073731973817172,0.9999687970102799,0.6187264471606502,0.9995431359697069,0.6095713092957558,0.9998381286319775,0.6100191213367828,0.9989562929423187,0.6096862819063495,0.9992778990456495,0.6342920407242731,0.9980336164207425,0.6694995633593148,0.9993855886250465,0.6200382137643561,0.9986760668986207,0.635383585499761,0.9991115877712705,0.6673825380544864,0.9981135900858177,0.6557756629753312,0.9978368304978357,0.6619353704799077,0.996605923252209,0.6408687016354832,0.998258620598874,0.6584997022943251,0.9967344622526166,0.6475519282781065,0.9975714860291305,0.6519003583482651,0.9967637553776936,0.6759754112045516,0.9965967315443626,0.6795558499589447,0.9954186974732407,0.6828892002809724,0.9959037735646934,0.6929142572641064,0.9952389672075863,0.6948948346674932,0.9945417189332066,0.7079328235728778,0.9954273604800382,0.7450651199917104,0.9949521379095234,0.7111215931486409,0.9964508038196846,0.6853413473145739,0.9963712237189568,0.6907599641103979,0.9972728998424532,0.6834012414848016,0.9974156051153887,0.6763063432639687,0.9981783186603361,0.6504139568712576,0.9965439423886774,0.6561704555059066,0.998405396276352,0.6353965197664794,0.9986406448218722,0.6397521692244672,0.9980838661689856,0.6368453563807257,0.9986255192198699,0.6527574584943718,0.9989671708309205,0.6393856941081798,0.9972928742728415,0.656282805975668,0.9990973375338239,0.6282887879116575,0.9995162352616335,0.6449544415273522,0.9987939435368173,0.6165765476237838,0.9987077152759408,0.6580885990909535,0.9984001554285706,0.6394280487728552,0.9976692867438276,0.6534154649455052
VS1_T26_0219_003442_20260325_163650_LG_lev1_V2_1.fits,0.5490304520145581,0.975354645206175,0.5988699143081692,0.987930058984963,0.56782734869745,0.9732857985436421,0.5867169047400542,0.9800046842682641,0.6022989571941381,0.9899628744192489,0.6518318788872166,0.9972197269576626,0.6230464219110178,0.996641392575754,0.6177189469042275,1.0,0.6142017504734522,0.9986928543840363,0.6220532593374064,0.9997696116382436,0.6336292816472836,0.9995732907582513,0.6081254549637097,0.997529377585337,0.635806073500093,0.9994938742032117,0.6003414092021401,0.9993844425171126,0.6372947774406106,0.9917381454604287,0.618254245109044,0.9994282344624088,0.5978323726844521,0.9940181832961182,0.6167546812441159,0.9888569282188766,0.6259428210557466,0.9948573846549922,0.584696467725885,0.9922471649338781,0.577038926207437,0.9947978748267036,0.6156094405065315,0.9929515480921449,0.5910699234648449,0.9924328732672328,0.5947154826510116,0.9926617770523878,0.613769476961294,0.986918689922117,0.586857856814046,0.9915426419262467,0.5812981271631503,0.9903296198842135,0.5807739348825373,0.9788311566886371,0.6175672734457868,0.9846359362428014,0.6378902714989524,0.9821806272830621,0.6084176115051183,0.9723136914012681,0.614910323274089,0.9800319109066905,0.6029929146130729,0.9901578185129765,0.6135681028082512,0.9857335396357779,0.6084478057880456,0.9890040092989574,0.613070695645832,0.9892147067676175,0.6130444478911788,0.9969105309030878,0.6357225505921493,0.9883157806716255,0.6186740838989038,0.9951167508544914,0.6130526984944126,0.9942904631758739,0.5887722119708348,0.9941237267957209,0.5957658638030343,0.9921942393355757,0.6025033129590545,0.9906233996324217,0.5773974157198339,0.9920553924771102,0.6084169687624206,0.9921010732246653,0.6105268511708916,0.9923240805550327,0.6201867616441998,0.9919651701104018,0.6026092713384852,0.988564049257768,0.6044447408335767,0.9927534533321528,0.636017798326814,0.9928770059774779
VS1_T26_0219_003442_20260325_163739_HG_lev1_V2_1.fits,0.9873102801992715,0.6742513266242762,0.9926794572292216,0.6815586675486776,0.9910735271108648,0.6564899492002676,0.9932709510204679,0.6546417558511709,0.9934074837487479,0.6478615480364643,0.996777659161294,0.6326604167548339,0.9997780236625536,0.5933902220764771,0.9999055753789236,0.6142017504734522,1.0,0.6041019379580929,0.9998413935483947,0.6153905877112894,0.9991782335460743,0.6060785232418404,0.9997653697734563,0.6068970326982758,0.9982804098281194,0.6061280182924369,0.9990833463687768,0.630499864963024,0.9971031079053727,0.6654145190008358,0.9988644749877651,0.6163405982586838,0.9983194082483836,0.6310814615882773,0.9985151477591491,0.6631106348434972,0.9972050548985103,0.6516251104963744,0.997674449666558,0.6576567258046717,0.996385726788163,0.6366135691304229,0.9974681041946891,0.6541631036191725,0.9960921244381846,0.6430139151563322,0.9970089771756959,0.6473966909889448,0.9957333531610401,0.6713894912919343,0.9960412012008294,0.6752758525289838,0.9948004222625927,0.6785114482583741,0.9953924341228884,0.6883731875388014,0.9939520492469498,0.6903437924816909,0.9930232806956757,0.703741096554673,0.9942651805002964,0.7410435195757035,0.9936803956553049,0.7073905098752343,0.9955168709151457,0.6810195888090252,0.9952829301141862,0.6863135117130175,0.9963880713397902,0.679054923447439,0.9964899493333265,0.671894950362639,0.9973973401172541,0.6463741282182346,0.9953209886729467,0.6516166249160752,0.9976094203992841,0.6311510861396915,0.997969013018395,0.6354586691447196,0.9978342764204129,0.6325645503050813,0.9983184758603251,0.6487377732713527,0.9985830146815654,0.6350381255979498,0.9972954998107036,0.6521120340600662,0.9986228663344173,0.6240881999407956,0.999152734802083,0.6406427339340606,0.9980874933303328,0.6121412295858256,0.9982412783611658,0.6536572322271419,0.997815178229304,0.6351394367557818,0.9966578421233683,0.6490701065334784
VS1_T26_0219_003442_20260325_163739_LG_lev1_V2_1.fits,0.5336581154380539,0.9758441480751969,0.5841435131833157,0.9866141110402302,0.5529021522988413,0.9724234476491114,0.5721679704005579,0.978778302359521,0.5877261780093639,0.9882614063702266,0.6414467656814561,0.9936585434341982,0.6125852732507264,0.9984098878829626,0.6073731973817172,0.9986928543840363,0.6041019379580929,1.0,0.6116780943772121,0.9993607580822536,0.6235309976682084,0.9996519650541238,0.5976684970442324,0.9985983627700736,0.625227673292718,0.9989727106290063,0.5895929705738856,0.9970627066349305,0.6264625501932426,0.9882155323917373,0.6074971910303278,0.998949564320237,0.5866279535284615,0.9877096178549559,0.6058175617622832,0.9836515210322042,0.6147027791174253,0.9893685059116519,0.5732828072734418,0.9879334323600021,0.56546938010875,0.9886115865266365,0.6044333806007165,0.9897062945179601,0.5791277454995764,0.9859737823438707,0.5830715701686543,0.989230578071119,0.6017911892012137,0.980657956173414,0.5751176107411909,0.9872905587885445,0.5689609939064683,0.985233867041936,0.568656225880441,0.9763290160234114,0.605299441064709,0.9788015064894289,0.6253596208447638,0.9803845664944784,0.5954295010418036,0.9699515995475936,0.6012590635201998,0.9822292693731427,0.5901927757775686,0.9867795353069172,0.6015474402119071,0.9819411660798123,0.5967194673796286,0.9846270431607701,0.6013624723410527,0.9844700197799708,0.6015447385542144,0.9922204534789162,0.6241160969962898,0.9808873772523979,0.607316457035861,0.9891330426454374,0.6019910668659375,0.9881396497001641,0.5775315836443258,0.9877361826216186,0.5844816886882024,0.9847276020922064,0.5914843241003294,0.9828297299758579,0.5660409463571371,0.9851386965962594,0.5972932673163782,0.9844580660758367,0.5994459747378139,0.9864464707149743,0.6091341913452819,0.984507532969532,0.5912788064701153,0.981334909813376,0.5931492135882953,0.985542191013613,0.6249684104022303,0.9870927857981241
VS1_T26_0219_003442_20260325_163828_HG_lev1_V2_1.fits,0.9869436141105334,0.6794651149246276,0.9934787128762312,0.6876919478109392,0.9910144010945199,0.6615408393502658,0.9936240965636177,0.6601301176217422,0.9941801328952719,0.6541119997361079,0.998005359528783,0.6411604525292931,0.9999934128988244,0.6004730656936834,0.9999687970102799,0.6220532593374064,0.9998413935483947,0.6116780943772121,0.9999999999999997,0.6229897387785389,0.99970557905431,0.6138898429617028,0.9996703502021204,0.6140286052350421,0.999128434671639,0.6138936613658746,0.9989898349727314,0.6386214081631738,0.9982077154976883,0.6740663359709678,0.9993180068877948,0.6242584698134624,0.998349106603413,0.6399297975381522,0.9990194297211298,0.6720605288308028,0.9981344974724865,0.6602000982282672,0.9973575984344986,0.6665106158280389,0.9960194602720461,0.6452692796902749,0.9981365924893416,0.6630240251192175,0.9963091734958931,0.6520372634429423,0.9971936583829546,0.6564462564871808,0.9966241148488725,0.6805254297985105,0.996113893608182,0.6839389681361507,0.994877881374618,0.6872540661861153,0.9953579576497845,0.6974497372137561,0.9951436663057912,0.6993233514251157,0.9947372776533221,0.7122207341202517,0.9952407848339296,0.7491640676127576,0.99487972186327,0.7148099256724059,0.9961997786997875,0.6896696503941394,0.9962249553374697,0.6952033422924474,0.997059675811403,0.6878580721407515,0.9972641128564033,0.6808255416428276,0.9980331367466219,0.6547158784707298,0.9966948677589681,0.6607936829918057,0.9983354500915731,0.639851902405303,0.9984899615338138,0.6442594826068685,0.9976431605448782,0.6413531908000561,0.9982788157684,0.6571450122179477,0.9986963783567343,0.6439615283558947,0.9967315708140045,0.660787864177406,0.9989054798167897,0.6327543449366346,0.9993682742810617,0.6496250954843137,0.9987446669917021,0.6211196162796597,0.9984411406206871,0.6627343420754507,0.9981442604360612,0.6438821985753163,0.9978238219207234,0.6579653513326351
VS1_T26_0219_003442_20260325_163828_LG_lev1_V2_1.fits,0.5491427956710969,0.9781200522929575,0.5984465031779046,0.9894031353079206,0.5678459170026678,0.9757654819485333,0.5865883320887406,0.9820168534339041,0.6019395101860309,0.9911444368759168,0.6521549105512947,0.995736587944671,0.6239216187961077,0.997903760231099,0.6187264471606502,0.9997696116382436,0.6153905877112894,0.9993607580822536,0.6229897387785389,1.0000000000000002,0.6344356927621769,0.9998002622027133,0.6092227144145168,0.9985837293825484,0.636338235885935,0.9996492251460085,0.601408181160868,0.998713177117663,0.6376460238523873,0.9901120002107364,0.6190061085729431,0.9994981018053948,0.598742687597051,0.9916190973831623,0.6174419429928951,0.9864815764753616,0.6263281489184235,0.9929120565399653,0.5857538863066479,0.9903305024905604,0.5781290669758776,0.9926342429846571,0.6161772876213032,0.991431329956593,0.5917425574425529,0.9899433580583119,0.5954638904093463,0.9909694822686943,0.6140504305438796,0.98428136727122,0.5876777619812169,0.9898715073178659,0.5819698152777166,0.9883979371170647,0.5815586262616459,0.9772067053580837,0.6176250640656725,0.982266514909163,0.6374611759863483,0.9812728818849283,0.6083513223051036,0.9714843234656847,0.6144868444540665,0.9813117236588224,0.6031129053690889,0.988758000900301,0.6138185634917891,0.9839852362032127,0.6089046430298768,0.9871470312192996,0.6134607523210798,0.9871522310763955,0.6135452671013276,0.9954039521901891,0.6357618646276517,0.9853093945275873,0.6191470677639834,0.9929233951964037,0.6137258617299572,0.9919723537896117,0.5898098245755014,0.9917530234510687,0.5966931080841777,0.9897776436794606,0.6034111380493818,0.9877024335721324,0.5786062200981392,0.9895731818465305,0.6091931903015182,0.9894864968545279,0.6113184360778697,0.9898484176744565,0.6207829016305316,0.9891909140365306,0.6033955986729712,0.9856138246238749,0.6051852222790884,0.9901988375573764,0.6363095688569194,0.9905681392122545
VS1_T26_0219_003442_20260325_163917_HG_lev1_V2_1.fits,0.9843914893631274,0.6876651833556184,0.9927876205442346,0.6968214806309649,0.9890501571092558,0.6690999436141327,0.9923590917473122,0.6682410751655535,0.9934986011082526,0.6632351931335059,0.9991994476567823,0.6531869168403187,0.999756529487139,0.6116577027886241,0.9995431359697069,0.6336292816472836,0.9991782335460743,0.6235309976682084,0.99970557905431,0.6344356927621769,1.0,0.6257351311951729,0.9989752137398973,0.6251318897260938,0.9997196714439319,0.6254866115542467,0.9981894696808655,0.6503531922818918,0.9990683449937481,0.6864399542646193,0.9992860269827164,0.6361097741404586,0.9975772653801471,0.6516801523905487,0.9990011420394768,0.6844308476518703,0.9986171297892934,0.6718308625841051,0.9960354994527122,0.6789114531050232,0.9945584555550663,0.6567665734677238,0.9982608463023671,0.6756701807969913,0.9955576185275553,0.6640059332655597,0.9964928304057211,0.6692847339418955,0.9968119434545658,0.6928435948601064,0.9952097067981873,0.6961005867021486,0.9938049771059164,0.6993031969343948,0.9941951880401897,0.7107605179488014,0.9956560908113892,0.7115746981237776,0.9959573178468256,0.7248769020842839,0.9952724385960517,0.761275001738554,0.995064566563402,0.7268899241613588,0.9958886207713672,0.7020537691572813,0.9964663817317928,0.7078619761765996,0.9970147873384565,0.7002186818225333,0.9973758198197231,0.6932537149128158,0.9980224499402888,0.6661865097545943,0.9976924344513404,0.6728043150065361,0.9984991657089172,0.6514702601765485,0.9984446205200916,0.655995238475484,0.9965427639405685,0.652997620786523,0.9973887733761839,0.6680122291159956,0.9980968998978177,0.6554555624797868,0.9950783250053991,0.6722104219197252,0.9985197038134226,0.6438536493200737,0.9989186747059436,0.661752898912334,0.9988988999973027,0.6326728845933776,0.9978719824014288,0.6746875518421448,0.9977556240973808,0.6552428440057222,0.9986960076479829,0.6699886112192833
VS1_T26_0219_003442_20260325_163917_LG_lev1_V2_1.fits,0.5387820460540169,0.9759397928842692,0.5891143643433734,0.9875002412784156,0.5577694993565121,0.9730504813609585,0.5769063907455029,0.9795911857250672,0.5925841988030647,0.989273495265229,0.6440067383437355,0.9955134793269915,0.6148518937701773,0.9978845981062276,0.6095713092957558,0.9995732907582513,0.6060785232418404,0.9996519650541238,0.6138898429617028,0.9998002622027133,0.6257351311951729,1.0000000000000002,0.5999584843351469,0.9983895009278493,0.627864971265262,0.9996568993296884,0.5921577125567324,0.9985032251040938,0.6293975754180198,0.9900334179566348,0.6102111454462841,0.9996693551089849,0.5895408123766314,0.9910411313694398,0.608674120005559,0.9862385272546588,0.6178840563239205,0.9922416041425322,0.5762202823810646,0.9902782038037875,0.5685864732034164,0.9918970296786032,0.6075580509572874,0.9917371256161641,0.5826374964940163,0.9895353928869891,0.5863628331635791,0.991451956409223,0.605492077363657,0.9839990670443963,0.5785092404259562,0.9896442871342225,0.5726938173200949,0.9880261892058877,0.5722170119868919,0.9779725026475654,0.609306338745519,0.9819389639709158,0.6294368970152678,0.9815750588204799,0.5996458069575789,0.9712369659139085,0.6057664690092589,0.9817779145823793,0.5941643823986594,0.9887856092581153,0.6053140961595714,0.9841506991337322,0.6002132109649604,0.987028128503226,0.604843750024282,0.9870699445046601,0.6048183977324789,0.9947333380780504,0.6276352498561142,0.9847465677190803,0.610504819479967,0.99228386196498,0.6049894482744119,0.9913828805594582,0.5804354257814004,0.9910888683077705,0.5874064878592483,0.9883600523950171,0.5943122070209924,0.9867729179109269,0.5688727311000394,0.9885878163573775,0.6001986477766473,0.9883610581164199,0.6022236953389791,0.9894945413470657,0.6121325014996409,0.9884910434896019,0.5943089181381902,0.9849686657093479,0.5962488257440702,0.9892585396842659,0.6280922725960668,0.9901605653579588
VS1_T26_0219_003442_20260325_164006_HG_lev1_V2_1.fits,0.989812983542584,0.6702892139284592,0.9944837423032823,0.6770711035592648,0.9931458648533927,0.652381269731716,0.9950453400293343,0.650322053608428,0.9949941363865055,0.6430832318537414,0.9966120973105906,0.6266008019424343,0.9996364108232366,0.5872634953429812,0.9998381286319775,0.6081254549637097,0.9997653697734563,0.5976684970442324,0.9996703502021204,0.6092227144145168,0.9989752137398973,0.5999584843351469,1.0000000000000002,0.6009868654359386,0.9984678221851783,0.6003747953161086,0.9997720030195181,0.6248092973666122,0.9976169323836639,0.6595266455374713,0.9994388765263545,0.6107171458576925,0.9993315743702235,0.6256996414423456,0.9992507261545572,0.6572714502743641,0.9980825708489044,0.6462839025301815,0.9988201426883448,0.6520465058040138,0.9978730899569972,0.6315001430976637,0.9985317523437776,0.6487135019146916,0.9977408444172036,0.6380686666538352,0.9984264494181515,0.6421125068029082,0.9971961978169416,0.666304353675281,0.9977096233145941,0.6701008117303989,0.9967206602177344,0.6735456676309907,0.9971792479890695,0.68305663569462,0.9956487965216133,0.6854660320152821,0.9943055935068267,0.6985314513399364,0.9960453302188892,0.7360709503728096,0.9953544532686318,0.7028476864704132,0.9971472988738779,0.6759715560125825,0.9968364161684733,0.6811722497364113,0.9978220261481571,0.6737915344117549,0.9978253124021044,0.6665914609386797,0.998523655660597,0.6411400309201664,0.9963038676717036,0.6464007086870223,0.9985680211990985,0.6258798104849893,0.9989456758515648,0.6301390925918615,0.9989857266778002,0.627245572698781,0.9993218115586089,0.6434207652797952,0.9994862179317952,0.6297090090836887,0.9984284929379602,0.6466788187377314,0.9994575802977567,0.6188501441983391,0.9997405438209364,0.6349456070840435,0.9988747890532341,0.607009575889156,0.9992569078583001,0.6482123635703118,0.998951716834054,0.6299937610564861,0.9973395175111323,0.643687978257899
VS1_T26_0219_003442_20260325_164006_LG_lev1_V2_1.fits,0.5409844829153271,0.9846751458601577,0.5884304013866372,0.9918242230887677,0.5590927558484817,0.9825895282581889,0.5771940351367608,0.987456376901441,0.5917496239607285,0.994159865721592,0.6418837505385547,0.9898008057913263,0.6148899734816826,0.9997919108978093,0.6100191213367828,0.997529377585337,0.6068970326982758,0.9985983627700736,0.6140286052350421,0.9985837293825484,0.6251318897260938,0.9983895009278493,0.6009868654359386,1.0,0.6268071948158956,0.9989321641089836,0.5935077014991901,0.9953092869649356,0.6280191477130138,0.9823481762550073,0.6102856215688944,0.9981515621181889,0.5907843582033419,0.9847356947620758,0.6087425194054096,0.9771901060198671,0.6170775601293002,0.9864547366774272,0.5782578602054248,0.9825093314839985,0.5709633052349098,0.9867956666190649,0.6074972851910713,0.9844256757946525,0.5838341629793161,0.9827215172383762,0.58750904614214,0.9839419612035692,0.6050525096992919,0.9749894108609191,0.5800690537495166,0.9827738923460616,0.5743072700445423,0.9809154950991333,0.5740045342887258,0.967858381199963,0.6083459625259275,0.973088848503902,0.6270551775581781,0.9738175480439144,0.5991217924705096,0.9631747147801609,0.6045489834442601,0.9796582572237856,0.5942124239781635,0.9819889124373243,0.604832754488431,0.9755700130357825,0.6003119668546021,0.9790564253466703,0.6046503177247254,0.9787503579894858,0.6047966185981078,0.9906047770195453,0.6258776451716189,0.9760797495170236,0.610177873959364,0.987005820339879,0.605196731803154,0.9852911464017515,0.5822600477457195,0.9851186473789086,0.5887633539129361,0.9831080774383641,0.5953251317853958,0.9797638859964621,0.571434329842599,0.9818570524419229,0.6007631167582644,0.9831081895619851,0.6027339806935601,0.9815622440447825,0.6118487694342228,0.9826393328585471,0.5951491028134267,0.9762926801516268,0.5969260237213828,0.9835633736802226,0.626640429742659,0.9829100714622886
VS1_T26_0219_003442_20260325_164055_HG_lev1_V2_1.fits,0.9853260547827991,0.6890779043722306,0.9942218850430203,0.698649386751092,0.9899327436760912,0.6702746082820762,0.9933826810951921,0.6696383180956282,0.9947628187999543,0.6649460293267243,0.9995539294548096,0.6559098158092682,0.9992471284717791,0.6131490645024233,0.9989562929423187,0.635806073500093,0.9982804098281194,0.625227673292718,0.999128434671639,0.636338235885935,0.9997196714439319,0.627864971265262,0.9984678221851783,0.6268071948158956,1.0,0.6278282630622672,0.9980119046352133,0.6530297023729578,0.9998075135951645,0.6894050566729375,0.9995034590878521,0.6386736392403354,0.997743988647043,0.6551922723541236,0.9993783579630051,0.6876822220183322,0.9994707757761339,0.6751267083197474,0.9959992099915402,0.6822608304321874,0.9947313303476591,0.6602923253818558,0.9990197101590013,0.6791623363718688,0.9963525330728543,0.6679818541131023,0.9970903505085962,0.6730577760178265,0.9980644729166274,0.6968029825367938,0.995895220069424,0.6995839147056107,0.9946790516618352,0.7030056315801706,0.9948755483028144,0.714512930995849,0.9973422635197575,0.7155412480050756,0.997775956870019,0.7281779474509136,0.9968161650468912,0.7644210329115032,0.9967194277494762,0.7297690453999898,0.9970628898322402,0.705614189067238,0.9978293342760685,0.7115727356840805,0.9980487215237899,0.7037625940181329,0.9984262668328119,0.6968838979584473,0.9987996013571081,0.6693491543472697,0.9990105115339499,0.6767127877229524,0.999233720292347,0.6549169613939614,0.9990118098513536,0.6595026294509745,0.9966184691893091,0.656497312499732,0.9974902064503566,0.671167629239193,0.9982580163374866,0.6590604418420921,0.9948188227049952,0.6755259155697075,0.9987791297230051,0.6473090768317029,0.9989396582245277,0.6651558270041634,0.9994549614043434,0.6364827983945199,0.9981918774853528,0.678334596720403,0.9982756952589334,0.658819101074407,0.9996170310533833,0.6735359944905631
VS1_T26_0219_003442_20260325_164055_LG_lev1_V2_1.fits,0.5418193093026892,0.9792421759706251,0.5910051666871377,0.9896526699908055,0.5602908877023335,0.9771220652374352,0.5789524031473344,0.9831826296302231,0.5942796852884407,0.9919407063863146,0.6435243377367386,0.9947389558252194,0.6148751285578303,0.998302462451412,0.6096862819063495,0.9994938742032117,0.6061280182924369,0.9989727106290063,0.6138936613658746,0.9996492251460085,0.6254866115542467,0.9996568993296884,0.6003747953161086,0.9989321641089836,0.6278282630622672,0.9999999999999999,0.592935376886598,0.9983973573887508,0.6295125038575504,0.9883193095813639,0.6106509428760807,0.9996990251250392,0.5905642616435052,0.9912527686805074,0.6092381212232221,0.9846201575911795,0.618397680148114,0.9922173743324647,0.5775389453265354,0.9889868450926964,0.57017629100863,0.9925833629117156,0.6083095419189136,0.9903551204291756,0.584142572038492,0.9897115354093036,0.5876695790514004,0.9902039364109487,0.6065466455856899,0.9829976380422715,0.5800467774514966,0.9887000846019619,0.5745217287529389,0.9873291914480931,0.573960741693392,0.9750483044919722,0.6104320246350914,0.9807703093152919,0.6301664681236342,0.9791850490252377,0.6011268881934035,0.9686238096601925,0.6072373995403582,0.980304422902663,0.595660274247874,0.9875899291956343,0.6064135270818161,0.9823314044104224,0.6013165275709746,0.9856431705374359,0.6058329643690918,0.9857256158726428,0.6056932346517353,0.9951520052587246,0.6280879657522425,0.9843555085346433,0.61119476813751,0.9928274837945278,0.605728913818304,0.9916196957119582,0.5816639223767701,0.9914651745477783,0.5884705991806828,0.9891766896111794,0.5951820152880212,0.9871865798242938,0.5702873772318192,0.988621509690087,0.6009639326330417,0.9894774104139633,0.6028527924851624,0.9887536483298477,0.6126601849986173,0.9894965584154793,0.5952737289885779,0.9843949100924314,0.5972239866756074,0.9900490324339418,0.6283164768106576,0.989711579949601
VS1_T26_0219_003442_20260325_164144_HG_lev1_V2_1.fits,0.9919692785083684,0.6651493431420328,0.9957017592749667,0.6712257896440488,0.9948003874233076,0.6471372025733159,0.9963181250710899,0.6447752073252064,0.9960118319932474,0.6369059927896191,0.9957267165133795,0.6186795013373895,0.998970968093038,0.579590534123939,0.9992778990456495,0.6003414092021401,0.9990833463687768,0.5895929705738856,0.9989898349727314,0.601408181160868,0.9981894696808655,0.5921577125567324,0.9997720030195181,0.5935077014991901,0.9980119046352133,0.592935376886598,1.0,0.6173483827950268,0.9974387017617233,0.6517377790230733,0.9994486011829764,0.6033755259086037,0.9998651637884373,0.6183923005124258,0.9994115419244055,0.6494667925027763,0.9983088968116297,0.6390631569508898,0.9995574174419735,0.644506899838984,0.9989691139888517,0.6244844198316294,0.9989922328181416,0.641356005850034,0.9988841785796098,0.6311633123705733,0.9993410347983329,0.6348798306737276,0.9980302046757332,0.6592258076193331,0.9989025584503837,0.6630202661075557,0.9981693225317637,0.6666607064072252,0.9985154940039807,0.6757669301640545,0.9966630338526846,0.6786206362815701,0.9947756360539837,0.6914548998532268,0.9971682577955044,0.7292938257418485,0.9963206600611584,0.6966599645079823,0.9981682665412052,0.6690159194084109,0.997751796010687,0.6740900316172624,0.9986601867701858,0.6665995363128061,0.9985429431698992,0.6593392874146206,0.9990558347375939,0.6340593348630886,0.996552402115309,0.6391912297526742,0.998914436598529,0.6186900605830561,0.9993467315943486,0.6228935599398095,0.9997021643349224,0.6200059926145698,0.9998619264016253,0.6362459062224748,0.9998944408736766,0.6224310622719297,0.9992017106784494,0.639347705439999,0.9997653705255602,0.6117213534873673,0.999811678396132,0.6272996263962065,0.9990686363714709,0.5999312856446111,0.9997646398785656,0.6407813488888392,0.9995560013314094,0.6229284923431023,0.9973270729182803,0.6363672789346333
VS1_T26_0219_003442_20260325_164144_LG_lev1_V2_1.fits,0.5675085836864787,0.9734750337308463,0.6176005391652362,0.9875574608904594,0.5862097961266477,0.9705712746856946,0.6051401595103162,0.9777325946431834,0.6208656075700293,0.9883623109404158,0.6690101502698443,0.9987143595512934,0.6396784334407819,0.9937820937142333,0.6342920407242731,0.9993844425171126,0.630499864963024,0.9970627066349305,0.6386214081631738,0.998713177117663,0.6503531922818918,0.9985032251040938,0.6248092973666122,0.9953092869649356,0.6530297023729578,0.9983973573887508,0.6173483827950268,1.0,0.6549021910241404,0.9950239480485179,0.6355198941543693,0.9990147471938171,0.6151750645722699,0.9964018286350973,0.6341744464738838,0.9927900356521423,0.6437363887661467,0.9974955269661755,0.6019331602281925,0.9956327723299899,0.5944684430118724,0.9970316042518198,0.6333580615776323,0.9961422522675,0.6090060593031055,0.9956990598767738,0.6124552131106145,0.9959438628176134,0.6319982055266866,0.9917030706852826,0.6046902133571941,0.9953373592613667,0.5993598299249048,0.9945072806885615,0.5986600943504153,0.984261328243184,0.6361437674776591,0.9899742666051664,0.6565359442368682,0.987000162353733,0.6270171054062711,0.9784190158216067,0.633659581788277,0.9830152465036707,0.6213088880733751,0.994162751684254,0.6318855098869319,0.9905736428657136,0.6264978143768162,0.9933002778885283,0.6311183005548324,0.9934646979065406,0.6308575965630441,0.9987957907065839,0.6538776376608566,0.9923977230814377,0.6364179686253589,0.9971714216446425,0.6306469641384608,0.9967419355974999,0.6060674282271253,0.9964613029873217,0.6130719275523366,0.9946408163699552,0.619805361009789,0.9935181912527189,0.5944616015628668,0.9950832967378271,0.6257935431242742,0.9940491384912212,0.6277053977055295,0.9953482303370678,0.6377446242347329,0.9939887405167105,0.6200749867252368,0.99250700759405,0.622055854096289,0.9952221852086744,0.6537956905976249,0.9960719494760761
VS1_T26_0219_003442_20260325_164233_HG_lev1_V2_1.fits,0.985447074246047,0.690097622085516,0.9947866981212299,0.6998985625090959,0.9900255475711343,0.6709825386473928,0.9936098102321858,0.6705087397838113,0.9951829403401679,0.6660457906863211,0.9994239174517924,0.6577402768174623,0.9983799706868425,0.6142352392680843,0.9980336164207425,0.6372947774406106,0.9971031079053727,0.6264625501932426,0.9982077154976883,0.6376460238523873,0.9990683449937481,0.6293975754180198,0.9976169323836639,0.6280191477130138,0.9998075135951645,0.6295125038575504,0.9974387017617233,0.6549021910241404,1.0,0.6914760291412626,0.9992603048540755,0.6405625394937013,0.9974441275362413,0.6575339430484014,0.9992651337816547,0.6898913165588162,0.9997461708352879,0.6773487951377112,0.9955175529544348,0.684609774214251,0.9944284953414456,0.6626631265916673,0.9992265388262864,0.6817030034272455,0.9965595493483743,0.6707312415300517,0.9971414801854315,0.6758296933121928,0.9986491679906565,0.699571960918095,0.9960231227189467,0.7020727550504036,0.9949360758957045,0.7056334409918349,0.994977722223294,0.7173658739925184,0.9982838325881429,0.7183614658419646,0.9988017130464075,0.73069555575785,0.9975953152883712,0.7667981588146201,0.9975461236721397,0.7321979101297307,0.9975368766333661,0.7082360076501647,0.9985082741014186,0.7142997303555877,0.9984651021548553,0.7062976782476595,0.9988546066852955,0.6994635273304886,0.9990023998617491,0.6715085256336993,0.9996591673194432,0.6793428105491452,0.9994034557942703,0.6572285238516311,0.9990603920969005,0.6618559109844097,0.9962440491677743,0.6588257352398874,0.9971289216409897,0.6731362246948469,0.9979615793994774,0.6613894915372655,0.994150716276025,0.6776693338872497,0.9985564447896962,0.6495103447514209,0.9985084309637914,0.6674335528196754,0.9994858564998159,0.6389989101361234,0.9980131751079125,0.68075070156993,0.9982737462806913,0.6611647708659333,0.9999541178398638,0.6759558684532238
VS1_T26_0219_003442_20260325_164233_LG_lev1_V2_1.fits,0.5998734875025872,0.9543477458805494,0.6526979768600593,0.9747111148355004,0.6195500562313251,0.9483431362918455,0.6394811515097495,0.9576401959131027,0.6560548691601269,0.9721162858443314,0.7062527746042475,0.9977696691922823,0.6752144512869249,0.9796398202290453,0.6694995633593148,0.9917381454604287,0.6654145190008358,0.9882155323917373,0.6740663359709678,0.9901120002107364,0.6864399542646193,0.9900334179566348,0.6595266455374713,0.9823481762550073,0.6894050566729375,0.9883193095813639,0.6517377790230733,0.9950239480485179,0.6914760291412626,0.9999999999999996,0.6709480038481086,0.9909781208891765,0.6495424754975088,0.9952080001351354,0.6695787396965222,0.9993119888020785,0.6797545656150722,0.9972765503239541,0.6355759950104315,0.9997045447608292,0.6277312292091162,0.9943714695385814,0.6687935025578278,0.999427675896617,0.643204267985985,0.9961594348704101,0.6467807092738626,0.9990221846224484,0.667494802418218,0.99825473165947,0.6386001344301547,0.9993285482573576,0.633083661852716,0.9987889270853688,0.6322876812368344,0.9958242641977721,0.6719558106602551,0.997939058372367,0.6936200095960591,0.9960083715026543,0.6624812421072257,0.9909232673439899,0.6696331225364671,0.9847343196799541,0.6564116654745447,0.998917017588599,0.6673950525560232,0.9985748465085209,0.6616557926584119,0.999414739815527,0.6665347459046115,0.9994321690521505,0.6662015160240762,0.9958257066125099,0.6905616049775017,0.9963600658796715,0.6720399252307772,0.9945587369553731,0.665894436632651,0.9956379714233834,0.6399293933008213,0.9948375851311837,0.647322746910679,0.9927438332820734,0.6543959615988967,0.9933744401566258,0.6276574940255848,0.9959821775695805,0.6607380112306281,0.9901762992968557,0.662726682220188,0.9977694852253627,0.6733497715380595,0.9902740459637761,0.6547377623828965,0.9968272159300908,0.6568445502598305,0.9931073931251313,0.6903345157861427,0.9980128643783498
VS1_T26_0219_003442_20260325_164322_HG_lev1_V2_1.fits,0.9894628517954492,0.6774512094291338,0.9958307045185048,0.685279535817285,0.9931294379106446,0.6589213435589805,0.9956223460825644,0.657438915732141,0.9962004932126461,0.6511551315076547,0.9981172058585374,0.6375613249174785,0.9993837522151381,0.5964396902047916,0.9993855886250465,0.618254245109044,0.9988644749877651,0.6074971910303278,0.9993180068877948,0.6190061085729431,0.9992860269827164,0.6102111454462841,0.9994388765263545,0.6102856215688944,0.9995034590878521,0.6106509428760807,0.9994486011829764,0.6355198941543693,0.9992603048540755,0.6709480038481086,0.9999999999999998,0.6213727781619193,0.9993567282408088,0.6372548197574717,0.9999705074549311,0.6689789293787303,0.9995888585588193,0.6575477234041434,0.9982929435598199,0.6638604123434915,0.9974520560199887,0.6428851911194832,0.9997045737257315,0.6608212081483562,0.9983766716999386,0.6502039599464083,0.9989071653557667,0.6546039524449885,0.9988950355020834,0.6786580336426454,0.9981393119930527,0.6818719367736055,0.9972243540934074,0.6854617440412525,0.9974400188298768,0.6958281504643957,0.9979735410862494,0.6977774735281553,0.9972108332671513,0.7104340200597205,0.997913749594872,0.7474854010946426,0.9974354579602348,0.7139123499431669,0.998433971329229,0.6879440338446311,0.9986737762185992,0.6934891380517909,0.9991496267266765,0.6857596010615308,0.9992720853060955,0.6786921827965524,0.9996308108897457,0.652144807166966,0.9985934861295994,0.6585217696101754,0.9997512900561146,0.6372604975924131,0.999825147040726,0.6416704303288672,0.998705804923152,0.6387143839727307,0.9992104796488193,0.654069727931745,0.9996193531249333,0.6411997287361081,0.997471753241447,0.6578497760593759,0.9998286631516914,0.6299376076703584,0.9998473275595828,0.6466527388005039,0.9998872912109766,0.6187222675983853,0.9995655888785238,0.6600413106192288,0.9995655099336742,0.6413521127988613,0.9991701835935791,0.6554536011880843
VS1_T26_0219_003442_20260325_164322_LG_lev1_V2_1.fits,0.5516578344549573,0.9780006153282537,0.6014841755612023,0.9893165747502695,0.5702929614303972,0.9747114837310582,0.5891979967233898,0.9811159748303167,0.6047108271303365,0.9904567675997586,0.6544878955832024,0.995825347826478,0.6252639853872418,0.9972411287879281,0.6200382137643561,0.9994282344624088,0.6163405982586838,0.998949564320237,0.6242584698134624,0.9994981018053948,0.6361097741404586,0.9996693551089849,0.6107171458576925,0.9981515621181889,0.6386736392403354,0.9996990251250392,0.6033755259086037,0.9990147471938171,0.6405625394937013,0.9909781208891765,0.6213727781619193,0.9999999999999999,0.601092947416379,0.9920883597365812,0.6200065554446841,0.9873010351083628,0.6293942604373903,0.9935165434443977,0.587858033502549,0.9914287678177917,0.580545132948125,0.9932467460359286,0.6192339845831056,0.9929574559007801,0.5948360747202228,0.9911980124403764,0.5983322061781492,0.9928046508916805,0.6175661974373956,0.9859328488639119,0.5907043473255972,0.9914085813626653,0.5851341195086384,0.9900553732910709,0.5845111185208887,0.9798744891790185,0.6216352594601772,0.9842795402521601,0.6414486988155923,0.9836260453133998,0.6120743780997326,0.9739326776561332,0.6181278962061683,0.9842365311851519,0.6064293756461827,0.9907492682834438,0.6174825400474193,0.9861391967469131,0.6122513014437232,0.9887880021420038,0.6167975176696611,0.98872742978258,0.6165527188383827,0.9960051796178031,0.6392885403393633,0.9863110981349449,0.62207937148281,0.993436539372227,0.6165634249052284,0.992546953413729,0.5920980680316157,0.992212190121912,0.5989385250135458,0.9896198336331985,0.605763482034893,0.987969343801527,0.5804616941163395,0.9898163706022665,0.6116002032048067,0.9894336742469956,0.6133729552503254,0.9903824783625479,0.623514345281616,0.9895889032106475,0.6058794615352028,0.9863311716771893,0.6079536597156606,0.9905916513084986,0.6394176895111582,0.9914436768159054
VS1_T26_0219_003442_20260325_164411_HG_lev1_V2_1.fits,0.9933748085934248,0.6632928291301322,0.9968327185722357,0.6693511455593988,0.9959454435530051,0.645308739924279,0.9973245042899647,0.6429175760779609,0.9970122569217058,0.634910159513499,0.9952987613457703,0.6164107636942402,0.9983608157189966,0.5767025459858721,0.9986760668986207,0.5978323726844521,0.9983194082483836,0.5866279535284615,0.998349106603413,0.598742687597051,0.9975772653801471,0.5895408123766314,0.9993315743702235,0.5907843582033419,0.997743988647043,0.5905642616435052,0.9998651637884373,0.6151750645722699,0.9974441275362413,0.6495424754975088,0.9993567282408088,0.601092947416379,0.9999999999999997,0.6168392242328454,0.9994426102909124,0.647482122376487,0.9985465366288052,0.6373860313034746,0.9997275174805813,0.6426123705951089,0.999364306016416,0.6230253925406881,0.999282140063852,0.6395172930107522,0.9995224188109009,0.6299097441528052,0.9998004137427472,0.633192948567772,0.9987037721290053,0.6578336349744609,0.999511097594661,0.6613162677287138,0.9989900370763934,0.665169120110691,0.9992131569428616,0.6738992755994969,0.9975716275541346,0.6772647329718391,0.9955081786080044,0.6894607199362992,0.9981150909854334,0.727370316942627,0.9972888925142,0.6945873474025179,0.9989343414392892,0.6673012974569436,0.9984957537371181,0.6724064240305421,0.9992359511651209,0.6648760424177982,0.9990736300490909,0.657659365648855,0.99940841927508,0.6323287175149663,0.9969785129725405,0.6378573302986468,0.9991698471046765,0.6171176041105279,0.9995428805587208,0.621337030392102,0.9998828189984318,0.6184753702184976,0.9999873232953265,0.6347008358484798,0.9999637797135761,0.6210249822200714,0.9993118974109617,0.6377482674915108,0.9998363744454284,0.6103415220908363,0.9997100636101497,0.6255306715744927,0.9991898271480704,0.5986778696956303,0.999951834324808,0.6392486982812979,0.9998412934909228,0.6215486796747227,0.997481787788413,0.6347515593513654
VS1_T26_0219_003442_20260325_164411_LG_lev1_V2_1.fits,0.5741904468642536,0.9585211416590759,0.6249746750916337,0.9774937367886989,0.5927879806791094,0.9572886596437424,0.6117673559132959,0.9659402218561656,0.628099692563412,0.9790856543880501,0.671554044176296,0.9983078938757337,0.641163837205523,0.9822628508154293,0.635383585499761,0.9940181832961182,0.6310814615882773,0.9877096178549559,0.6399297975381522,0.9916190973831623,0.6516801523905487,0.9910411313694398,0.6256996414423456,0.9847356947620758,0.6551922723541236,0.9912527686805074,0.6183923005124258,0.9964018286350973,0.6575339430484014,0.9952080001351354,0.6372548197574717,0.9920883597365812,0.6168392242328454,0.9999999999999999,0.6361375397624844,0.9960923821876089,0.6465472504847161,0.9994154056961566,0.6034528483535769,0.9969703338987376,0.5959589687099243,0.9997192017056334,0.6356612101081168,0.995694005031273,0.6116014146917358,0.999540096312499,0.6147043556127999,0.9959302100015256,0.6355103334012925,0.9961612197925213,0.6068073967538131,0.9958198595964769,0.6022355510053122,0.9962001831536093,0.6011596967959768,0.9839263940627251,0.6402946368542222,0.9934798088745184,0.6619683194217056,0.9842023801233017,0.6319752847806166,0.9760684539470288,0.6399521689420004,0.9713911436284496,0.6257474104328287,0.9933100398465514,0.6354649348323764,0.9911816991396484,0.6294074047863986,0.9945150522876355,0.6341750114012152,0.9954665148867627,0.6335725890350222,0.9987891732134213,0.6576886967018386,0.9985487122145577,0.6391243100529871,0.9998013871153,0.6326650255627622,0.999963657996045,0.6074589881406143,0.9999741837241086,0.6147848355527052,0.9990799158192091,0.6213483912035125,0.9995254944864531,0.595636511906653,0.9995076006626616,0.627724796298505,0.9989914572807884,0.6296543170723107,0.9991668898618722,0.6400141196102308,0.9991232679982301,0.6221129510689509,0.9984426320341819,0.6241095128029107,0.9996833502591899,0.6567122365879458,0.9992336418196488
VS1_T26_0219_003442_20260325_164459_HG_lev1_V2_1.fits,0.990085874264537,0.676369286143682,0.9963069464711813,0.6841305709807115,0.99362777110554,0.6578171463927595,0.9960497052017967,0.6563074714209445,0.9966038767022041,0.6499434753975191,0.9979061215681103,0.6361454025139963,0.9991002354999711,0.5948182032202592,0.9991115877712705,0.6167546812441159,0.9985151477591491,0.6058175617622832,0.9990194297211298,0.6174419429928951,0.9990011420394768,0.608674120005559,0.9992507261545572,0.6087425194054096,0.9993783579630051,0.6092381212232221,0.9994115419244055,0.6341744464738838,0.9992651337816547,0.6695787396965222,0.9999705074549311,0.6200065554446841,0.9994426102909124,0.6361375397624844,0.9999999999999999,0.6676801499827532,0.9997046334979907,0.6563958957878827,0.9983986401999887,0.6626165944487666,0.9976674047812801,0.6418327965576061,0.9998572266117064,0.6596138206590143,0.9986969314475012,0.6492365457148039,0.9991444362086997,0.6534700901959001,0.9992114648299114,0.6776329840987533,0.9984507965573001,0.6807417603455542,0.9976292659720388,0.68441978562635,0.9977889343658995,0.6946413843566712,0.9983954134906472,0.6967884910506168,0.9975431233732532,0.7092150798005971,0.9983563342121419,0.7463056429263,0.9978739363554128,0.7127509906491034,0.9988000947614223,0.6868326318764157,0.9990242620468105,0.692372136293043,0.9994329020300425,0.6846120576686331,0.9995313300573176,0.677552757599112,0.999807556574158,0.6509955970358359,0.9987864046345745,0.6574921533238345,0.9998788211987103,0.6361583591581625,0.9999357945074117,0.6405629256692509,0.9988195600269915,0.6376127264238054,0.9992898825052584,0.6529516539241975,0.9996734234035923,0.6401303003157301,0.9975529436624978,0.6567034071999955,0.9998764842752222,0.6288825295136554,0.9998096698895801,0.6454307345849876,0.9999494945419909,0.617727482302664,0.9996691188436041,0.6589239692906399,0.9997174277558718,0.640316305337262,0.9992392793379546,0.6543194669073852
VS1_T26_0219_003442_20260325_164459_LG_lev1_V2_1.fits,0.5998172509033529,0.9467953388808915,0.6530115072218634,0.9693469413048373,0.619505988134303,0.9416486135356306,0.6394881168290639,0.9516273934127464,0.6563406035777481,0.9672857642686608,0.7047526492002605,0.9969923127718802,0.673281209668296,0.9741397151336009,0.6673825380544864,0.9888569282188766,0.6631106348434972,0.9836515210322042,0.6720605288308028,0.9864815764753616,0.6844308476518703,0.9862385272546588,0.6572714502743641,0.9771901060198671,0.6876822220183322,0.9846201575911795,0.6494667925027763,0.9927900356521423,0.6898913165588162,0.9993119888020785,0.6689789293787303,0.9873010351083628,0.647482122376487,0.9960923821876089,0.6676801499827532,1.0000000000000002,0.6781880993508629,0.9973500431446948,0.6334450927734923,0.9994973819649692,0.625525799443256,0.9948083951794527,0.6669783207324674,0.9983910887328777,0.6414343502478141,0.9970149360482671,0.6448995836764971,0.9981625428604108,0.6661330292628499,0.9992838721428761,0.6366187101598041,0.9986215943615333,0.6313969795064136,0.9985711051514782,0.6304618323290914,0.9946459683842344,0.6708235627197352,0.9984452856917854,0.6931286151846164,0.9937151872258341,0.6617146032181331,0.9886735506078317,0.6694791433667862,0.9784349517417859,0.6554561033570803,0.9975647350140048,0.6660445871977752,0.9978370513061604,0.6600428421001443,0.9990165436793016,0.6650015296984323,0.9994084661204631,0.6645605553411037,0.995066539523913,0.6894045870389437,0.9982471971174515,0.670421404850089,0.9950154202941759,0.6639746355670784,0.9963351606426554,0.6377333616385709,0.9956772875748645,0.6452889791945164,0.9939822033958164,0.6522964238252563,0.9953136662960114,0.6253882993176284,0.9971841021322472,0.6588161807991743,0.99168939710012,0.6608628153358408,0.9987479533164697,0.6715672160595278,0.9918670315619286,0.6528341083181051,0.9986627548866571,0.6549189026898358,0.9943440270375121,0.688839780027064,0.9986242460170934
VS1_T26_0219_003442_20260325_164548_HG_lev1_V2_1.fits,0.9887929184295843,0.6824256502884843,0.9964815569386862,0.6912728686732027,0.9926833023167211,0.6635821677688125,0.9956235899716644,0.6626064953485,0.9967304315134865,0.6571493509902328,0.9984577630730882,0.6460892125734137,0.9982884338951182,0.6030982497661825,0.9981135900858177,0.6259428210557466,0.9972050548985103,0.6147027791174253,0.9981344974724865,0.6263281489184235,0.9986171297892934,0.6178840563239205,0.9980825708489044,0.6170775601293002,0.9994707757761339,0.618397680148114,0.9983088968116297,0.6437363887661467,0.9997461708352879,0.6797545656150722,0.9995888585588193,0.6293942604373903,0.9985465366288052,0.6465472504847161,0.9997046334979907,0.6781880993508629,0.9999999999999999,0.6664711408222362,0.997052257925757,0.6730881328297214,0.9963126128787283,0.6520095400521077,0.9998301381970631,0.6701948376881944,0.9981368448170461,0.6599478526407371,0.9985112220487918,0.6643179907452379,0.9995372088629294,0.6884785991278055,0.9977104390948576,0.6910110812752612,0.996916994271318,0.6947969104353724,0.9969128049242202,0.7055511573799939,0.9991579371871926,0.7074716041911048,0.9988939784001122,0.7193502722213775,0.9987888182563845,0.7559690869269153,0.9985532455246899,0.721742911908976,0.9988102358217579,0.6971371139948912,0.9994326944476425,0.7029911385131802,0.9994567199933304,0.6950601718310957,0.9996756257138056,0.6881563814764833,0.9997364369559097,0.660785940930932,0.9996859571459714,0.668328152605288,0.9999076299977254,0.6463692670383109,0.9996994400260334,0.65091253114526,0.9976478104161715,0.6479390424695972,0.9982981455818289,0.6627036677713485,0.9988801617387828,0.6505772000011126,0.9958750697973526,0.6668431847011632,0.9992970073758773,0.6390077778161687,0.9990984157416538,0.6559992389153372,0.9998781132645269,0.6283045906505264,0.9990024191711017,0.6695818170123439,0.999246570426973,0.6505623406892425,0.999833842038986,0.6648152573649415
VS1_T26_0219_003442_20260325_164548_LG_lev1_V2_1.fits,0.5936111199743245,0.9632716831787639,0.6437945055152282,0.9813723112507688,0.6121041219757353,0.960686017180002,0.6309180547624906,0.9689410411341474,0.6469108169535291,0.9813503103023117,0.6911392222486255,0.998897449721881,0.6613768733554887,0.9837719056756283,0.6557756629753312,0.9948573846549922,0.6516251104963744,0.9893685059116519,0.6602000982282672,0.9929120565399653,0.6718308625841051,0.9922416041425322,0.6462839025301815,0.9864547366774272,0.6751267083197474,0.9922173743324647,0.6390631569508898,0.9974955269661755,0.6773487951377112,0.9972765503239541,0.6575477234041434,0.9935165434443977,0.6373860313034746,0.9994154056961566,0.6563958957878827,0.9973500431446948,0.6664711408222362,1.0,0.6241562204477349,0.9984091816246673,0.6167656617265891,0.9994161672866864,0.6558634269808967,0.9975393813089324,0.6319875897796184,0.9994840719486109,0.6351447298409355,0.9974704571285328,0.6553949141312042,0.99743026924768,0.6273741216323426,0.9980520565314323,0.6226338475767897,0.998221779696392,0.6216649301501755,0.9878399240647758,0.6599564417603313,0.9957759479119919,0.6809767881625705,0.9889454461449414,0.6514884475659234,0.9822337389544396,0.6589740128520314,0.9782894329428531,0.6454630490654665,0.9962456298051537,0.6553370623760304,0.994238680324939,0.6495273590631585,0.9968937719798603,0.6541972913622512,0.9973861975764182,0.6536806101936722,0.9994985598059132,0.677205368133013,0.9984195073658305,0.6591631736024915,0.9993475563672581,0.6529693389702101,0.9996246160712672,0.6281744948484824,0.9994091359758434,0.6353312903573393,0.9986272512880329,0.6418805651070363,0.9984622702327521,0.6164893868730376,0.9994727899647287,0.648080454391335,0.9975284114025041,0.6499529038385248,0.9991686714293619,0.6601519986604211,0.9973342830754215,0.6425077097093075,0.9984298176839791,0.6444981028749085,0.9988711364715371,0.6764725201679986,0.9996450548840015
VS1_T26_0219_003442_20260325_164637_HG_lev1_V2_1.fits,0.9949725129639726,0.653944403998712,0.9965167743157357,0.65889852096156,0.9968938232848176,0.6364611276928199,0.9975518676638365,0.6334771252013907,0.9966408206847672,0.6243733134064273,0.9929022749816346,0.6027317194324925,0.9973173384097317,0.5640880335792432,0.9978368304978357,0.584696467725885,0.997674449666558,0.5732828072734418,0.9973575984344986,0.5857538863066479,0.9960354994527122,0.5762202823810646,0.9988201426883448,0.5782578602054248,0.9959992099915402,0.5775389453265354,0.9995574174419735,0.6019331602281925,0.9955175529544348,0.6355759950104315,0.9982929435598199,0.587858033502549,0.9997275174805813,0.6034528483535769,0.9983986401999887,0.6334450927734923,0.997052257925757,0.6241562204477349,0.9999999999999999,0.6286550643686692,0.9998516319293269,0.6099450429012996,0.9981779677907099,0.6254326148975938,0.9993615682720979,0.6164202238703814,0.999545569858438,0.618962136590167,0.9976062948621524,0.6439840585000479,0.9995108499769468,0.6476891208455727,0.9991852569929917,0.6516572653847972,0.9994695618032372,0.6592572418660525,0.9962152382813952,0.6635472423436761,0.9933546498633792,0.6754860950788373,0.997192776908678,0.7139296063067652,0.9961575079511329,0.6815306103957611,0.9983041125502707,0.6535414263307788,0.9973694907252345,0.6583487124331843,0.9983616402344699,0.6510350858764163,0.998026054742611,0.643729093757251,0.998431655465357,0.6193144679396041,0.9950073875495219,0.6242085076726236,0.9979916528576374,0.6038937897071249,0.9985818022229648,0.6079846380275096,0.9999558517712822,0.6051979330300546,0.9998204505019205,0.6220888517914263,0.9995095240861289,0.6078138165669013,0.9998974715977972,0.6246177740972431,0.9991568232494209,0.5975345878272752,0.9990275828014442,0.6117320104946707,0.997992914325301,0.5854876555136727,0.9994828662046487,0.6256018594649646,0.999235588787091,0.6085364754225913,0.9955791567034861,0.6211316035070377
VS1_T26_0219_003442_20260325_164637_LG_lev1_V2_1.fits,0.5947606819760781,0.9545862683308102,0.6474488910067204,0.9750184974735934,0.6141978790481039,0.9493714455635314,0.6340198737944024,0.9586877537303308,0.6506989696673282,0.9731080199534491,0.6990615979534303,0.9983066205499167,0.667704964555372,0.9797584519646426,0.6619353704799077,0.9922471649338781,0.6576567258046717,0.9879334323600021,0.6665106158280389,0.9903305024905604,0.6789114531050232,0.9902782038037875,0.6520465058040138,0.9825093314839985,0.6822608304321874,0.9889868450926964,0.644506899838984,0.9956327723299899,0.684609774214251,0.9997045447608292,0.6638604123434915,0.9914287678177917,0.6426123705951089,0.9969703338987376,0.6626165944487666,0.9994973819649692,0.6730881328297214,0.9984091816246673,0.6286550643686692,1.0,0.6209833719019159,0.9961896320772654,0.662080384016392,0.9996072097508906,0.6368040913200623,0.9978938883531323,0.6401887194424777,0.9994549046473237,0.6612743403199236,0.9990097346358373,0.6321066749885299,0.9995014932911953,0.6268728238854412,0.9992582986376873,0.6259255484443543,0.9946525865511439,0.6660203553310537,0.9982438303912604,0.6877342097073257,0.9945539611488035,0.6566770198304476,0.988846395606554,0.6640474507416262,0.9826112148778233,0.6503785664453133,0.9987160293877351,0.6612392826362857,0.9981883034155272,0.6552567571143676,0.9993966702003607,0.6601236998128295,0.9996487548608599,0.6596001560770164,0.9969738400922625,0.6842022365749265,0.9979039865585679,0.6653660649375889,0.9963109334607154,0.6590651424792561,0.997289957747882,0.6329931752133032,0.996641124937201,0.6403952508729955,0.9945930168017246,0.6473986366705337,0.9954646648366846,0.6206428826098707,0.9974322571402316,0.6538032065109727,0.9926521662801896,0.6556643923698093,0.9988922082500756,0.6665147734079198,0.9929413569728549,0.6479080235363318,0.998122485329117,0.6500914828773526,0.9952096775568084,0.6836329194376157,0.9991418562113277
VS1_T26_0219_003442_20260325_164726_HG_lev1_V2_1.fits,0.9959808111282556,0.6487823091528666,0.9965984022639774,0.653029275356139,0.9974503814585052,0.6312480591883054,0.9977434648425466,0.6279506580721184,0.9965830872320692,0.618208863627722,0.9912375841915987,0.5948213189415218,0.9959782544357326,0.5566697730707127,0.996605923252209,0.577038926207437,0.996385726788163,0.56546938010875,0.9960194602720461,0.5781290669758776,0.9945584555550663,0.5685864732034164,0.9978730899569972,0.5709633052349098,0.9947313303476591,0.57017629100863,0.9989691139888517,0.5944684430118724,0.9944284953414456,0.6277312292091162,0.9974520560199887,0.580545132948125,0.999364306016416,0.5959589687099243,0.9976674047812801,0.625525799443256,0.9963126128787283,0.6167656617265891,0.9998516319293269,0.6209833719019159,0.9999999999999998,0.6026935407638075,0.997659561541257,0.6179346881442361,0.9994549876831387,0.6092118977834252,0.9994617973631134,0.6115292928981911,0.9973617112970261,0.6366074514606983,0.9996685339279713,0.6403897753697031,0.9995449101583638,0.644495565633327,0.9997584380605242,0.6517545720943827,0.9960700142733292,0.6563719706079416,0.9926701594846704,0.6682321231535505,0.9971434187842946,0.7069478908093932,0.9959391774395777,0.6751761244351466,0.9982104358979638,0.6463416497560618,0.9971815718715166,0.6510245274522595,0.9981448882550102,0.643630329160161,0.9976968851348457,0.6362617724279558,0.9979754934225755,0.6120613563706837,0.9942188745570097,0.6167272451010275,0.9973760558828466,0.5964930156892737,0.9980386642554862,0.6005362322776157,0.9997705931567309,0.5977582727669368,0.9994745061493863,0.6147361292854866,0.999035977737778,0.6003125010865527,0.9998161991851968,0.6171178875881693,0.9985788975614319,0.5902005949893808,0.998271158704414,0.6039563510082313,0.99727556240403,0.5781543191831211,0.9990766359315473,0.6179497886454811,0.9988865682158646,0.6012264864971912,0.9946203691887042,0.6136163381057179
VS1_T26_0219_003442_20260325_164726_LG_lev1_V2_1.fits,0.5812078273616729,0.9640894764353732,0.6308054890637467,0.9813820058960058,0.5993684143562646,0.9629906809732239,0.6179027895068674,0.9709872784381398,0.633783253519483,0.9829220783522654,0.6761559216486069,0.9979400024679984,0.6464856250064928,0.984262056801606,0.6408687016354832,0.9947978748267036,0.6366135691304229,0.9886115865266365,0.6452692796902749,0.9926342429846571,0.6567665734677238,0.9918970296786032,0.6315001430976637,0.9867956666190649,0.6602923253818558,0.9925833629117156,0.6244844198316294,0.9970316042518198,0.6626631265916673,0.9943714695385814,0.6428851911194832,0.9932467460359286,0.6230253925406881,0.9997192017056334,0.6418327965576061,0.9948083951794527,0.6520095400521077,0.9994161672866864,0.6099450429012996,0.9961896320772654,0.6026935407638075,1.0,0.6414466252106732,0.9951050895804302,0.6180236685398377,0.9993213048486671,0.6210200676427226,0.9953207538389708,0.6413192511651552,0.9952453958850324,0.6133537998619208,0.9956146528043198,0.6088947106638144,0.9960165702761566,0.6078219938189824,0.9825686376396315,0.64602259154239,0.9927834880685672,0.6670790719064525,0.9837686498580872,0.6378914483327353,0.9757772924812533,0.6456003264441089,0.9731586856979614,0.6317975344270523,0.9932063028945963,0.6412963105478325,0.9904341186402277,0.6353888422934666,0.9939039262279927,0.6400225162104572,0.9946882867609617,0.6393936287861126,0.9993913525828898,0.6628771307848291,0.9976141867123693,0.6447774288305206,0.9999365145865261,0.6385031138402559,0.9998075882419194,0.613888452842478,0.9998466542285731,0.6210017940665935,0.9992741405958161,0.6274159073239024,0.9990500265726157,0.6022894209729162,0.9991481009558545,0.6336179033544107,0.9991072838231309,0.6354292258825804,0.9982257926374839,0.6456069271525819,0.9990274558081408,0.6281671130284935,0.997422677750591,0.6301605416104489,0.9997423139503221,0.6618787655212272,0.9987015727878887
VS1_T26_0219_003442_20260325_164815_HG_lev1_V2_1.fits,0.990655432636807,0.6756383215907623,0.9969034547731985,0.6833609058610026,0.9940403615195785,0.6568654799574913,0.9964443729002891,0.6553762335294026,0.9970600773539288,0.6489803637531495,0.9974714900502302,0.6351738694248382,0.9982542120721972,0.5934450022713411,0.998258620598874,0.6156094405065315,0.9974681041946891,0.6044333806007165,0.9981365924893416,0.6161772876213032,0.9982608463023671,0.6075580509572874,0.9985317523437776,0.6074972851910713,0.9990197101590013,0.6083095419189136,0.9989922328181416,0.6333580615776323,0.9992265388262864,0.6687935025578278,0.9997045737257315,0.6192339845831056,0.999282140063852,0.6356612101081168,0.9998572266117064,0.6669783207324674,0.9998301381970631,0.6558634269808967,0.9981779677907099,0.662080384016392,0.997659561541257,0.6414466252106732,0.9999999999999999,0.65925638587392,0.9990269546781027,0.6491278179770108,0.9993121821632597,0.6532912909775048,0.9997033463213456,0.6774871306827673,0.9987440588332831,0.6804122454805097,0.9980758402540054,0.6842332611313613,0.9981062710419406,0.6944915699046632,0.9991651556690088,0.6967359476536722,0.9982097003709998,0.7089041146487411,0.9990452441615768,0.7459850614593447,0.9985493561335546,0.7126210697388174,0.9992631241320454,0.6866180074242292,0.9995981945985066,0.6921976213211534,0.9998140118869132,0.6842845557311317,0.9998871062724921,0.6772397732834228,0.9999685300089569,0.6504533724990516,0.9991576222356678,0.6572269061121172,0.999968889892126,0.6356841068266625,0.9999612551033844,0.6401062350685777,0.9986604818304428,0.6371432879192777,0.9990929530402609,0.6522680868335707,0.9994814614507056,0.6396525463278323,0.9972231270282886,0.6560942874460955,0.9997054290594878,0.6283657074341288,0.9994414999241406,0.6448246042717483,0.9999124097923076,0.617425634171181,0.9995808669592532,0.658457955411733,0.9997677616692943,0.6399022921163462,0.9993416219672585,0.6538880453246056
VS1_T26_0219_003442_20260325_164815_LG_lev1_V2_1.fits,0.5905546074684167,0.9573981090871565,0.6434555920085004,0.9767114707015493,0.6099933493486578,0.9513299429918789,0.6299382022688919,0.9603795988697219,0.6466722015675013,0.9742866638873883,0.6959246800429776,0.997866987698402,0.6641997603891888,0.9818944629846429,0.6584997022943251,0.9929515480921449,0.6541631036191725,0.9897062945179601,0.6630240251192175,0.991431329956593,0.6756701807969913,0.9917371256161641,0.6487135019146916,0.9844256757946525,0.6791623363718688,0.9903551204291756,0.641356005850034,0.9961422522675,0.6817030034272455,0.999427675896617,0.6608212081483562,0.9929574559007801,0.6395172930107522,0.995694005031273,0.6596138206590143,0.9983910887328777,0.6701948376881944,0.9975393813089324,0.6254326148975938,0.9996072097508906,0.6179346881442361,0.9951050895804302,0.65925638587392,0.9999999999999998,0.6338731360006665,0.9969286607685144,0.6372261036662019,0.9998970780903839,0.6584527500823111,0.998022279357251,0.6292554679342743,0.9994133606230323,0.6239010256369847,0.9989138479775325,0.6229344184569577,0.9954705854974668,0.663331534256545,0.997607160331435,0.6846652881000888,0.9956982031997227,0.6535197607315713,0.9897722758487303,0.6605029082376309,0.9862335216989992,0.6470785656518935,0.9991702679723613,0.6584800805139359,0.9984383792986421,0.6524356246372525,0.9992104597475018,0.6572694553961503,0.9992746830599853,0.6566471175200823,0.9965165450696073,0.6813498168841358,0.9962186619821242,0.6623971705652952,0.9951822265194327,0.656184987826766,0.996104334359858,0.6299038402503996,0.9953361662180271,0.6372341938575056,0.992602440827856,0.6443533717815505,0.993415418527789,0.6173564306244749,0.9957480260997288,0.650714817276895,0.9907277249509189,0.652385914681534,0.9976334639372214,0.6635843032935829,0.991271176337446,0.6448221703304448,0.996293384616231,0.6471593398507695,0.9935633665785947,0.6807918340995966,0.9981518187479984
VS1_T26_0219_003442_20260325_164904_HG_lev1_V2_1.fits,0.9952761115205053,0.6583375981069876,0.9980349631937895,0.6641129169322474,0.9972975579687408,0.6403409949947847,0.9983521906054241,0.6378087324280345,0.9979497774114994,0.6293966084412341,0.9935330544466244,0.6099307417317721,0.9963721434771614,0.5694575753838236,0.9967344622526166,0.5910699234648449,0.9960921244381846,0.5791277454995764,0.9963091734958931,0.5917425574425529,0.9955576185275553,0.5826374964940163,0.9977408444172036,0.5838341629793161,0.9963525330728543,0.584142572038492,0.9988841785796098,0.6090060593031055,0.9965595493483743,0.643204267985985,0.9983766716999386,0.5948360747202228,0.9995224188109009,0.6116014146917358,0.9986969314475012,0.6414343502478141,0.9981368448170461,0.6319875897796184,0.9993615682720979,0.6368040913200623,0.9994549876831387,0.6180236685398377,0.9990269546781027,0.6338731360006665,1.0,0.6252527295150804,0.9999358172841702,0.6278253983085694,0.9991411164363818,0.6529012312220215,0.9999614357697253,0.6559372793855505,0.9998358988651881,0.6601598710121305,0.9998371103401732,0.6682385228955767,0.9984251351676224,0.6724590618980589,0.995922425008854,0.683671391852198,0.9990480133106533,0.7217486956197529,0.9981945561030033,0.6890241540484601,0.999558753744401,0.6619618890210004,0.9990671542437009,0.6670645912661346,0.9995288070416442,0.6594286948167659,0.9992603159229299,0.6522572194047692,0.9992649678624808,0.6269110378440718,0.9968629573489098,0.6329584140551405,0.9988213227531108,0.6118958443521447,0.9991253783344488,0.6161153868010424,0.9995315671594934,0.6132913561707937,0.9994946169599165,0.6294794083524164,0.9993499008139661,0.6159918451878296,0.9988643334150055,0.632405266200485,0.9991921069685832,0.6053999792505976,0.9987250680960428,0.6198590612986535,0.998590475478588,0.5939614438428252,0.9995447761682988,0.6339777596831602,0.9996180882765917,0.616633742673991,0.9968742293080348,0.629415593749764
VS1_T26_0219_003442_20260325_164904_LG_lev1_V2_1.fits,0.5875736354569504,0.9577669575404375,0.6384749973728252,0.9770963920832711,0.6060315111300011,0.9553097173237383,0.6250383504016929,0.9640805743059936,0.6414212600461097,0.9773320368533976,0.684199748711442,0.9976740223054797,0.6533080536382707,0.9798378462432142,0.6475519282781065,0.9924328732672328,0.6430139151563322,0.9859737823438707,0.6520372634429423,0.9899433580583119,0.6640059332655597,0.9895353928869891,0.6380686666538352,0.9827215172383762,0.6679818541131023,0.9897115354093036,0.6311633123705733,0.9956990598767738,0.6707312415300517,0.9961594348704101,0.6502039599464083,0.9911980124403764,0.6299097441528052,0.999540096312499,0.6492365457148039,0.9970149360482671,0.6599478526407371,0.9994840719486109,0.6164202238703814,0.9978938883531323,0.6092118977834252,0.9993213048486671,0.6491278179770108,0.9969286607685144,0.6252527295150804,1.0,0.6281722201797486,0.9972510408473323,0.6493334297286044,0.9978573273299777,0.6204475390770126,0.997347503918268,0.6159949205810141,0.9978772188955201,0.6147758431780638,0.987289823908323,0.6544411225657588,0.9959017957852152,0.6758546153497038,0.9873889085487337,0.6459095909396307,0.9802710452086598,0.6537299626627825,0.9748185648915605,0.639413580300099,0.9953696285673841,0.6493952929309843,0.9937420819859141,0.6431329617528851,0.9963631558040608,0.6478570056165162,0.9971265943503373,0.6470166788803845,0.9985556753509911,0.6713360077303969,0.9991961513581805,0.6524771835651724,0.9992210100948157,0.6459918743220303,0.9996414168481214,0.6205394405451612,0.999480174730717,0.6277929126935515,0.9983263102692496,0.6343964763629648,0.9990022589780335,0.6084634067921393,0.999361514292785,0.6407724360382876,0.9978000172774701,0.6424212798747777,0.9992083852645884,0.6532340360130198,0.998098136127337,0.6352560241573462,0.9989065817885148,0.6374519416025345,0.9991091208070851,0.6700767671523646,0.9996257326877019
VS1_T26_0219_003442_20260325_164953_HG_lev1_V2_1.fits,0.9945126773565519,0.6610326043849865,0.9977044293672935,0.6669929730201595,0.9967895531654329,0.6429677866093971,0.998029417978563,0.6405375285299081,0.9977148426033067,0.6323649624199824,0.9944628958553969,0.6135153698952464,0.9972436460772791,0.5732447965743076,0.9975714860291305,0.5947154826510116,0.9970089771756959,0.5830715701686543,0.9971936583829546,0.5954638904093463,0.9964928304057211,0.5863628331635791,0.9984264494181515,0.58750904614214,0.9970903505085962,0.5876695790514004,0.9993410347983329,0.6124552131106145,0.9971414801854315,0.6467807092738626,0.9989071653557667,0.5983322061781492,0.9998004137427472,0.6147043556127999,0.9991444362086997,0.6448995836764971,0.9985112220487918,0.6351447298409355,0.999545569858438,0.6401887194424777,0.9994617973631134,0.6210200676427226,0.9993121821632597,0.6372261036662019,0.9999358172841702,0.6281722201797486,0.9999999999999998,0.6310962279416492,0.9991813969364075,0.6559611516261923,0.9998930503514443,0.6591505170976012,0.999607340912752,0.6632275545264543,0.9996800131595927,0.6716747956309734,0.9983467376859796,0.675473889758505,0.9960682622065813,0.6870965817773157,0.998892390928685,0.7250681760564476,0.9980605862082542,0.6923299982756611,0.9994813056309021,0.6651879721975374,0.999064570510695,0.670317555274561,0.9995996496071993,0.6626860318626167,0.9993842433710427,0.6555015946378511,0.9994958546647141,0.6300618682597198,0.9971801527236528,0.6359664503614254,0.99914273858265,0.6149822337849465,0.9994526853503966,0.6192131539989189,0.9997326012748523,0.6163650305838344,0.9997661753334441,0.6324904547502249,0.9996939342809704,0.6189919302483924,0.9990455940482682,0.6355165047569685,0.9995670880163853,0.6083266657635134,0.9992155947205776,0.6231574963314455,0.999001552768392,0.5968498822678137,0.9998165148770944,0.6371145083378535,0.9998418261622738,0.6195812937814632,0.9973572586070485,0.632586810316367
VS1_T26_0219_003442_20260325_164953_LG_lev1_V2_1.fits,0.5844515418939636,0.9560084272442638,0.637760168471872,0.9755145987019481,0.6039240968098047,0.9500102009101399,0.6239951976682611,0.9592239703879364,0.6408835704854277,0.9734280317461436,0.6899414417685833,0.997700253354769,0.6576651020181701,0.9814263009085779,0.6519003583482651,0.9926617770523878,0.6473966909889448,0.989230578071119,0.6564462564871808,0.9909694822686943,0.6692847339418955,0.991451956409223,0.6421125068029082,0.9839419612035692,0.6730577760178265,0.9902039364109487,0.6348798306737276,0.9959438628176134,0.6758296933121928,0.9990221846224484,0.6546039524449885,0.9928046508916805,0.633192948567772,0.9959302100015256,0.6534700901959001,0.9981625428604108,0.6643179907452379,0.9974704571285328,0.618962136590167,0.9994549046473237,0.6115292928981911,0.9953207538389708,0.6532912909775048,0.9998970780903839,0.6278253983085694,0.9972510408473323,0.6310962279416492,0.9999999999999998,0.6527069127036288,0.9980305339330582,0.6231330732199747,0.9991641251329537,0.6178545171485077,0.998737503762822,0.61678844239418,0.9950899341711952,0.6578160234421471,0.9974160199948647,0.6793614501462497,0.9949814329792243,0.6479349700195631,0.9885796407839685,0.6550263255713276,0.9851996794189254,0.6412999802106715,0.9988845315981928,0.6527880948147368,0.998126029467869,0.6465714557884243,0.9989302306954171,0.6514353116244216,0.9991052820125713,0.6506804624030185,0.9964621667960073,0.6757487539038463,0.9964195393592404,0.6564322617818489,0.9954269701084075,0.6501156019393287,0.9963092876517509,0.6235020608328716,0.9955657723705079,0.6308688602061685,0.992540194686294,0.6380417012082187,0.9936759645067686,0.6107530590366677,0.9956893959238311,0.6444740645907608,0.9910278738103501,0.6460436583976571,0.9976965709083397,0.6575253883833628,0.9918420893330461,0.6385857253965158,0.996371075923222,0.6410253742815649,0.9938239945225761,0.6749877086654252,0.9982100038738987
VS1_T26_0219_003442_20260325_165042_HG_lev1_V2_1.fits,0.9920049074198259,0.673869893015798,0.9980543816571825,0.6819064066948615,0.9950791941315076,0.6553067026452092,0.9973530212396878,0.6538830483649012,0.9980741084861506,0.647461714154283,0.9963828622738671,0.6338541278797604,0.9967873271319863,0.5907805698059583,0.9967637553776936,0.613769476961294,0.9957333531610401,0.6017911892012137,0.9966241148488725,0.6140504305438796,0.9968119434545658,0.605492077363657,0.9971961978169416,0.6050525096992919,0.9980644729166274,0.6065466455856899,0.9980302046757332,0.6319982055266866,0.9986491679906565,0.667494802418218,0.9988950355020834,0.6175661974373956,0.9987037721290053,0.6355103334012925,0.9992114648299114,0.6661330292628499,0.9995372088629294,0.6553949141312042,0.9976062948621524,0.6612743403199236,0.9973617112970261,0.6413192511651552,0.9997033463213456,0.6584527500823111,0.9991411164363818,0.6493334297286044,0.9991813969364075,0.6527069127036288,0.9999999999999999,0.6774554908846575,0.9987813345455829,0.6797271204923614,0.9984258560536993,0.6838902759599176,0.9982744061793435,0.6934816528058191,0.9998189201678744,0.6966323569789651,0.9987286702844506,0.7075445431887781,0.9997430023726558,0.7446316291364915,0.9993690788494661,0.7106013393057933,0.9996663032727446,0.6857999629732583,0.9999879723557747,0.6915130897750283,0.9999127449857877,0.6836127427590071,0.999947927927223,0.6766985053952681,0.9997773465562521,0.6497832782932379,0.9992017755998782,0.6574476124993524,0.9996702658240119,0.6354049701770681,0.9995193656651209,0.6398981818714348,0.9980984006338102,0.6370002757853672,0.9985051170133598,0.6521220321827866,0.9988251028844944,0.6398142602118836,0.9965365930411026,0.6558868801892695,0.9990954553626732,0.6285399678001403,0.9986185575463059,0.6443923929370836,0.9994323744505885,0.6177949829984144,0.9991136716530494,0.6583885346064657,0.9994295519661627,0.6399905960609065,0.9989869001988215,0.653576868383485
VS1_T26_0219_003442_20260325_165042_LG_lev1_V2_1.fits,0.6131496366726658,0.9480299600250488,0.6653674743360358,0.9702248250025233,0.6321582068800733,0.9428130262349024,0.651700336429129,0.952539015871086,0.6683949523480213,0.9675157816839204,0.7133501121267714,0.9955181851218722,0.6818001318497764,0.971437735704015,0.6759754112045516,0.986918689922117,0.6713894912919343,0.980657956173414,0.6805254297985105,0.98428136727122,0.6928435948601064,0.9839990670443963,0.666304353675281,0.9749894108609191,0.6968029825367938,0.9829976380422715,0.6592258076193331,0.9917030706852826,0.699571960918095,0.99825473165947,0.6786580336426454,0.9859328488639119,0.6578336349744609,0.9961612197925213,0.6776329840987533,0.9992838721428761,0.6884785991278055,0.99743026924768,0.6439840585000479,0.9990097346358373,0.6366074514606983,0.9952453958850324,0.6774871306827673,0.998022279357251,0.6529012312220215,0.9978573273299777,0.6559611516261923,0.9980305339330582,0.6774554908846575,1.0,0.6480648335043097,0.9988449491140314,0.6433275282775243,0.9992939592887816,0.6421423885488603,0.9944391600939014,0.6825899060443326,0.9994926462492517,0.704290617694664,0.9935947709491199,0.6736376452596772,0.9891798214792646,0.6813611939366754,0.9786498360921412,0.6670581315846648,0.9978400985298174,0.6775150237853044,0.9981204140878924,0.6712168356338095,0.9991626866222694,0.6760345681132596,0.9995367886715087,0.6752227209575241,0.9950860609872871,0.6999763093523116,0.9988817782298507,0.6808237451547727,0.995114408787416,0.6743129994556942,0.9964626600228867,0.648262979378499,0.9958396896647351,0.6556378619525587,0.9943804987833011,0.6624685435449125,0.9957150404302583,0.6358608603625445,0.9973818439231329,0.6689339255645126,0.9921578075881347,0.6705914405772779,0.9983254577408336,0.6816767202752883,0.9924193983468238,0.6632511191798973,0.998875400487673,0.6655274108720372,0.9949015095707551,0.6988487340771685,0.9986965877444334
VS1_T26_0219_003442_20260325_165131_HG_lev1_V2_1.fits,0.9954476371018272,0.6556971274246148,0.9976280716587065,0.6609165985964682,0.997294260183066,0.6376664176896625,0.998145268188909,0.6348937727930994,0.9975359200955186,0.6260523969976203,0.9928671137122348,0.6053359787429429,0.9961505745052942,0.5657133321492773,0.9965967315443626,0.586857856814046,0.9960412012008294,0.5751176107411909,0.996113893608182,0.5876777619812169,0.9952097067981873,0.5785092404259562,0.9977096233145941,0.5800690537495166,0.995895220069424,0.5800467774514966,0.9989025584503837,0.6046902133571941,0.9960231227189467,0.6386001344301547,0.9981393119930527,0.5907043473255972,0.999511097594661,0.6068073967538131,0.9984507965573001,0.6366187101598041,0.9977104390948576,0.6273741216323426,0.9995108499769468,0.6321066749885299,0.9996685339279713,0.6133537998619208,0.9987440588332831,0.6292554679342743,0.9999614357697253,0.6204475390770126,0.9998930503514443,0.6231330732199747,0.9987813345455829,0.6480648335043097,1.0,0.6513948862925915,0.9998783542567103,0.6555718055596996,0.9999209718465538,0.6636174388874889,0.9979526286352323,0.6677565176724122,0.9951379361528012,0.67936380098731,0.9986391448360454,0.7176319472233614,0.9976352823156435,0.6854769044787102,0.9992640268869916,0.657492860154721,0.9986956710587067,0.6624712554691465,0.999270983321762,0.6548146388244912,0.9989438749889193,0.6475592793774418,0.9989894293782402,0.6224428744960013,0.9962379408391229,0.6280089014927337,0.9984895734339084,0.6071884181385484,0.9989005011528155,0.6113587987187594,0.9996349533405706,0.6085259303280569,0.9995089040574466,0.6248304130943837,0.999296069004273,0.6110969426893496,0.9991229592055519,0.6276633746376207,0.999049251192879,0.6006262396231495,0.9985778112912561,0.6149989503604529,0.998282299283181,0.5890705803137612,0.999454114069281,0.6290475789149815,0.9994899703607744,0.6118679641807742,0.9963267878713775,0.6246452047298445
VS1_T26_0219_003442_20260325_165131_LG_lev1_V2_1.fits,0.6144176257999026,0.9595626667470002,0.6657570907876025,0.978587341666968,0.6333152729306154,0.9536605317408996,0.6526343793872192,0.9623454447197549,0.668806399402033,0.9755290518965218,0.7157312009962341,0.9971580014029406,0.6851145531794203,0.9796624757192827,0.6795558499589447,0.9915426419262467,0.6752758525289838,0.9872905587885445,0.6839389681361507,0.9898715073178659,0.6961005867021486,0.9896442871342225,0.6701008117303989,0.9827738923460616,0.6995839147056107,0.9887000846019619,0.6630202661075557,0.9953373592613667,0.7020727550504036,0.9993285482573576,0.6818719367736055,0.9914085813626653,0.6613162677287138,0.9958198595964769,0.6807417603455542,0.9986215943615333,0.6910110812752612,0.9980520565314323,0.6476891208455727,0.9995014932911953,0.6403897753697031,0.9956146528043198,0.6804122454805097,0.9994133606230323,0.6559372793855505,0.997347503918268,0.6591505170976012,0.9991641251329537,0.6797271204923614,0.9988449491140314,0.6513948862925915,1.0,0.6463102162165801,0.9998489729684807,0.6453350185591912,0.995326659405902,0.6844547515293224,0.9988837735660262,0.7052884005237859,0.9961786628027739,0.6752292407442145,0.9916198664242725,0.6821934078099967,0.9865227968915885,0.6690150655666062,0.9996578809484347,0.6797468744385219,0.99888990912749,0.6738871836311324,0.9997542163716119,0.6785782974542038,0.999661606188576,0.6779614694821898,0.9969457035718268,0.7018459677142681,0.9969350188495697,0.6835035590166302,0.9954592758422178,0.6774251045065764,0.9963653937016728,0.6519887968278423,0.9956196676579713,0.6591180266845481,0.9939380238760545,0.6659608624010236,0.9941259290082844,0.639828353482015,0.9966383269695445,0.6721537048053913,0.9913875903498903,0.6737907391830812,0.9975651994275914,0.6845620940027647,0.9913961856589039,0.6664755661941237,0.9970386594052671,0.668713122525421,0.9943153858675208,0.7011950177311296,0.9984247173013183
VS1_T26_0219_003442_20260325_165220_HG_lev1_V2_1.fits,0.9966621702819987,0.6512489393580068,0.9980806479373685,0.656337928528643,0.9981277592653073,0.6335882978171005,0.9986566955414065,0.6306752950120553,0.9978874773796805,0.6215075098898225,0.9913658333987644,0.5999580539024385,0.994926294806469,0.5597868564506842,0.9954186974732407,0.5812981271631503,0.9948004222625927,0.5689609939064683,0.994877881374618,0.5819698152777166,0.9938049771059164,0.5726938173200949,0.9967206602177344,0.5743072700445423,0.9946790516618352,0.5745217287529389,0.9981693225317637,0.5993598299249048,0.9949360758957045,0.633083661852716,0.9972243540934074,0.5851341195086384,0.9989900370763934,0.6022355510053122,0.9976292659720388,0.6313969795064136,0.996916994271318,0.6226338475767897,0.9991852569929917,0.6268728238854412,0.9995449101583638,0.6088947106638144,0.9980758402540054,0.6239010256369847,0.9998358988651881,0.6159949205810141,0.999607340912752,0.6178545171485077,0.9984258560536993,0.6433275282775243,0.9998783542567103,0.6463102162165801,1.0,0.6507292235068172,0.9999657029434407,0.6578871170675535,0.997691419314214,0.6629784841133676,0.9945908553924042,0.673645529894568,0.9986000842591086,0.7120773538625997,0.9976310391224071,0.6795085594693171,0.9991807214124255,0.652241823753495,0.9983759186687214,0.657182337663492,0.9988897428954714,0.6496589746303135,0.9984880748208167,0.6424629253351958,0.9984301401598527,0.617655086580114,0.9954636530004548,0.6235539814912398,0.9978055909049349,0.6026120629239545,0.9982063015552008,0.6067639211584229,0.9992381811260286,0.604003415585958,0.9990221008348739,0.6205848833543656,0.9986671834652312,0.6068193545210817,0.9988449518997158,0.6231614130976432,0.9983727857974048,0.5964965330655757,0.997801850545029,0.6101099785991477,0.9974851186855788,0.5849021110444745,0.9989239447095801,0.6244538244746203,0.9989711737761869,0.6075958167155787,0.9953560718279888,0.6198609356802206
VS1_T26_0219_003442_20260325_165220_LG_lev1_V2_1.fits,0.6199464479704608,0.9585135120716484,0.6708549261904082,0.9779157466275988,0.6385817527013327,0.9529841787523126,0.6576939395653031,0.9616965856877158,0.6738250089722562,0.9748410828463335,0.7189874888821097,0.996574823131349,0.6884548785792153,0.9775511686752675,0.6828892002809724,0.9903296198842135,0.6785114482583741,0.985233867041936,0.6872540661861153,0.9883979371170647,0.6993031969343948,0.9880261892058877,0.6735456676309907,0.9809154950991333,0.7030056315801706,0.9873291914480931,0.6666607064072252,0.9945072806885615,0.7056334409918349,0.9987889270853688,0.6854617440412525,0.9900553732910709,0.665169120110691,0.9962001831536093,0.68441978562635,0.9985711051514782,0.6947969104353724,0.998221779696392,0.6516572653847972,0.9992582986376873,0.644495565633327,0.9960165702761566,0.6842332611313613,0.9989138479775325,0.6601598710121305,0.9978772188955201,0.6632275545264543,0.998737503762822,0.6838902759599176,0.9992939592887816,0.6555718055596996,0.9998489729684807,0.6507292235068172,1.0,0.6496627890956569,0.9946348978718856,0.6887476741900486,0.9992748701377414,0.7094978906649119,0.995331136008219,0.6797472334272626,0.9910436775048015,0.6868630009109253,0.9847120256127788,0.673446896748875,0.9992764741530975,0.6839416671521201,0.9986229227935464,0.6779689636177539,0.9996233626303654,0.6826230276288493,0.9996238564616121,0.6818989363108532,0.9968908936707426,0.7057446459478214,0.9976895121160356,0.6873540318001657,0.9957470734168794,0.6811984669012168,0.9967072516950773,0.6558972728610438,0.9960337127762218,0.6629987380651571,0.9946944877805098,0.6697283997499076,0.9949514712581329,0.6437901013974079,0.9972107021901799,0.6759286950374093,0.9921998636578415,0.6774956016577275,0.9977518661156279,0.6882923025124408,0.9921571166225293,0.6703625265422334,0.9976721911367795,0.6726116560035112,0.9950099657000181,0.7048688344846477,0.9986602119315324
VS1_T26_0219_003442_20260325_165309_HG_lev1_V2_1.fits,0.9965229324677548,0.6510636701546111,0.997793654189411,0.6559728791326551,0.9980168344948702,0.6334277334782464,0.99850896936801,0.6304313614833653,0.9976582800526798,0.6211450131457502,0.9915397028296064,0.5992123188477774,0.9953822214739192,0.5595524300348316,0.9959037735646934,0.5807739348825373,0.9953924341228884,0.568656225880441,0.9953579576497845,0.5815586262616459,0.9941951880401897,0.5722170119868919,0.9971792479890695,0.5740045342887258,0.9948755483028144,0.573960741693392,0.9985154940039807,0.5986600943504153,0.994977722223294,0.6322876812368344,0.9974400188298768,0.5845111185208887,0.9992131569428616,0.6011596967959768,0.9977889343658995,0.6304618323290914,0.9969128049242202,0.6216649301501755,0.9994695618032372,0.6259255484443543,0.9997584380605242,0.6078219938189824,0.9981062710419406,0.6229344184569577,0.9998371103401732,0.6147758431780638,0.9996800131595927,0.61678844239418,0.9982744061793435,0.6421423885488603,0.9999209718465538,0.6453350185591912,0.9999657029434407,0.6496627890956569,1.0,0.6568885548544506,0.9973910568353943,0.6618174198762965,0.9942371087547631,0.6728208931061324,0.9983279262829682,0.7113157825510885,0.9973032476419184,0.6789319226655204,0.9990343137078851,0.6512713908566625,0.9981877140756579,0.6561570445022797,0.9988172025069366,0.6486644229609924,0.9984099949104048,0.6414251339364968,0.9984459921271828,0.616747053730499,0.9952972632029286,0.6223370346903726,0.9978379978062606,0.6015667690762622,0.9983021124509318,0.6056975119015685,0.9994909350863074,0.6029305382370531,0.9992641763561124,0.6196037554933372,0.9988964952457788,0.6056761946874677,0.9992034224553088,0.6221471256372745,0.9985664590435832,0.5953961052316794,0.998072908328977,0.6090889220762421,0.9975828544546177,0.5836851910664066,0.9990933367600309,0.6233280036701976,0.9990769048731261,0.6064776397835547,0.9953330252053957,0.618802369483336
VS1_T26_0219_003442_20260325_165309_LG_lev1_V2_1.fits,0.6214061495510731,0.9387028923894333,0.6760835099304565,0.9613101180745285,0.641478272862623,0.9280982144875454,0.6621495550116019,0.9383533837029864,0.679234820783039,0.9544561332209758,0.7316013504488703,0.9880371296980602,0.6986519002545745,0.9644072704535558,0.6929142572641064,0.9788311566886371,0.6883731875388014,0.9763290160234114,0.6974497372137561,0.9772067053580837,0.7107605179488014,0.9779725026475654,0.68305663569462,0.967858381199963,0.714512930995849,0.9750483044919722,0.6757669301640545,0.984261328243184,0.7173658739925184,0.9958242641977721,0.6958281504643957,0.9798744891790185,0.6738992755994969,0.9839263940627251,0.6946413843566712,0.9946459683842344,0.7055511573799939,0.9878399240647758,0.6592572418660525,0.9946525865511439,0.6517545720943827,0.9825686376396315,0.6944915699046632,0.9954705854974668,0.6682385228955767,0.987289823908323,0.6716747956309734,0.9950899341711952,0.6934816528058191,0.9944391600939014,0.6636174388874889,0.995326659405902,0.6578871170675535,0.9946348978718856,0.6568885548544506,1.0000000000000002,0.6985943744182563,0.9963277637622281,0.7200774613672816,0.9989878318058616,0.6879975971938516,0.9967639914198131,0.6946076170493898,0.9876514871015173,0.6812974320325923,0.9968637211578121,0.6935880690397427,0.9986832360976364,0.6874226539114915,0.9968958862608284,0.6923386437373794,0.9962981943659189,0.691601310989669,0.9851111704183451,0.7169590533764317,0.9886757555669422,0.6974706808164861,0.9825722710430617,0.6912847173307768,0.9847208523217582,0.6640553576317254,0.9832142777268759,0.6714472116570871,0.9795536027606998,0.6789302029881993,0.9813747440309551,0.6508843515506382,0.9856387142470926,0.6853667281883028,0.9753811930374674,0.6868260142980962,0.9893098054513282,0.698707997263694,0.9761489556590232,0.6793065848506442,0.989004671300557,0.6819141697023252,0.9805103550067779,0.7164366099507451,0.9900320141782947
VS1_T26_0219_003442_20260325_165357_HG_lev1_V2_1.fits,0.9910625569936693,0.6761896321653754,0.9978731898731905,0.6847787332635571,0.9942353296377214,0.6573977228619949,0.9967631423796766,0.6562642336149657,0.9977982732769626,0.6503057450724494,0.9958608390068658,0.6381328597420517,0.995363330153604,0.5939870812282674,0.9952389672075863,0.6175672734457868,0.9939520492469498,0.605299441064709,0.9951436663057912,0.6176250640656725,0.9956560908113892,0.609306338745519,0.9956487965216133,0.6083459625259275,0.9973422635197575,0.6104320246350914,0.9966630338526846,0.6361437674776591,0.9982838325881429,0.6719558106602551,0.9979735410862494,0.6216352594601772,0.9975716275541346,0.6402946368542222,0.9983954134906472,0.6708235627197352,0.9991579371871926,0.6599564417603313,0.9962152382813952,0.6660203553310537,0.9960700142733292,0.64602259154239,0.9991651556690088,0.663331534256545,0.9984251351676224,0.6544411225657588,0.9983467376859796,0.6578160234421471,0.9998189201678744,0.6825899060443326,0.9979526286352323,0.6844547515293224,0.997691419314214,0.6887476741900486,0.9973910568353943,0.6985943744182563,1.0,0.7017088741923648,0.9991692856841836,0.7121637406384265,0.9997229767651213,0.7489795740970355,0.9994775016158534,0.7146762144030381,0.9993180650125969,0.6905876244580563,0.9998894950115684,0.6964802248958115,0.9995204715461619,0.6884308907233312,0.999605612851224,0.6816126014296211,0.999228207983428,0.6541909309400757,0.9992566842586172,0.66254687462376,0.9991373236050758,0.6400863141827616,0.9988156411386306,0.6446566143868652,0.996825244571108,0.6417451157820949,0.9973068332600861,0.6564676758926884,0.9977289816922525,0.6446290198090409,0.9949218971680854,0.6604583779646611,0.9981206640110915,0.6331776522144131,0.9974809141537195,0.6491835670169009,0.9987832518133588,0.6227752727431252,0.9981355448055471,0.6632969937464569,0.9986186767286303,0.6447274718654997,0.9987493863093232,0.6584074807422255
VS1_T26_0219_003442_20260325_165357_LG_lev1_V2_1.fits,0.6321966774733706,0.9489663814312028,0.6838286558891554,0.9707042454355951,0.6510052069153645,0.9423857275100075,0.6703602931125997,0.951854060749888,0.6867780607586182,0.9663049503657358,0.7317216515068636,0.9935126555175753,0.7005676255777453,0.9691993708771457,0.6948948346674932,0.9846359362428014,0.6903437924816909,0.9788015064894289,0.6993233514251157,0.982266514909163,0.7115746981237776,0.9819389639709158,0.6854660320152821,0.973088848503902,0.7155412480050756,0.9807703093152919,0.6786206362815701,0.9899742666051664,0.7183614658419646,0.997939058372367,0.6977774735281553,0.9842795402521601,0.6772647329718391,0.9934798088745184,0.6967884910506168,0.9984452856917854,0.7074716041911048,0.9957759479119919,0.6635472423436761,0.9982438303912604,0.6563719706079416,0.9927834880685672,0.6967359476536722,0.997607160331435,0.6724590618980589,0.9959017957852152,0.675473889758505,0.9974160199948647,0.6966323569789651,0.9994926462492517,0.6677565176724122,0.9988837735660262,0.6629784841133676,0.9992748701377414,0.6618174198762965,0.9963277637622281,0.7017088741923648,1.0000000000000002,0.7227810234335207,0.9960068388086367,0.692634313479527,0.9930956133191275,0.6999512527219478,0.9825461117519844,0.6861234978623028,0.9985464166343784,0.6967200295255289,0.9991351616361188,0.6905384823400749,0.999441694309211,0.6952540752112566,0.9994218764175248,0.6944182321004376,0.9933621187955064,0.718734447420165,0.9970130274079883,0.6999143875260099,0.9924608604845071,0.6935943698455876,0.9940032318297551,0.6678511601985229,0.993163633214434,0.6750588770023036,0.9917773220052376,0.6818587546679941,0.992744484826315,0.6555079660529894,0.9952784873594096,0.6881805090582097,0.9886370197531836,0.6896951914615529,0.9962525361639171,0.7007803685995395,0.9886888360366324,0.6825857978852279,0.9970228203516031,0.6849152491117382,0.9920586300626743,0.7176691706015937,0.9970438420538026
VS1_T26_0219_003442_20260325_165446_HG_lev1_V2_1.fits,0.9864196397586055,0.6886402131670666,0.9962296822901221,0.6996237931662502,0.9907076812230565,0.6698386950020718,0.9943409288787468,0.6698315944968741,0.9962808288286807,0.6660287062263931,0.9974302862367571,0.6598385100911339,0.9950517368160482,0.6128071690662792,0.9945417189332066,0.6378902714989524,0.9930232806956757,0.6253596208447638,0.9947372776533221,0.6374611759863483,0.9959573178468256,0.6294368970152678,0.9943055935068267,0.6270551775581781,0.997775956870019,0.6301664681236342,0.9947756360539837,0.6565359442368682,0.9988017130464075,0.6936200095960591,0.9972108332671513,0.6414486988155923,0.9955081786080044,0.6619683194217056,0.9975431233732532,0.6931286151846164,0.9988939784001122,0.6809767881625705,0.9933546498633792,0.6877342097073257,0.9926701594846704,0.6670790719064525,0.9982097003709998,0.6846652881000888,0.995922425008854,0.6758546153497038,0.9960682622065813,0.6793614501462497,0.9987286702844506,0.704290617694664,0.9951379361528012,0.7052884005237859,0.9945908553924042,0.7094978906649119,0.9942371087547631,0.7200774613672816,0.9991692856841836,0.7227810234335207,0.9999999999999998,0.7323803443925142,0.9985477690327221,0.7681510354445331,0.9989309719916685,0.7317876896319386,0.9978321264176304,0.711187059229312,0.9987825023094081,0.7175383283571194,0.9981077598183302,0.7095857317280699,0.9985115359251074,0.7030761967036658,0.9981403962142809,0.6747154211003195,0.9996867105208354,0.6846062016526374,0.9984121548120274,0.6614776060359789,0.9976946081541913,0.6661990285575192,0.9941891665802761,0.6632754677739819,0.9951206378969062,0.6773671568201552,0.9959391033657283,0.6665050374301503,0.9916199781483761,0.6818530785492409,0.9967236879885888,0.6544727357092819,0.9962755864081858,0.6713867926809197,0.9980854984215425,0.6445228804967635,0.9963627871730811,0.6855071313315849,0.9969290624338044,0.6660555167301634,0.9991270591854072,0.6800662799090331
VS1_T26_0219_003442_20260325_165446_LG_lev1_V2_1.fits,0.637620666337335,0.951292177396915,0.689942013220846,0.9707143570731371,0.6570141382782013,0.9409105014071988,0.6768528419166665,0.9498356261536569,0.693040219033365,0.9635026385315413,0.7443616857997253,0.9889575340236736,0.7133217229110466,0.9703927682110193,0.7079328235728778,0.9821806272830621,0.703741096554673,0.9803845664944784,0.7122207341202517,0.9812728818849283,0.7248769020842839,0.9815750588204799,0.6985314513399364,0.9738175480439144,0.7281779474509136,0.9791850490252377,0.6914548998532268,0.987000162353733,0.73069555575785,0.9960083715026543,0.7104340200597205,0.9836260453133998,0.6894607199362992,0.9842023801233017,0.7092150798005971,0.9937151872258341,0.7193502722213775,0.9889454461449414,0.6754860950788373,0.9945539611488035,0.6682321231535505,0.9837686498580872,0.7089041146487411,0.9956982031997227,0.683671391852198,0.9873889085487337,0.6870965817773157,0.9949814329792243,0.7075445431887781,0.9935947709491199,0.67936380098731,0.9961786628027739,0.673645529894568,0.995331136008219,0.6728208931061324,0.9989878318058616,0.7121637406384265,0.9960068388086367,0.7323803443925142,1.0,0.7018945019465214,0.9983802775532233,0.7078965645201083,0.9929926778786252,0.6956999463502883,0.9979078380210264,0.7075975336263307,0.9986049223225116,0.7019336487328957,0.9970637323370893,0.7066064769944977,0.9960562791907895,0.706049055802981,0.987283244385964,0.7299054289294035,0.9876362539541254,0.7116787057583366,0.9835336575979384,0.7059443933944258,0.9852180920293784,0.6800937401911464,0.9837379620390441,0.6871142200760685,0.9809084124868263,0.6943095621187593,0.9811642874888653,0.6675627856002495,0.9860512099294577,0.7003729498805266,0.9762216160189112,0.7018196389834127,0.9886879984699677,0.7129978628555514,0.9762896759139473,0.6945305221941007,0.9880145892698818,0.6969755256905293,0.9812260167965162,0.7297041968844167,0.9900262991328365
VS1_T26_0219_003442_20260325_165535_HG_lev1_V2_1.fits,0.9935502239454483,0.6688370363732643,0.9989188413010027,0.677069444317468,0.9962459073940243,0.6508641607042582,0.9982010350359833,0.6494258497609576,0.9987720023206669,0.6429239386905814,0.9948846971696885,0.6290812525248354,0.99544592897911,0.5845861527462229,0.9954273604800382,0.6084176115051183,0.9942651805002964,0.5954295010418036,0.9952407848339296,0.6083513223051036,0.9952724385960517,0.5996458069575789,0.9960453302188892,0.5991217924705096,0.9968161650468912,0.6011268881934035,0.9971682577955044,0.6270171054062711,0.9975953152883712,0.6624812421072257,0.997913749594872,0.6120743780997326,0.9981150909854334,0.6319752847806166,0.9983563342121419,0.6617146032181331,0.9987888182563845,0.6514884475659234,0.997192776908678,0.6566770198304476,0.9971434187842946,0.6378914483327353,0.9990452441615768,0.6535197607315713,0.9990480133106533,0.6459095909396307,0.998892390928685,0.6479349700195631,0.9997430023726558,0.6736376452596772,0.9986391448360454,0.6752292407442145,0.9986000842591086,0.6797472334272626,0.9983279262829682,0.6879975971938516,0.9997229767651213,0.692634313479527,0.9985477690327221,0.7018945019465214,1.0,0.7390593624075419,0.9998106412895761,0.7039628890020184,0.9998430702147793,0.680996583859954,0.9997774881767478,0.6866797503432346,0.9995962299830196,0.6790399261794076,0.9995735851624525,0.6722636239186731,0.9992620535350587,0.645758910038235,0.9985746807997484,0.6541444055369516,0.9990232037882182,0.6318790442411817,0.9988034393573892,0.6363277411343021,0.9976104492898329,0.6335381297633043,0.9979477423460845,0.649033459233367,0.9981125269877793,0.6368072373296031,0.99613145490777,0.6524268381384717,0.9983685783502103,0.6256595921110174,0.9977873824043644,0.6404327830818388,0.9986019645168391,0.6149083835393233,0.9985429592443665,0.6549375661893332,0.9988787600935712,0.6369123636941055,0.9980561238606533,0.6496926839990023
VS1_T26_0219_003442_20260325_165535_LG_lev1_V2_1.fits,0.6770160591961211,0.9456398233929162,0.7274892959229596,0.9654510801617013,0.695808864554822,0.9338676011812432,0.7149649204487165,0.9425069604750255,0.730525278640717,0.9555042571097919,0.7798009827938241,0.9809001509755023,0.7502055501295818,0.9588623020901589,0.7450651199917104,0.9723136914012681,0.7410435195757035,0.9699515995475936,0.7491640676127576,0.9714843234656847,0.761275001738554,0.9712369659139085,0.7360709503728096,0.9631747147801609,0.7644210329115032,0.9686238096601925,0.7292938257418485,0.9784190158216067,0.7667981588146201,0.9909232673439899,0.7474854010946426,0.9739326776561332,0.727370316942627,0.9760684539470288,0.7463056429263,0.9886735506078317,0.7559690869269153,0.9822337389544396,0.7139296063067652,0.988846395606554,0.7069478908093932,0.9757772924812533,0.7459850614593447,0.9897722758487303,0.7217486956197529,0.9802710452086598,0.7250681760564476,0.9885796407839685,0.7446316291364915,0.9891798214792646,0.7176319472233614,0.9916198664242725,0.7120773538625997,0.9910436775048015,0.7113157825510885,0.9967639914198131,0.7489795740970355,0.9930956133191275,0.7681510354445331,0.9983802775532233,0.7390593624075419,1.0,0.7447002820365318,0.9912422598234225,0.7331569887011217,0.9938906784325215,0.7446660988159582,0.9954952874444006,0.7392710435711023,0.9930925600806488,0.7437425131942121,0.9915874129624447,0.743237963112782,0.9798499290715782,0.7659776079439865,0.9815738857493806,0.7486365449691071,0.9751531630236357,0.743167608103023,0.9773422737586638,0.7183682605020346,0.9756292698092418,0.7251173381472253,0.9738549379052442,0.7320361901888363,0.9734670412906007,0.7063018552142546,0.9795611658826874,0.7378445786130476,0.967403451947424,0.7392233924331932,0.9816455490343147,0.7499434999156107,0.9667258850580952,0.7322359900711288,0.9820775277517164,0.7345780849910265,0.9732454940881794,0.7658607690641528,0.9834482919161222
VS1_T26_0219_003442_20260325_165624_HG_lev1_V2_1.fits,0.9928448313023506,0.6720769370327904,0.99905593081304,0.6815147156191487,0.9958166515182922,0.6545610292885988,0.9980527037954755,0.6535787247964571,0.9989457789381538,0.647903192078689,0.995143967812637,0.6364442457962444,0.995130275157162,0.589953605813537,0.9949521379095234,0.614910323274089,0.9936803956553049,0.6012590635201998,0.99487972186327,0.6144868444540665,0.995064566563402,0.6057664690092589,0.9953544532686318,0.6045489834442601,0.9967194277494762,0.6072373995403582,0.9963206600611584,0.633659581788277,0.9975461236721397,0.6696331225364671,0.9974354579602348,0.6181278962061683,0.9972888925142,0.6399521689420004,0.9978739363554128,0.6694791433667862,0.9985532455246899,0.6589740128520314,0.9961575079511329,0.6640474507416262,0.9959391774395777,0.6456003264441089,0.9985493561335546,0.6605029082376309,0.9981945561030033,0.6537299626627825,0.9980605862082542,0.6550263255713276,0.9993690788494661,0.6813611939366754,0.9976352823156435,0.6821934078099967,0.9976310391224071,0.6868630009109253,0.9973032476419184,0.6946076170493898,0.9994775016158534,0.6999512527219478,0.9989309719916685,0.7078965645201083,0.9998106412895761,0.7447002820365318,1.0000000000000002,0.7079466418298191,0.9995220809902878,0.6876150285922337,0.9993976388375221,0.6935157090255369,0.999054650461793,0.6861157187910633,0.9991384856040149,0.6795602898565075,0.9988013301944999,0.6529066762652765,0.9986401365082117,0.6623892140372858,0.9986618496556164,0.6396720060622572,0.9982374822614584,0.6441958022509999,0.9965974846007776,0.6414791191715261,0.997106540799508,0.6570110054680021,0.9973383888344409,0.645195945424459,0.9949479665849934,0.6603981854509938,0.9977536790797824,0.6338925436055659,0.9972539109163544,0.6484416263505001,0.998197430993414,0.623251092880445,0.9978412969493123,0.6631942128590099,0.9981776876544248,0.6449730035685391,0.9980020733942722,0.657442213948227
VS1_T26_0219_003442_20260325_165624_LG_lev1_V2_1.fits,0.6412628243823235,0.9703847463542844,0.689698736742605,0.9809574736371736,0.6593695946587541,0.958626188915748,0.6779341719702696,0.9644882537994879,0.6925041679035218,0.9726080087617721,0.744208447051793,0.9792767916848646,0.7157054095274749,0.9769841701365743,0.7111215931486409,0.9800319109066905,0.7073905098752343,0.9822292693731427,0.7148099256724059,0.9813117236588224,0.7268899241613588,0.9817779145823793,0.7028476864704132,0.9796582572237856,0.7297690453999898,0.980304422902663,0.6966599645079823,0.9830152465036707,0.7321979101297307,0.9847343196799541,0.7139123499431669,0.9842365311851519,0.6945873474025179,0.9713911436284496,0.7127509906491034,0.9784349517417859,0.721742911908976,0.9782894329428531,0.6815306103957611,0.9826112148778233,0.6751761244351466,0.9731586856979614,0.7126210697388174,0.9862335216989992,0.6890241540484601,0.9748185648915605,0.6923299982756611,0.9851996794189254,0.7106013393057933,0.9786498360921412,0.6854769044787102,0.9865227968915885,0.6795085594693171,0.9847120256127788,0.6789319226655204,0.9876514871015173,0.7146762144030381,0.9825461117519844,0.7317876896319386,0.9929926778786252,0.7039628890020184,0.9912422598234225,0.7079466418298191,0.9999999999999999,0.698356641154036,0.9898508976275995,0.7107246491516147,0.9877425491023948,0.7058529438013816,0.9857699065746651,0.7099989570727905,0.9836582435515757,0.7095063239017966,0.9798244638531155,0.7308684299948702,0.9709832728064941,0.7146383586841254,0.972507662467869,0.709962271303811,0.9730164774964664,0.6861275133258835,0.9713380653478217,0.6922594465238813,0.9681178021090587,0.6992086438258446,0.965537201728485,0.6742735790426959,0.9720856315105381,0.7044698601756876,0.9630555849586521,0.7054052380775274,0.9739765832821407,0.7161392327422292,0.9626737536478093,0.6990420705390473,0.9711003087194281,0.7015846276789779,0.9683712145891241,0.7312221476654998,0.9770288919512531
VS1_T26_0219_003442_20260325_165713_HG_lev1_V2_1.fits,0.9944816967264811,0.6651937922047908,0.9989379726038944,0.6727893729134579,0.996997701996847,0.6474705216421973,0.9986329930578574,0.645709942935573,0.9988373570320134,0.6386848188980278,0.9948642153155269,0.6232039349805077,0.9963562937638368,0.5797205437538689,0.9964508038196846,0.6029929146130729,0.9955168709151457,0.5901927757775686,0.9961997786997875,0.6031129053690889,0.9958886207713672,0.5941643823986594,0.9971472988738779,0.5942124239781635,0.9970628898322402,0.595660274247874,0.9981682665412052,0.6213088880733751,0.9975368766333661,0.6564116654745447,0.998433971329229,0.6064293756461827,0.9989343414392892,0.6257474104328287,0.9988000947614223,0.6554561033570803,0.9988102358217579,0.6454630490654665,0.9983041125502707,0.6503785664453133,0.9982104358979638,0.6317975344270523,0.9992631241320454,0.6470785656518935,0.999558753744401,0.639413580300099,0.9994813056309021,0.6412999802106715,0.9996663032727446,0.6670581315846648,0.9992640268869916,0.6690150655666062,0.9991807214124255,0.673446896748875,0.9990343137078851,0.6812974320325923,0.9993180650125969,0.6861234978623028,0.9978321264176304,0.6956999463502883,0.9998430702147793,0.7331569887011217,0.9995220809902878,0.698356641154036,0.9999999999999998,0.6747224918575389,0.999632323623784,0.6801935038980481,0.9997338163783082,0.6727103282733105,0.99964372035559,0.6658398133553332,0.9995062423304079,0.6399130882880885,0.9981742737420222,0.6476188175701478,0.9992190300340693,0.6257883248324455,0.999174639074059,0.6301369891302434,0.9985997045552412,0.627367304357878,0.9988335489440417,0.6432855649616213,0.9988720522107281,0.63058726090482,0.9974695035551641,0.6464000936553317,0.9989925798169176,0.619643663445698,0.9985368025729847,0.6341188310139223,0.9988769589368002,0.6085643104595957,0.9992038932292323,0.6485715561706756,0.9993878472072711,0.6307994691579146,0.9978922226719218,0.6433874528318775
VS1_T26_0219_003442_20260325_165713_LG_lev1_V2_1.fits,0.6189090051236125,0.9594034419611354,0.6705465440179592,0.9780060760897689,0.6379056798570324,0.9521642844074891,0.657377085510013,0.9607955340938688,0.6735300630563992,0.9739018297225007,0.7217348831047704,0.9956254761248398,0.6908373237975525,0.9788419740795905,0.6853413473145739,0.9901578185129765,0.6810195888090252,0.9867795353069172,0.6896696503941394,0.988758000900301,0.7020537691572813,0.9887856092581153,0.6759715560125825,0.9819889124373243,0.705614189067238,0.9875899291956343,0.6690159194084109,0.994162751684254,0.7082360076501647,0.998917017588599,0.6879440338446311,0.9907492682834438,0.6673012974569436,0.9933100398465514,0.6868326318764157,0.9975647350140048,0.6971371139948912,0.9962456298051537,0.6535414263307788,0.9987160293877351,0.6463416497560618,0.9932063028945963,0.6866180074242292,0.9991702679723613,0.6619618890210004,0.9953696285673841,0.6651879721975374,0.9988845315981928,0.6857999629732583,0.9978400985298174,0.657492860154721,0.9996578809484347,0.652241823753495,0.9992764741530975,0.6512713908566625,0.9968637211578121,0.6905876244580563,0.9985464166343784,0.711187059229312,0.9979078380210264,0.680996583859954,0.9938906784325215,0.6876150285922337,0.9898508976275995,0.6747224918575389,1.0,0.6858638238907556,0.9994026049336455,0.6800226324490477,0.9995836347178442,0.6846944043687433,0.9992097031112768,0.6840271654079794,0.9952432025448379,0.7079530725910683,0.9947662744376061,0.689566180044925,0.9930204260920965,0.6835995772848814,0.9940243417270577,0.6579733833888023,0.9930681260202543,0.6650350743430065,0.9908759518015875,0.6720003584957864,0.9910429747787861,0.6456270085057294,0.9941681662389595,0.6781444006708327,0.9878855493563162,0.6796377115380541,0.9955828971962789,0.6906564696838015,0.9880257990550335,0.6724426644146881,0.9948686173937452,0.6748057034740848,0.9914116885325253,0.7073564266918764,0.9967088765540485
VS1_T26_0219_003442_20260325_165802_HG_lev1_V2_1.fits,0.9919367716728632,0.6737316364543433,0.9980325660120307,0.68175994215816,0.9949807635754515,0.6550826618986421,0.997264932922451,0.6536729200999419,0.9980124799160278,0.647260148121062,0.9961385417540458,0.6336947801698549,0.9963992955173585,0.590531195431255,0.9963712237189568,0.6135681028082512,0.9952829301141862,0.6015474402119071,0.9962249553374697,0.6138185634917891,0.9964663817317928,0.6053140961595714,0.9968364161684733,0.604832754488431,0.9978293342760685,0.6064135270818161,0.997751796010687,0.6318855098869319,0.9985082741014186,0.6673950525560232,0.9986737762185992,0.6174825400474193,0.9984957537371181,0.6354649348323764,0.9990242620468105,0.6660445871977752,0.9994326944476425,0.6553370623760304,0.9973694907252345,0.6612392826362857,0.9971815718715166,0.6412963105478325,0.9995981945985066,0.6584800805139359,0.9990671542437009,0.6493952929309843,0.999064570510695,0.6527880948147368,0.9999879723557747,0.6775150237853044,0.9986956710587067,0.6797468744385219,0.9983759186687214,0.6839416671521201,0.9981877140756579,0.6935880690397427,0.9998894950115684,0.6967200295255289,0.9987825023094081,0.7075975336263307,0.9997774881767478,0.7446660988159582,0.9993976388375221,0.7107246491516147,0.999632323623784,0.6858638238907556,1.0,0.6915894728792189,0.9998677202992802,0.6836356452796267,0.9998987335733845,0.6767239585738344,0.9996721633438229,0.6497269161051555,0.9991735288356417,0.6574582631136398,0.999549048855515,0.6353617871738317,0.9993786500903665,0.6398598549336496,0.9978846984147649,0.6369545934600123,0.9982837787685613,0.6519918826195128,0.9986126087637568,0.6397524988170217,0.9962631915045373,0.6557919840565976,0.9988917607055262,0.6284603508096542,0.9983578817978294,0.6443202361194161,0.9992766083629272,0.6177871702155129,0.9989285391872949,0.6583433213967128,0.9992875054494614,0.639949252350567,0.9988839652338171,0.6535531740301269
VS1_T26_0219_003442_20260325_165802_LG_lev1_V2_1.fits,0.6235541248699357,0.9501458679484155,0.6762850221218268,0.9711081347241352,0.6428923571171944,0.9420117918595593,0.6627641516576083,0.9514581707769304,0.6793535449642495,0.9659987465042541,0.7280754043765506,0.993462023452325,0.6963993575198918,0.9721288220367943,0.6907599641103979,0.9857335396357779,0.6863135117130175,0.9819411660798123,0.6952033422924474,0.9839852362032127,0.7078619761765996,0.9841506991337322,0.6811722497364113,0.9755700130357825,0.7115727356840805,0.9823314044104224,0.6740900316172624,0.9905736428657136,0.7142997303555877,0.9985748465085209,0.6934891380517909,0.9861391967469131,0.6724064240305421,0.9911816991396484,0.692372136293043,0.9978370513061604,0.7029911385131802,0.994238680324939,0.6583487124331843,0.9981883034155272,0.6510245274522595,0.9904341186402277,0.6921976213211534,0.9984383792986421,0.6670645912661346,0.9937420819859141,0.670317555274561,0.998126029467869,0.6915130897750283,0.9981204140878924,0.6624712554691465,0.99888990912749,0.657182337663492,0.9986229227935464,0.6561570445022797,0.9986832360976364,0.6964802248958115,0.9991351616361188,0.7175383283571194,0.9986049223225116,0.6866797503432346,0.9954952874444006,0.6935157090255369,0.9877425491023948,0.6801935038980481,0.9994026049336455,0.6915894728792189,0.9999999999999998,0.6855337159719266,0.9995714352973973,0.6903105173919861,0.999240214393118,0.6895864533072036,0.992200600278425,0.7141385596181727,0.994352966325618,0.6952421685506006,0.9902758481259584,0.6890853557418881,0.9918468319128085,0.6628619548011074,0.990745999229953,0.6700991204946313,0.9883016606510039,0.6771973426943767,0.9892741357689351,0.6502417841685318,0.9926159983162925,0.6835046595189883,0.9848783258940031,0.6850171351056078,0.9946823442187324,0.6963379307498601,0.9851918958514991,0.67769804433141,0.9945125958203125,0.6801210499894486,0.988882347240323,0.7134546762338447,0.9955317736079572
VS1_T26_0219_003442_20260325_165851_HG_lev1_V2_1.fits,0.9925877073153997,0.6704332703524399,0.9978796752572703,0.677767968680845,0.9954783330479391,0.6518873823125421,0.9974859607790691,0.6501631058641295,0.9978885819642995,0.6432447496162528,0.9961103333358602,0.628074676361846,0.9971895428805626,0.5860624932423338,0.9972728998424532,0.6084478057880456,0.9963880713397902,0.5967194673796286,0.997059675811403,0.6089046430298768,0.9970147873384565,0.6002132109649604,0.9978220261481571,0.6003119668546021,0.9980487215237899,0.6013165275709746,0.9986601867701858,0.6264978143768162,0.9984651021548553,0.6616557926584119,0.9991496267266765,0.6122513014437232,0.9992359511651209,0.6294074047863986,0.9994329020300425,0.6600428421001443,0.9994567199933304,0.6495273590631585,0.9983616402344699,0.6552567571143676,0.9981448882550102,0.6353888422934666,0.9998140118869132,0.6524356246372525,0.9995288070416442,0.6431329617528851,0.9995996496071993,0.6465714557884243,0.9999127449857877,0.6712168356338095,0.999270983321762,0.6738871836311324,0.9988897428954714,0.6779689636177539,0.9988172025069366,0.6874226539114915,0.9995204715461619,0.6905384823400749,0.9981077598183302,0.7019336487328957,0.9995962299830196,0.7392710435711023,0.999054650461793,0.7058529438013816,0.9997338163783082,0.6800226324490477,0.9998677202992802,0.6855337159719266,0.9999999999999999,0.677665823207785,0.9999669076432292,0.6706392505414128,0.9998939060932158,0.6441297065887418,0.9988080879595959,0.6511049766918547,0.9997255220375156,0.6294602607132362,0.9997312786753018,0.6338562853642089,0.9987817519020032,0.6309495501703171,0.999076010520934,0.6463033529575383,0.9993042648270108,0.6336211183044139,0.9974572488276592,0.6498873279455277,0.999452128939628,0.6225056893405057,0.999015470014719,0.6382045786736822,0.9995272450191289,0.6115557148838753,0.999519682301749,0.6521348121049616,0.9997551380563068,0.6339593145712535,0.9987410160362142,0.6474788705404645
VS1_T26_0219_003442_20260325_165851_LG_lev1_V2_1.fits,0.6173351642445613,0.9539123214749422,0.6694600949628554,0.9743999090728411,0.6365053674772453,0.9473192828012745,0.6561202030972848,0.956530143263729,0.6725662735713307,0.9706617039819645,0.720180858652178,0.9960143791472303,0.6890499147255298,0.9757770578206356,0.6834012414848016,0.9890040092989574,0.679054923447439,0.9846270431607701,0.6878580721407515,0.9871470312192996,0.7002186818225333,0.987028128503226,0.6737915344117549,0.9790564253466703,0.7037625940181329,0.9856431705374359,0.6665995363128061,0.9933002778885283,0.7062976782476595,0.999414739815527,0.6857596010615308,0.9887880021420038,0.6648760424177982,0.9945150522876355,0.6846120576686331,0.9990165436793016,0.6950601718310957,0.9968937719798603,0.6510350858764163,0.9993966702003607,0.643630329160161,0.9939039262279927,0.6842845557311317,0.9992104597475018,0.6594286948167659,0.9963631558040608,0.6626860318626167,0.9989302306954171,0.6836127427590071,0.9991626866222694,0.6548146388244912,0.9997542163716119,0.6496589746303135,0.9996233626303654,0.6486644229609924,0.9968958862608284,0.6884308907233312,0.999441694309211,0.7095857317280699,0.9970637323370893,0.6790399261794076,0.9930925600806488,0.6861157187910633,0.9857699065746651,0.6727103282733105,0.9995836347178442,0.6836356452796267,0.9995714352973973,0.677665823207785,1.0,0.6824309824431495,0.9999056581262854,0.6817969324508061,0.9951595447704882,0.7060845913656812,0.9967075630509481,0.6874278665663714,0.9937871227986002,0.6812456135282633,0.9950486267659875,0.6554008099307894,0.9941883628068825,0.6626442217638577,0.9922936059968287,0.6695943945986392,0.9929784992222084,0.6430507747388576,0.9956945201324502,0.675888384483277,0.9894150765506918,0.6775480550653337,0.9971062052586285,0.6885062372894186,0.989537158382396,0.6701224501829847,0.9968787718209474,0.6723984106672185,0.9927031756654855,0.7054161927247661,0.9977936254899545
VS1_T26_0219_003442_20260325_165940_HG_lev1_V2_1.fits,0.9917942468909574,0.6735117637110976,0.997733416268437,0.6813106602796514,0.9949270338448607,0.6549088817756523,0.9971783374854893,0.653406522517751,0.9977830578078271,0.6469071113631333,0.9967292285927496,0.6329273470511593,0.9974089304578986,0.5904403473781976,0.9974156051153887,0.613070695645832,0.9964899493333265,0.6013624723410527,0.9972641128564033,0.6134607523210798,0.9973758198197231,0.604843750024282,0.9978253124021044,0.6046503177247254,0.9984262668328119,0.6058329643690918,0.9985429431698992,0.6311183005548324,0.9988546066852955,0.6665347459046115,0.9992720853060955,0.6167975176696611,0.9990736300490909,0.6341750114012152,0.9995313300573176,0.6650015296984323,0.9996756257138056,0.6541972913622512,0.998026054742611,0.6601236998128295,0.9976968851348457,0.6400225162104572,0.9998871062724921,0.6572694553961503,0.9992603159229299,0.6478570056165162,0.9993842433710427,0.6514353116244216,0.999947927927223,0.6760345681132596,0.9989438749889193,0.6785782974542038,0.9984880748208167,0.6826230276288493,0.9984099949104048,0.6923386437373794,0.999605612851224,0.6952540752112566,0.9985115359251074,0.7066064769944977,0.9995735851624525,0.7437425131942121,0.9991384856040149,0.7099989570727905,0.99964372035559,0.6846944043687433,0.9998987335733845,0.6903105173919861,0.9999669076432292,0.6824309824431495,1.0,0.6754550416394947,0.9999315795568045,0.6487000849590602,0.9991647773796443,0.6559456943811163,0.9998433279694167,0.6341588214633791,0.9997717091495195,0.6385977249039148,0.9984975441748082,0.6356801003474273,0.9988866680909555,0.6508736495240971,0.9992051691767229,0.6383852130676769,0.9970296622915739,0.6545959304333664,0.9994337565979996,0.6271421581190559,0.9990358703358095,0.6431126457226863,0.9996639032712158,0.6162867768530028,0.9994183233923161,0.6570049615725365,0.9996734338005263,0.638618349406805,0.9991027792803228,0.6522782636819549
VS1_T26_0219_003442_20260325_165940_LG_lev1_V2_1.fits,0.610511121713301,0.9521695907811937,0.6629848965091915,0.9732062424494586,0.6297632800069326,0.9460688676763414,0.6494850280293263,0.9555031320252536,0.6661117331670734,0.9700396088349218,0.7134825249746198,0.9964963055091013,0.6820412342382159,0.9755333994636771,0.6763063432639687,0.9892147067676175,0.671894950362639,0.9844700197799708,0.6808255416428276,0.9871522310763955,0.6932537149128158,0.9870699445046601,0.6665914609386797,0.9787503579894858,0.6968838979584473,0.9857256158726428,0.6593392874146206,0.9934646979065406,0.6994635273304886,0.9994321690521505,0.6786921827965524,0.98872742978258,0.657659365648855,0.9954665148867627,0.677552757599112,0.9994084661204631,0.6881563814764833,0.9973861975764182,0.643729093757251,0.9996487548608599,0.6362617724279558,0.9946882867609617,0.6772397732834228,0.9992746830599853,0.6522572194047692,0.9971265943503373,0.6555015946378511,0.9991052820125713,0.6766985053952681,0.9995367886715087,0.6475592793774418,0.999661606188576,0.6424629253351958,0.9996238564616121,0.6414251339364968,0.9962981943659189,0.6816126014296211,0.9994218764175248,0.7030761967036658,0.9960562791907895,0.6722636239186731,0.9915874129624447,0.6795602898565075,0.9836582435515757,0.6658398133553332,0.9992097031112768,0.6767239585738344,0.999240214393118,0.6706392505414128,0.9999056581262854,0.6754550416394947,0.9999999999999999,0.6747888086157496,0.9955168426889004,0.6993676430576904,0.9976023303164706,0.6804620667960496,0.9946332152483917,0.6741553254229792,0.995894796303771,0.6480943649053867,0.9951166013750521,0.6554258604827408,0.9931750679865238,0.6623937488245447,0.9941554069091444,0.635669924199396,0.9964809163164178,0.6687748249335114,0.9906616225126256,0.6704680032744113,0.9979180732857781,0.6815071578396433,0.9909144947325319,0.662979906988252,0.9977360103743704,0.6652578337948617,0.9937162216547254,0.6986034525464023,0.9984133306020584
VS1_T26_0219_003442_20260325_170029_HG_lev1_V2_1.fits,0.9916529029070347,0.6735669409344873,0.9974603105221591,0.6812640871896712,0.9948565429956185,0.6550836817672934,0.9970798700136714,0.6535166825774605,0.9975967187188619,0.6469497797341922,0.9971089207494881,0.6327059633417417,0.9981489732180995,0.5906717999398788,0.9981783186603361,0.6130444478911788,0.9973973401172541,0.6015447385542144,0.9980331367466219,0.6135452671013276,0.9980224499402888,0.6048183977324789,0.998523655660597,0.6047966185981078,0.9987996013571081,0.6056932346517353,0.9990558347375939,0.6308575965630441,0.9990023998617491,0.6662015160240762,0.9996308108897457,0.6165527188383827,0.99940841927508,0.6335725890350222,0.999807556574158,0.6645605553411037,0.9997364369559097,0.6536806101936722,0.998431655465357,0.6596001560770164,0.9979754934225755,0.6393936287861126,0.9999685300089569,0.6566471175200823,0.9992649678624808,0.6470166788803845,0.9994958546647141,0.6506804624030185,0.9997773465562521,0.6752227209575241,0.9989894293782402,0.6779614694821898,0.9984301401598527,0.6818989363108532,0.9984459921271828,0.691601310989669,0.999228207983428,0.6944182321004376,0.9981403962142809,0.706049055802981,0.9992620535350587,0.743237963112782,0.9988013301944999,0.7095063239017966,0.9995062423304079,0.6840271654079794,0.9996721633438229,0.6895864533072036,0.9998939060932158,0.6817969324508061,0.9999315795568045,0.6747888086157496,0.9999999999999999,0.6482275161375981,0.9990211667328512,0.6551729853616751,0.9999466290734088,0.6335812256822784,0.9999423240255612,0.6379950906836259,0.9988553565020868,0.6350808160718135,0.9992494050432129,0.6504363808227533,0.9995524994417745,0.6377561809024678,0.9975291042071893,0.6540923223271078,0.9997477170161836,0.6265598810609299,0.9994772577424959,0.6425846247154432,0.9998548073356806,0.6155386368230055,0.9996877453358205,0.6563710407407364,0.999845375586404,0.6379804768800805,0.9991530394700906,0.6516603521446314
VS1_T26_0219_003442_20260325_170029_LG_lev1_V2_1.fits,0.5882937346469969,0.9699941236694805,0.6376137981318071,0.9857581295921343,0.6065281862969171,0.96773429643398,0.6250462814184166,0.975232806138526,0.6406378396067443,0.9863333998186669,0.6850227134244452,0.9987547218986883,0.6558607596830177,0.9882298822148291,0.6504139568712576,0.9969105309030878,0.6463741282182346,0.9922204534789162,0.6547158784707298,0.9954039521901891,0.6661865097545943,0.9947333380780504,0.6411400309201664,0.9906047770195453,0.6693491543472697,0.9951520052587246,0.6340593348630886,0.9987957907065839,0.6715085256336993,0.9958257066125099,0.652144807166966,0.9960051796178031,0.6323287175149663,0.9987891732134213,0.6509955970358359,0.995066539523913,0.660785940930932,0.9994985598059132,0.6193144679396041,0.9969738400922625,0.6120613563706837,0.9993913525828898,0.6504533724990516,0.9965165450696073,0.6269110378440718,0.9985556753509911,0.6300618682597198,0.9964621667960073,0.6497832782932379,0.9950860609872871,0.6224428744960013,0.9969457035718268,0.617655086580114,0.9968908936707426,0.616747053730499,0.9851111704183451,0.6541909309400757,0.9933621187955064,0.6747154211003195,0.987283244385964,0.645758910038235,0.9798499290715782,0.6529066762652765,0.9798244638531155,0.6399130882880885,0.9952432025448379,0.6497269161051555,0.992200600278425,0.6441297065887418,0.9951595447704882,0.6487000849590602,0.9955168426889004,0.6482275161375981,1.0,0.671200899210164,0.9962903870059633,0.6536110471342698,0.9993095594516713,0.6476385634776636,0.9990976951047221,0.6233106760431488,0.9989355015355471,0.6302849274356389,0.9981319188885255,0.6367670142027557,0.9972523319305203,0.6118070180260813,0.9982817810169236,0.6427990877873598,0.9973075077232686,0.6446097806296696,0.9976288407270024,0.6546190936413084,0.9970315514976267,0.6373030200871814,0.9962580174951393,0.639282155258029,0.9984227355625973,0.6705894955093398,0.9984262699557124
VS1_T26_0219_003442_20260325_170118_HG_lev1_V2_1.fits,0.9867639792087957,0.6885497108943528,0.9960395059647059,0.6986414439004891,0.9910555880562667,0.6694952679911496,0.9945558338606193,0.6691184853021716,0.9962496638603026,0.6646984968806813,0.9985141399395754,0.6567242448267415,0.9969268954730542,0.6118503520409958,0.9965439423886774,0.6357225505921493,0.9953209886729467,0.6241160969962898,0.9966948677589681,0.6357618646276517,0.9976924344513404,0.6276352498561142,0.9963038676717036,0.6258776451716189,0.9990105115339499,0.6280879657522425,0.996552402115309,0.6538776376608566,0.9996591673194432,0.6905616049775017,0.9985934861295994,0.6392885403393633,0.9969785129725405,0.6576886967018386,0.9987864046345745,0.6894045870389437,0.9996859571459714,0.677205368133013,0.9950073875495219,0.6842022365749265,0.9942188745570097,0.6628771307848291,0.9991576222356678,0.6813498168841358,0.9968629573489098,0.6713360077303969,0.9971801527236528,0.6757487539038463,0.9992017755998782,0.6999763093523116,0.9962379408391229,0.7018459677142681,0.9954636530004548,0.7057446459478214,0.9952972632029286,0.7169590533764317,0.9992566842586172,0.718734447420165,0.9996867105208354,0.7299054289294035,0.9985746807997484,0.7659776079439865,0.9986401365082117,0.7308684299948702,0.9981742737420222,0.7079530725910683,0.9991735288356417,0.7141385596181727,0.9988080879595959,0.7060845913656812,0.9991647773796443,0.6993676430576904,0.9990211667328512,0.671200899210164,1.0,0.6799022750829914,0.9993114139285033,0.6572964793488726,0.998816322472906,0.6619790694416298,0.9957780614369832,0.6589930318940158,0.9966336875471922,0.6731914016642174,0.9974248745786365,0.6618080710595989,0.9934856657620044,0.6777079589591487,0.9980753322262109,0.6499024507046567,0.9977703420740947,0.6673068502842451,0.999182778805148,0.6396594304942952,0.9976741791958369,0.6809972899073248,0.9981051582033702,0.6615470402740384,0.9998455632014077,0.6759995814445452
VS1_T26_0219_003442_20260325_170118_LG_lev1_V2_1.fits,0.5955989060048535,0.9480361404535937,0.6473003829908872,0.970192876090559,0.614394993361186,0.9453083339191207,0.6336756460562845,0.9549606749487434,0.6503824432620483,0.9698044670705104,0.6932977679138767,0.9962928220614465,0.6620890044520655,0.9728055596577423,0.6561704555059066,0.9883157806716255,0.6516166249160752,0.9808873772523979,0.6607936829918057,0.9853093945275873,0.6728043150065361,0.9847465677190803,0.6464007086870223,0.9760797495170236,0.6767127877229524,0.9843555085346433,0.6391912297526742,0.9923977230814377,0.6793428105491452,0.9963600658796715,0.6585217696101754,0.9863110981349449,0.6378573302986468,0.9985487122145577,0.6574921533238345,0.9982471971174515,0.668328152605288,0.9984195073658305,0.6242085076726236,0.9979039865585679,0.6167272451010275,0.9976141867123693,0.6572269061121172,0.9962186619821242,0.6329584140551405,0.9991961513581805,0.6359664503614254,0.9964195393592404,0.6574476124993524,0.9988817782298507,0.6280089014927337,0.9969350188495697,0.6235539814912398,0.9976895121160356,0.6223370346903726,0.9886757555669422,0.66254687462376,0.9970130274079883,0.6846062016526374,0.9876362539541254,0.6541444055369516,0.9815738857493806,0.6623892140372858,0.9709832728064941,0.6476188175701478,0.9947662744376061,0.6574582631136398,0.994352966325618,0.6511049766918547,0.9967075630509481,0.6559456943811163,0.9976023303164706,0.6551729853616751,0.9962903870059633,0.6799022750829914,1.0000000000000002,0.6607627278638797,0.9975790230518832,0.654078934937597,0.998554335669472,0.6282978998140033,0.9983311221021041,0.6357565582625454,0.9974631119513677,0.6424009685509152,0.9988166710057272,0.6161569326156212,0.9992280057606012,0.6489369158214232,0.9963995137783662,0.6507742501155684,0.9993837902830078,0.6615380545359686,0.9966118714163129,0.6433063662557889,0.9999126971030798,0.645419682529582,0.9979685626464705,0.6786391816413629,0.99935445417015
VS1_T26_0219_003442_20260325_170206_HG_lev1_V2_1.fits,0.990462684545134,0.677432583830629,0.9970416500234311,0.685623852299779,0.9939802096883401,0.6588520926193215,0.996502653738348,0.6575275683444163,0.9972529342835811,0.651427978677008,0.9978384161387335,0.6385120010186299,0.9984599547971927,0.5961357406123221,0.998405396276352,0.6186740838989038,0.9976094203992841,0.607316457035861,0.9983354500915731,0.6191470677639834,0.9984991657089172,0.610504819479967,0.9985680211990985,0.610177873959364,0.999233720292347,0.61119476813751,0.998914436598529,0.6364179686253589,0.9994034557942703,0.6720399252307772,0.9997512900561146,0.62207937148281,0.9991698471046765,0.6391243100529871,0.9998788211987103,0.670421404850089,0.9999076299977254,0.6591631736024915,0.9979916528576374,0.6653660649375889,0.9973760558828466,0.6447774288305206,0.999968889892126,0.6623971705652952,0.9988213227531108,0.6524771835651724,0.99914273858265,0.6564322617818489,0.9996702658240119,0.6808237451547727,0.9984895734339084,0.6835035590166302,0.9978055909049349,0.6873540318001657,0.9978379978062606,0.6974706808164861,0.9991373236050758,0.6999143875260099,0.9984121548120274,0.7116787057583366,0.9990232037882182,0.7486365449691071,0.9986618496556164,0.7146383586841254,0.9992190300340693,0.689566180044925,0.999549048855515,0.6952421685506006,0.9997255220375156,0.6874278665663714,0.9998433279694167,0.6804620667960496,0.9999466290734088,0.6536110471342698,0.9993114139285033,0.6607627278638797,1.0000000000000002,0.6390524488031027,0.9999223199979533,0.6435179106736328,0.9984732143116075,0.6405830583163299,0.9989816240731259,0.6557426658828674,0.9993979659426395,0.6432519795369804,0.9969968180882499,0.6595814966544333,0.9996815942837783,0.6319086208657098,0.9994803851978801,0.6483425703193451,0.9999583638684522,0.6209746358525305,0.9995087841921378,0.6620226462129392,0.9996741972551092,0.6433611235464254,0.9995012198228034,0.6572749191564872
VS1_T26_0219_003442_20260325_170206_LG_lev1_V2_1.fits,0.5744357826718445,0.9626316247935385,0.6245910126369129,0.9802417138811091,0.592846989844857,0.9615557871990236,0.6115986791484136,0.9697538790311931,0.6276130913042154,0.9821297710704213,0.6710222073859979,0.9982976739273255,0.6410761540721681,0.9846146950981387,0.6353965197664794,0.9951167508544914,0.6311510861396915,0.9891330426454374,0.639851902405303,0.9929233951964037,0.6514702601765485,0.99228386196498,0.6258798104849893,0.987005820339879,0.6549169613939614,0.9928274837945278,0.6186900605830561,0.9971714216446425,0.6572285238516311,0.9945587369553731,0.6372604975924131,0.993436539372227,0.6171176041105279,0.9998013871153,0.6361583591581625,0.9950154202941759,0.6463692670383109,0.9993475563672581,0.6038937897071249,0.9963109334607154,0.5964930156892737,0.9999365145865261,0.6356841068266625,0.9951822265194327,0.6118958443521447,0.9992210100948157,0.6149822337849465,0.9954269701084075,0.6354049701770681,0.995114408787416,0.6071884181385484,0.9954592758422178,0.6026120629239545,0.9957470734168794,0.6015667690762622,0.9825722710430617,0.6400863141827616,0.9924608604845071,0.6614776060359789,0.9835336575979384,0.6318790442411817,0.9751531630236357,0.6396720060622572,0.972507662467869,0.6257883248324455,0.9930204260920965,0.6353617871738317,0.9902758481259584,0.6294602607132362,0.9937871227986002,0.6341588214633791,0.9946332152483917,0.6335812256822784,0.9993095594516713,0.6572964793488726,0.9975790230518832,0.6390524488031027,1.0000000000000002,0.6327397908738023,0.9998587823085122,0.6078773387719213,0.9998926771080141,0.6150723978585765,0.9991049554312836,0.6215738052458575,0.9990688615884438,0.5961856756743742,0.99907479256303,0.627834432266461,0.9990673060498245,0.6297219048873731,0.9984247862873427,0.6399234313070511,0.9990974473923555,0.6222859633759295,0.9974701385355977,0.6242704839851648,0.9996799464308552,0.6563700875552235,0.9987324053949281
VS1_T26_0219_003442_20260325_170255_HG_lev1_V2_1.fits,0.9909629121695731,0.673950644457455,0.9967674853475714,0.6813644199603381,0.994262054860765,0.6553030570795386,0.9965129074073936,0.6536525731451484,0.9969603671205604,0.6469882437806098,0.9973368802101052,0.6323717400733292,0.9985803453031584,0.5911785181702335,0.9986406448218722,0.6130526984944126,0.997969013018395,0.6019910668659375,0.9984899615338138,0.6137258617299572,0.9984446205200916,0.6049894482744119,0.9989456758515648,0.605196731803154,0.9990118098513536,0.605728913818304,0.9993467315943486,0.6306469641384608,0.9990603920969005,0.665894436632651,0.999825147040726,0.6165634249052284,0.9995428805587208,0.6326650255627622,0.9999357945074117,0.6639746355670784,0.9996994400260334,0.6529693389702101,0.9985818022229648,0.6590651424792561,0.9980386642554862,0.6385031138402559,0.9999612551033844,0.656184987826766,0.9991253783344488,0.6459918743220303,0.9994526853503966,0.6501156019393287,0.9995193656651209,0.6743129994556942,0.9989005011528155,0.6774251045065764,0.9982063015552008,0.6811984669012168,0.9983021124509318,0.6912847173307768,0.9988156411386306,0.6935943698455876,0.9976946081541913,0.7059443933944258,0.9988034393573892,0.743167608103023,0.9982374822614584,0.709962271303811,0.999174639074059,0.6835995772848814,0.9993786500903665,0.6890853557418881,0.9997312786753018,0.6812456135282633,0.9997717091495195,0.6741553254229792,0.9999423240255612,0.6476385634776636,0.998816322472906,0.654078934937597,0.9999223199979533,0.6327397908738023,0.9999999999999998,0.6371221245031158,0.9990028112034759,0.63416958768112,0.9993878812041701,0.6494965847474156,0.9997153907183272,0.6366497291585798,0.9977400849671793,0.6531981015549212,0.9998739396760811,0.6254650402597551,0.9996756259492013,0.6417981673979087,0.9999132869514896,0.6143612286610506,0.9997652115005873,0.6553867995725807,0.9998748846935691,0.6369463354498768,0.9991256507522837,0.6508570925243152
VS1_T26_0219_003442_20260325_170255_LG_lev1_V2_1.fits,0.578465762089369,0.9598745580700555,0.6290956042186403,0.9785357330384001,0.5970223073301362,0.9583449007114025,0.615951578738268,0.9668861485488461,0.6321757190631523,0.979841098733643,0.6757665307800075,0.9984743452498246,0.6454900904090389,0.9827554191635084,0.6397521692244672,0.9942904631758739,0.6354586691447196,0.9881396497001641,0.6442594826068685,0.9919723537896117,0.655995238475484,0.9913828805594582,0.6301390925918615,0.9852911464017515,0.6595026294509745,0.9916196957119582,0.6228935599398095,0.9967419355974999,0.6618559109844097,0.9956379714233834,0.6416704303288672,0.992546953413729,0.621337030392102,0.999963657996045,0.6405629256692509,0.9963351606426554,0.65091253114526,0.9996246160712672,0.6079846380275096,0.997289957747882,0.6005362322776157,0.9998075882419194,0.6401062350685777,0.996104334359858,0.6161153868010424,0.9996414168481214,0.6192131539989189,0.9963092876517509,0.6398981818714348,0.9964626600228867,0.6113587987187594,0.9963653937016728,0.6067639211584229,0.9967072516950773,0.6056975119015685,0.9847208523217582,0.6446566143868652,0.9940032318297551,0.6661990285575192,0.9852180920293784,0.6363277411343021,0.9773422737586638,0.6441958022509999,0.9730164774964664,0.6301369891302434,0.9940243417270577,0.6398598549336496,0.9918468319128085,0.6338562853642089,0.9950486267659875,0.6385977249039148,0.995894796303771,0.6379950906836259,0.9990976951047221,0.6619790694416298,0.998554335669472,0.6435179106736328,0.9998587823085122,0.6371221245031158,1.0,0.6120024123240904,0.9999620062482818,0.6192759813418102,0.999081341466522,0.6258352776215798,0.9993754708007986,0.6001936007420586,0.9995431986918124,0.6321669486497108,0.9987990430639396,0.6340602314800869,0.999175398509645,0.644403390726801,0.9988803036729236,0.6265744648497922,0.9984622498908807,0.6285853649910658,0.9996436687449062,0.6610237052681054,0.9993756371131985
VS1_T26_0219_003442_20260325_170344_HG_lev1_V2_1.fits,0.9943875258127269,0.6570380443367833,0.9965906040414507,0.6622317799439982,0.9965167633453318,0.6392362333466121,0.9974252415550897,0.6364256944515779,0.9967066472198401,0.6276445949807794,0.9937230702826865,0.6069099535878858,0.9976230195369636,0.5681190166274953,0.9980838661689856,0.5887722119708348,0.9978342764204129,0.5775315836443258,0.9976431605448782,0.5898098245755014,0.9965427639405685,0.5804354257814004,0.9989857266778002,0.5822600477457195,0.9966184691893091,0.5816639223767701,0.9997021643349224,0.6060674282271253,0.9962440491677743,0.6399293933008213,0.998705804923152,0.5920980680316157,0.9998828189984318,0.6074589881406143,0.9988195600269915,0.6377333616385709,0.9976478104161715,0.6281744948484824,0.9999558517712822,0.6329931752133032,0.9997705931567309,0.613888452842478,0.9986604818304428,0.6299038402503996,0.9995315671594934,0.6205394405451612,0.9997326012748523,0.6235020608328716,0.9980984006338102,0.648262979378499,0.9996349533405706,0.6519887968278423,0.9992381811260286,0.6558972728610438,0.9994909350863074,0.6640553576317254,0.996825244571108,0.6678511601985229,0.9941891665802761,0.6800937401911464,0.9976104492898329,0.7183682605020346,0.9965974846007776,0.6861275133258835,0.9985997045552412,0.6579733833888023,0.9978846984147649,0.6628619548011074,0.9987817519020032,0.6554008099307894,0.9984975441748082,0.6480943649053867,0.9988553565020868,0.6233106760431488,0.9957780614369832,0.6282978998140033,0.9984732143116075,0.6078773387719213,0.9990028112034759,0.6120024123240904,1.0,0.6091690495354998,0.9999286437294992,0.6257490547932447,0.9997276132036375,0.611676368474808,0.9997350279702932,0.6284971743493574,0.9994427302358063,0.6012503215449632,0.9992769577631666,0.6158837702900389,0.9984709579867418,0.5893724385612983,0.9997049927741483,0.6296693559356249,0.9995318178066601,0.61238572594773,0.9963086426841434,0.6252775606271181
VS1_T26_0219_003442_20260325_170344_LG_lev1_V2_1.fits,0.5762181446802295,0.959853657621531,0.6266115082173142,0.9784131726401624,0.5946797673986428,0.9587904881893707,0.6135074072004884,0.9672658760791014,0.6296953300650888,0.9800898449718394,0.6727124551245428,0.9981528107731553,0.6425839888566647,0.9826149814763796,0.6368453563807257,0.9941237267957209,0.6325645503050813,0.9877361826216186,0.6413531908000561,0.9917530234510687,0.652997620786523,0.9910888683077705,0.627245572698781,0.9851186473789086,0.656497312499732,0.9914651745477783,0.6200059926145698,0.9964613029873217,0.6588257352398874,0.9948375851311837,0.6387143839727307,0.992212190121912,0.6184753702184976,0.9999741837241086,0.6376127264238054,0.9956772875748645,0.6479390424695972,0.9994091359758434,0.6051979330300546,0.996641124937201,0.5977582727669368,0.9998466542285731,0.6371432879192777,0.9953361662180271,0.6132913561707937,0.999480174730717,0.6163650305838344,0.9955657723705079,0.6370002757853672,0.9958396896647351,0.6085259303280569,0.9956196676579713,0.604003415585958,0.9960337127762218,0.6029305382370531,0.9832142777268759,0.6417451157820949,0.993163633214434,0.6632754677739819,0.9837379620390441,0.6335381297633043,0.9756292698092418,0.6414791191715261,0.9713380653478217,0.627367304357878,0.9930681260202543,0.6369545934600123,0.990745999229953,0.6309495501703171,0.9941883628068825,0.6356801003474273,0.9951166013750521,0.6350808160718135,0.9989355015355471,0.6589930318940158,0.9983311221021041,0.6405830583163299,0.9998926771080141,0.63416958768112,0.9999620062482818,0.6091690495354998,1.0,0.6164382156555,0.9992765154780988,0.6229422996758254,0.999523829280645,0.5974385485000681,0.9994816842608343,0.6292705030879312,0.9991822154496061,0.6311861537234654,0.9989115448002502,0.6414498042892848,0.9992259302192391,0.6237077331981113,0.9982126582742522,0.6256853686831761,0.9998077271657922,0.658007958232082,0.9990688827237513
VS1_T26_0219_003442_20260325_170433_HG_lev1_V2_1.fits,0.993736997086321,0.6617571702523538,0.9968480107634103,0.6676856600168336,0.9962001659941355,0.6439375902125061,0.9974483916401379,0.6414523146606312,0.9970361561500818,0.6332689098338616,0.9949395616896659,0.6142804310825428,0.9982786180509459,0.574669815839088,0.9986255192198699,0.5957658638030343,0.9983184758603251,0.5844816886882024,0.9982788157684,0.5966931080841777,0.9973887733761839,0.5874064878592483,0.9993218115586089,0.5887633539129361,0.9974902064503566,0.5884705991806828,0.9998619264016253,0.6130719275523366,0.9971289216409897,0.647322746910679,0.9992104796488193,0.5989385250135458,0.9999873232953265,0.6147848355527052,0.9992898825052584,0.6452889791945164,0.9982981455818289,0.6353312903573393,0.9998204505019205,0.6403952508729955,0.9994745061493863,0.6210017940665935,0.9990929530402609,0.6372341938575056,0.9994946169599165,0.6277929126935515,0.9997661753334441,0.6308688602061685,0.9985051170133598,0.6556378619525587,0.9995089040574466,0.6591180266845481,0.9990221008348739,0.6629987380651571,0.9992641763561124,0.6714472116570871,0.9973068332600861,0.6750588770023036,0.9951206378969062,0.6871142200760685,0.9979477423460845,0.7251173381472253,0.997106540799508,0.6922594465238813,0.9988335489440417,0.6650350743430065,0.9982837787685613,0.6700991204946313,0.999076010520934,0.6626442217638577,0.9988866680909555,0.6554258604827408,0.9992494050432129,0.6302849274356389,0.9966336875471922,0.6357565582625454,0.9989816240731259,0.6150723978585765,0.9993878812041701,0.6192759813418102,0.9999286437294992,0.6164382156555,1.0,0.6328278903430533,0.9999190086770601,0.6190409789465288,0.9994688055728699,0.6357635765914862,0.9997554032105208,0.6084347363705849,0.9996506160324288,0.6234052272670423,0.9990070069808695,0.5966784638601497,0.9999032047437479,0.6371610934850173,0.9997520000281968,0.619571530971012,0.9971640716401545,0.632627635365327
VS1_T26_0219_003442_20260325_170433_LG_lev1_V2_1.fits,0.5951247547167412,0.9618539035670758,0.6433991470746996,0.9798780728947037,0.6129415347082843,0.9618681617433416,0.6309464183515194,0.9697780249955004,0.6464886147915954,0.9814992316594623,0.6866975912044361,0.9963486495301725,0.6583254982941686,0.9802313421149965,0.6527574584943718,0.9921942393355757,0.6487377732713527,0.9847276020922064,0.6571450122179477,0.9897776436794606,0.6680122291159956,0.9883600523950171,0.6434207652797952,0.9831080774383641,0.671167629239193,0.9891766896111794,0.6362459062224748,0.9946408163699552,0.6731362246948469,0.9927438332820734,0.654069727931745,0.9896198336331985,0.6347008358484798,0.9990799158192091,0.6529516539241975,0.9939822033958164,0.6627036677713485,0.9986272512880329,0.6220888517914263,0.9945930168017246,0.6147361292854866,0.9992741405958161,0.6522680868335707,0.992602440827856,0.6294794083524164,0.9983263102692496,0.6324904547502249,0.992540194686294,0.6521220321827866,0.9943804987833011,0.6248304130943837,0.9939380238760545,0.6205848833543656,0.9946944877805098,0.6196037554933372,0.9795536027606998,0.6564676758926884,0.9917773220052376,0.6773671568201552,0.9809084124868263,0.649033459233367,0.9738549379052442,0.6570110054680021,0.9681178021090587,0.6432855649616213,0.9908759518015875,0.6519918826195128,0.9883016606510039,0.6463033529575383,0.9922936059968287,0.6508736495240971,0.9931750679865238,0.6504363808227533,0.9981319188885255,0.6731914016642174,0.9974631119513677,0.6557426658828674,0.9991049554312836,0.6494965847474156,0.999081341466522,0.6257490547932447,0.9992765154780988,0.6328278903430533,1.0,0.6389449989613766,0.9993635335943711,0.6147064095688226,0.9993483399121783,0.6450678572541049,0.9994146991985016,0.6471287840143483,0.9975161141145407,0.6565848654000802,0.9986812956320701,0.6397218177868821,0.9974463449368284,0.6414331865718663,0.9996643698022651,0.6723021490860669,0.9978051271503572
VS1_T26_0219_003442_20260325_170522_HG_lev1_V2_1.fits,0.9924719485469773,0.6666690192892842,0.9965950165676911,0.6730650586714172,0.9953003681113819,0.6485029713980951,0.9969387795686768,0.6462998740307887,0.9968232908389085,0.6386537380454483,0.9960515584881988,0.6211797822077283,0.9987166253343673,0.5813122228718391,0.9989671708309205,0.6025033129590545,0.9985830146815654,0.5914843241003294,0.9986963783567343,0.6034111380493818,0.9980968998978177,0.5943122070209924,0.9994862179317952,0.5953251317853958,0.9982580163374866,0.5951820152880212,0.9998944408736766,0.619805361009789,0.9979615793994774,0.6543959615988967,0.9996193531249333,0.605763482034893,0.9999637797135761,0.6213483912035125,0.9996734234035923,0.6522964238252563,0.9988801617387828,0.6418805651070363,0.9995095240861289,0.6473986366705337,0.999035977737778,0.6274159073239024,0.9994814614507056,0.6443533717815505,0.9993499008139661,0.6343964763629648,0.9996939342809704,0.6380417012082187,0.9988251028844944,0.6624685435449125,0.999296069004273,0.6659608624010236,0.9986671834652312,0.6697283997499076,0.9988964952457788,0.6789302029881993,0.9977289816922525,0.6818587546679941,0.9959391033657283,0.6943095621187593,0.9981125269877793,0.7320361901888363,0.9973383888344409,0.6992086438258446,0.9988720522107281,0.6720003584957864,0.9986126087637568,0.6771973426943767,0.9993042648270108,0.6695943945986392,0.9992051691767229,0.6623937488245447,0.9995524994417745,0.6367670142027557,0.9974248745786365,0.6424009685509152,0.9993979659426395,0.6215738052458575,0.9997153907183272,0.6258352776215798,0.9997276132036375,0.6229422996758254,0.9999190086770601,0.6389449989613766,1.0,0.6254313327138781,0.9990063392179194,0.6421808952302547,0.9999431630145289,0.6146147084050916,0.9998500145238104,0.6302219158451559,0.9994549033542546,0.6030507302426753,0.9999681724572786,0.6438278397153466,0.9998832267000863,0.6258903475304194,0.9979643651448334,0.6393570482435751
VS1_T26_0219_003442_20260325_170522_LG_lev1_V2_1.fits,0.5806245860836076,0.9533108615618934,0.63093606930567,0.9735927853150504,0.5990040774619306,0.9529463811129026,0.6177376516197894,0.9618742221668495,0.6340343835561242,0.9754584552782272,0.6753312546486857,0.9964221090910191,0.6452285810018654,0.9769200241217884,0.6393856941081798,0.9906233996324217,0.6350381255979498,0.9828297299758579,0.6439615283558947,0.9877024335721324,0.6554555624797868,0.9867729179109269,0.6297090090836887,0.9797638859964621,0.6590604418420921,0.9871865798242938,0.6224310622719297,0.9935181912527189,0.6613894915372655,0.9933744401566258,0.6411997287361081,0.987969343801527,0.6210249822200714,0.9995254944864531,0.6401303003157301,0.9953136662960114,0.6505772000011126,0.9984622702327521,0.6078138165669013,0.9954646648366846,0.6003125010865527,0.9990500265726157,0.6396525463278323,0.993415418527789,0.6159918451878296,0.9990022589780335,0.6189919302483924,0.9936759645067686,0.6398142602118836,0.9957150404302583,0.6110969426893496,0.9941259290082844,0.6068193545210817,0.9949514712581329,0.6056761946874677,0.9813747440309551,0.6446290198090409,0.992744484826315,0.6665050374301503,0.9811642874888653,0.6368072373296031,0.9734670412906007,0.645195945424459,0.965537201728485,0.63058726090482,0.9910429747787861,0.6397524988170217,0.9892741357689351,0.6336211183044139,0.9929784992222084,0.6383852130676769,0.9941554069091444,0.6377561809024678,0.9972523319305203,0.6618080710595989,0.9988166710057272,0.6432519795369804,0.9990688615884438,0.6366497291585798,0.9993754708007986,0.611676368474808,0.999523829280645,0.6190409789465288,0.9993635335943711,0.6254313327138781,1.0,0.6000282985348433,0.9995174989987891,0.6318550916816075,0.9992695431293513,0.6338600627529476,0.9986248136898088,0.6440180450720917,0.9992046589385492,0.6263329814790813,0.9987061497326177,0.6282333603969193,0.9996848759901769,0.660627790268844,0.9985016219221322
VS1_T26_0219_003442_20260325_170611_HG_lev1_V2_1.fits,0.9952481464244345,0.6487925738672289,0.9957299007384324,0.6530489097842656,0.9968578385212646,0.6315643558924231,0.9971280993596259,0.6282239145088412,0.9958589052343707,0.6184869409200545,0.9913763962634764,0.594994701065111,0.9966498460785487,0.5572702403584935,0.9972928742728415,0.5773974157198339,0.9972954998107036,0.5660409463571371,0.9967315708140045,0.5786062200981392,0.9950783250053991,0.5688727311000394,0.9984284929379602,0.571434329842599,0.9948188227049952,0.5702873772318192,0.9992017106784494,0.5944616015628668,0.994150716276025,0.6276574940255848,0.997471753241447,0.5804616941163395,0.9993118974109617,0.595636511906653,0.9975529436624978,0.6253882993176284,0.9958750697973526,0.6164893868730376,0.9998974715977972,0.6206428826098707,0.9998161991851968,0.6022894209729162,0.9972231270282886,0.6173564306244749,0.9988643334150055,0.6084634067921393,0.9990455940482682,0.6107530590366677,0.9965365930411026,0.6358608603625445,0.9991229592055519,0.639828353482015,0.9988449518997158,0.6437901013974079,0.9992034224553088,0.6508843515506382,0.9949218971680854,0.6555079660529894,0.9916199781483761,0.6675627856002495,0.99613145490777,0.7063018552142546,0.9949479665849934,0.6742735790426959,0.9974695035551641,0.6456270085057294,0.9962631915045373,0.6502417841685318,0.9974572488276592,0.6430507747388576,0.9970296622915739,0.635669924199396,0.9975291042071893,0.6118070180260813,0.9934856657620044,0.6161569326156212,0.9969968180882499,0.5961856756743742,0.9977400849671793,0.6001936007420586,0.9997350279702932,0.5974385485000681,0.9994688055728699,0.6147064095688226,0.9990063392179194,0.6000282985348433,0.9999999999999997,0.6169558064124144,0.9985152624918918,0.5899842030400843,0.998429961335975,0.6037399067323684,0.9970295593099846,0.577678249717301,0.9989326335555351,0.6176080085736042,0.9985786764324953,0.600875867255683,0.9941829969865001,0.6132093744276027
VS1_T26_0219_003442_20260325_170611_LG_lev1_V2_1.fits,0.595909294437412,0.9573503648552092,0.6459457540430283,0.977107730403978,0.6143256522530661,0.9557576766712925,0.6330226439960666,0.9644290624876586,0.6491182220779262,0.9775406943953548,0.69160924609912,0.9976767054107544,0.6619922377839559,0.978907694248964,0.656282805975668,0.9920553924771102,0.6521120340600662,0.9851386965962594,0.660787864177406,0.9895731818465305,0.6722104219197252,0.9885878163573775,0.6466788187377314,0.9818570524419229,0.6755259155697075,0.988621509690087,0.639347705439999,0.9950832967378271,0.6776693338872497,0.9959821775695805,0.6578497760593759,0.9898163706022665,0.6377482674915108,0.9995076006626616,0.6567034071999955,0.9971841021322472,0.6668431847011632,0.9994727899647287,0.6246177740972431,0.9974322571402316,0.6171178875881693,0.9991481009558545,0.6560942874460955,0.9957480260997288,0.632405266200485,0.999361514292785,0.6355165047569685,0.9956893959238311,0.6558868801892695,0.9973818439231329,0.6276633746376207,0.9966383269695445,0.6231614130976432,0.9972107021901799,0.6221471256372745,0.9856387142470926,0.6604583779646611,0.9952784873594096,0.6818530785492409,0.9860512099294577,0.6524268381384717,0.9795611658826874,0.6603981854509938,0.9720856315105381,0.6464000936553317,0.9941681662389595,0.6557919840565976,0.9926159983162925,0.6498873279455277,0.9956945201324502,0.6545959304333664,0.9964809163164178,0.6540923223271078,0.9982817810169236,0.6777079589591487,0.9992280057606012,0.6595814966544333,0.99907479256303,0.6531981015549212,0.9995431986918124,0.6284971743493574,0.9994816842608343,0.6357635765914862,0.9993483399121783,0.6421808952302547,0.9995174989987891,0.6169558064124144,1.0,0.6484768905607399,0.9983476027002721,0.6504930303607177,0.9992981954210205,0.6604941283458746,0.9979989415478386,0.6429340322251245,0.9992701367139739,0.6448047251045399,0.999332010018092,0.6768269221443258,0.9994251205821608
VS1_T26_0219_003442_20260325_170700_HG_lev1_V2_1.fits,0.9918325901970958,0.6705769608608736,0.9967716314483356,0.6776378543797867,0.994928770558537,0.6523718480412902,0.9968658319550988,0.6504694349988069,0.9970349373410863,0.6433644205190582,0.9968678627816882,0.6274799118192642,0.9989518561703574,0.5867660741615124,0.9990973375338239,0.6084169687624206,0.9986228663344173,0.5972932673163782,0.9989054798167897,0.6091931903015182,0.9985197038134226,0.6001986477766473,0.9994575802977567,0.6007631167582644,0.9987791297230051,0.6009639326330417,0.9997653705255602,0.6257935431242742,0.9985564447896962,0.6607380112306281,0.9998286631516914,0.6116002032048067,0.9998363744454284,0.627724796298505,0.9998764842752222,0.6588161807991743,0.9992970073758773,0.648080454391335,0.9991568232494209,0.6538032065109727,0.9985788975614319,0.6336179033544107,0.9997054290594878,0.650714817276895,0.9991921069685832,0.6407724360382876,0.9995670880163853,0.6444740645907608,0.9990954553626732,0.6689339255645126,0.999049251192879,0.6721537048053913,0.9983727857974048,0.6759286950374093,0.9985664590435832,0.6853667281883028,0.9981206640110915,0.6881805090582097,0.9967236879885888,0.7003729498805266,0.9983685783502103,0.7378445786130476,0.9977536790797824,0.7044698601756876,0.9989925798169176,0.6781444006708327,0.9988917607055262,0.6835046595189883,0.999452128939628,0.675888384483277,0.9994337565979996,0.6687748249335114,0.9997477170161836,0.6427990877873598,0.9980753322262109,0.6489369158214232,0.9996815942837783,0.627834432266461,0.9998739396760811,0.6321669486497108,0.9994427302358063,0.6292705030879312,0.9997554032105208,0.6450678572541049,0.9999431630145289,0.6318550916816075,0.9985152624918918,0.6484768905607399,1.0000000000000002,0.6208719910902405,0.9999249723523939,0.6367407693061222,0.9997359629049075,0.6094592386466955,0.9999389315864138,0.6503556445717897,0.9998992074282159,0.6321617969781733,0.9985593120736836,0.645751652846489
VS1_T26_0219_003442_20260325_170700_LG_lev1_V2_1.fits,0.5713763445888393,0.9596267997137744,0.6202371956260189,0.9775437848595804,0.5892470028481367,0.9606873628133148,0.6074343817850998,0.968735043251234,0.6232935433961266,0.9807163851373234,0.663121307532815,0.9955113106367405,0.6339818858388949,0.9806207958661719,0.6282887879116575,0.9921010732246653,0.6240881999407956,0.9844580660758367,0.6327543449366346,0.9894864968545279,0.6438536493200737,0.9883610581164199,0.6188501441983391,0.9831081895619851,0.6473090768317029,0.9894774104139633,0.6117213534873673,0.9940491384912212,0.6495103447514209,0.9901762992968557,0.6299376076703584,0.9894336742469956,0.6103415220908363,0.9989914572807884,0.6288825295136554,0.99168939710012,0.6390077778161687,0.9975284114025041,0.5975345878272752,0.9926521662801896,0.5902005949893808,0.9991072838231309,0.6283657074341288,0.9907277249509189,0.6053999792505976,0.9978000172774701,0.6083266657635134,0.9910278738103501,0.6285399678001403,0.9921578075881347,0.6006262396231495,0.9913875903498903,0.5964965330655757,0.9921998636578415,0.5953961052316794,0.9753811930374674,0.6331776522144131,0.9886370197531836,0.6544727357092819,0.9762216160189112,0.6256595921110174,0.967403451947424,0.6338925436055659,0.9630555849586521,0.619643663445698,0.9878855493563162,0.6284603508096542,0.9848783258940031,0.6225056893405057,0.9894150765506918,0.6271421581190559,0.9906616225126256,0.6265598810609299,0.9973075077232686,0.6499024507046567,0.9963995137783662,0.6319086208657098,0.9990673060498245,0.6254650402597551,0.9987990430639396,0.6012503215449632,0.9991822154496061,0.6084347363705849,0.9994146991985016,0.6146147084050916,0.9992695431293513,0.5899842030400843,0.9983476027002721,0.6208719910902405,1.0,0.6228719075717378,0.9966292619581572,0.6326623451014625,0.999740801471127,0.6155049805789584,0.9961643324507081,0.6173084368633012,0.999663643801276,0.6487684108849556,0.9966945130659268
VS1_T26_0219_003442_20260325_170749_HG_lev1_V2_1.fits,0.9912212797052589,0.6717555014571092,0.9963169406501382,0.6790812418277736,0.9944812896196203,0.6537852366638964,0.9964899832610643,0.6519593622354912,0.996686357186063,0.645038198346377,0.997153518419979,0.629635069846305,0.9993978273499139,0.5888167421526074,0.9995162352616335,0.6105268511708916,0.999152734802083,0.5994459747378139,0.9993682742810617,0.6113184360778697,0.9989186747059436,0.6022236953389791,0.9997405438209364,0.6027339806935601,0.9989396582245277,0.6028527924851624,0.999811678396132,0.6277053977055295,0.9985084309637914,0.662726682220188,0.9998473275595828,0.6133729552503254,0.9997100636101497,0.6296543170723107,0.9998096698895801,0.6608628153358408,0.9990984157416538,0.6499529038385248,0.9990275828014442,0.6556643923698093,0.998271158704414,0.6354292258825804,0.9994414999241406,0.652385914681534,0.9987250680960428,0.6424212798747777,0.9992155947205776,0.6460436583976571,0.9986185575463059,0.6705914405772779,0.9985778112912561,0.6737907391830812,0.997801850545029,0.6774956016577275,0.998072908328977,0.6868260142980962,0.9974809141537195,0.6896951914615529,0.9962755864081858,0.7018196389834127,0.9977873824043644,0.7392233924331932,0.9972539109163544,0.7054052380775274,0.9985368025729847,0.6796377115380541,0.9983578817978294,0.6850171351056078,0.999015470014719,0.6775480550653337,0.9990358703358095,0.6704680032744113,0.9994772577424959,0.6446097806296696,0.9977703420740947,0.6507742501155684,0.9994803851978801,0.6297219048873731,0.9996756259492013,0.6340602314800869,0.9992769577631666,0.6311861537234654,0.9996506160324288,0.6471287840143483,0.9998500145238104,0.6338600627529476,0.998429961335975,0.6504930303607177,0.9999249723523939,0.6228719075717378,0.9999999999999998,0.6387699624534273,0.9996150423665869,0.6113369793474288,0.9997892692877651,0.6523305229235863,0.9996560757819294,0.6340579601064709,0.9984154466976515,0.647609065247504
VS1_T26_0219_003442_20260325_170749_LG_lev1_V2_1.fits,0.5804635542262537,0.9520411027197809,0.6327932636718671,0.973162611577219,0.5997065935085988,0.9492109143133959,0.6193073884456588,0.9586801265051036,0.6360801515079433,0.9733538014011981,0.6820446520860091,0.9985702523201562,0.6508596162999611,0.9789200300639205,0.6449544415273522,0.9923240805550327,0.6406427339340606,0.9864464707149743,0.6496250954843137,0.9898484176744565,0.661752898912334,0.9894945413470657,0.6349456070840435,0.9815622440447825,0.6651558270041634,0.9887536483298477,0.6272996263962065,0.9953482303370678,0.6674335528196754,0.9977694852253627,0.6466527388005039,0.9903824783625479,0.6255306715744927,0.9991668898618722,0.6454307345849876,0.9987479533164697,0.6559992389153372,0.9991686714293619,0.6117320104946707,0.9988922082500756,0.6039563510082313,0.9982257926374839,0.6448246042717483,0.9976334639372214,0.6198590612986535,0.9992083852645884,0.6231574963314455,0.9976965709083397,0.6443923929370836,0.9983254577408336,0.6149989503604529,0.9975651994275914,0.6101099785991477,0.9977518661156279,0.6090889220762421,0.9893098054513282,0.6491835670169009,0.9962525361639171,0.6713867926809197,0.9886879984699677,0.6404327830818388,0.9816455490343147,0.6484416263505001,0.9739765832821407,0.6341188310139223,0.9955828971962789,0.6443202361194161,0.9946823442187324,0.6382045786736822,0.9971062052586285,0.6431126457226863,0.9979180732857781,0.6425846247154432,0.9976288407270024,0.6673068502842451,0.9993837902830078,0.6483425703193451,0.9984247862873427,0.6417981673979087,0.999175398509645,0.6158837702900389,0.9989115448002502,0.6234052272670423,0.9975161141145407,0.6302219158451559,0.9986248136898088,0.6037399067323684,0.9992981954210205,0.6367407693061222,0.9966292619581572,0.6387699624534273,1.0000000000000002,0.6493699489209926,0.9968916178287033,0.6309026835026055,0.9995127946774197,0.6329397192188068,0.9981051869916983,0.6665082594420904,0.9997975728846255
VS1_T26_0219_003442_20260325_170838_HG_lev1_V2_1.fits,0.9898271642906838,0.6787793311165863,0.9965397589699236,0.6869373635035996,0.9934677703696599,0.660137381855852,0.9960639514700361,0.658803895695911,0.9968396170735971,0.6527113924107637,0.9981353562613304,0.6398247127579327,0.9988461738211288,0.5979113450737482,0.9987939435368173,0.6201867616441998,0.9980874933303328,0.6091341913452819,0.9987446669917021,0.6207829016305316,0.9988988999973027,0.6121325014996409,0.9988747890532341,0.6118487694342228,0.9994549614043434,0.6126601849986173,0.9990686363714709,0.6377446242347329,0.9994858564998159,0.6733497715380595,0.9998872912109766,0.623514345281616,0.9991898271480704,0.6400141196102308,0.9999494945419909,0.6715672160595278,0.9998781132645269,0.6601519986604211,0.997992914325301,0.6665147734079198,0.99727556240403,0.6456069271525819,0.9999124097923076,0.6635843032935829,0.998590475478588,0.6532340360130198,0.999001552768392,0.6575253883833628,0.9994323744505885,0.6816767202752883,0.998282299283181,0.6845620940027647,0.9974851186855788,0.6882923025124408,0.9975828544546177,0.698707997263694,0.9987832518133588,0.7007803685995395,0.9980854984215425,0.7129978628555514,0.9986019645168391,0.7499434999156107,0.998197430993414,0.7161392327422292,0.9988769589368002,0.6906564696838015,0.9992766083629272,0.6963379307498601,0.9995272450191289,0.6885062372894186,0.9996639032712158,0.6815071578396433,0.9998548073356806,0.6546190936413084,0.999182778805148,0.6615380545359686,0.9999583638684522,0.6399234313070511,0.9999132869514896,0.644403390726801,0.9984709579867418,0.6414498042892848,0.9990070069808695,0.6565848654000802,0.9994549033542546,0.6440180450720917,0.9970295593099846,0.6604941283458746,0.9997359629049075,0.6326623451014625,0.9996150423665869,0.6493699489209926,0.9999999999999999,0.621666350551777,0.9995057522492011,0.6628824391044429,0.9996256272998598,0.6441199490654261,0.9995212906265548,0.6582300262680696
VS1_T26_0219_003442_20260325_170838_LG_lev1_V2_1.fits,0.5589342847864439,0.9565997420733517,0.6089906285510834,0.9751057470720079,0.577097096940743,0.9573248483767887,0.5957200787746453,0.9657902512820893,0.6119899999799928,0.978551096316447,0.6526870212800864,0.9956144338481717,0.6224012645673027,0.9802948237024706,0.6165765476237838,0.9919651701104018,0.6121412295858256,0.984507532969532,0.6211196162796597,0.9891909140365306,0.6326728845933776,0.9884910434896019,0.607009575889156,0.9826393328585471,0.6364827983945199,0.9894965584154793,0.5999312856446111,0.9939887405167105,0.6389989101361234,0.9902740459637761,0.6187222675983853,0.9895889032106475,0.5986778696956303,0.9991232679982301,0.617727482302664,0.9918670315619286,0.6283045906505264,0.9973342830754215,0.5854876555136727,0.9929413569728549,0.5781543191831211,0.9990274558081408,0.617425634171181,0.991271176337446,0.5939614438428252,0.998098136127337,0.5968498822678137,0.9918420893330461,0.6177949829984144,0.9924193983468238,0.5890705803137612,0.9913961856589039,0.5849021110444745,0.9921571166225293,0.5836851910664066,0.9761489556590232,0.6227752727431252,0.9886888360366324,0.6445228804967635,0.9762896759139473,0.6149083835393233,0.9667258850580952,0.623251092880445,0.9626737536478093,0.6085643104595957,0.9880257990550335,0.6177871702155129,0.9851918958514991,0.6115557148838753,0.989537158382396,0.6162867768530028,0.9909144947325319,0.6155386368230055,0.9970315514976267,0.6396594304942952,0.9966118714163129,0.6209746358525305,0.9990974473923555,0.6143612286610506,0.9988803036729236,0.5893724385612983,0.9992259302192391,0.5966784638601497,0.9986812956320701,0.6030507302426753,0.9992046589385492,0.577678249717301,0.9979989415478386,0.6094592386466955,0.999740801471127,0.6113369793474288,0.9968916178287033,0.621666350551777,1.0,0.6040053555704467,0.9962444920404847,0.605986037798714,0.9995097500720128,0.6383222756761181,0.9968524692997728
VS1_T26_0219_003442_20260325_170927_HG_lev1_V2_1.fits,0.9930599686763419,0.6665214438891223,0.9971928285923835,0.6731214515796224,0.9958182039880938,0.6484610970952324,0.9974398694342025,0.6463178730408667,0.9973811185563707,0.6387371858847487,0.9959744842259044,0.621529888708316,0.9984796433767718,0.5810589829596929,0.9987077152759408,0.6026092713384852,0.9982412783611658,0.5912788064701153,0.9984411406206871,0.6033955986729712,0.9978719824014288,0.5943089181381902,0.9992569078583001,0.5951491028134267,0.9981918774853528,0.5952737289885779,0.9997646398785656,0.6200749867252368,0.9980131751079125,0.6547377623828965,0.9995655888785238,0.6058794615352028,0.999951834324808,0.6221129510689509,0.9996691188436041,0.6528341083181051,0.9990024191711017,0.6425077097093075,0.9994828662046487,0.6479080235363318,0.9990766359315473,0.6281671130284935,0.9995808669592532,0.6448221703304448,0.9995447761682988,0.6352560241573462,0.9998165148770944,0.6385857253965158,0.9991136716530494,0.6632511191798973,0.999454114069281,0.6664755661941237,0.9989239447095801,0.6703625265422334,0.9990933367600309,0.6793065848506442,0.9981355448055471,0.6825857978852279,0.9963627871730811,0.6945305221941007,0.9985429592443665,0.7322359900711288,0.9978412969493123,0.6990420705390473,0.9992038932292323,0.6724426644146881,0.9989285391872949,0.67769804433141,0.999519682301749,0.6701224501829847,0.9994183233923161,0.662979906988252,0.9996877453358205,0.6373030200871814,0.9976741791958369,0.6433063662557889,0.9995087841921378,0.6222859633759295,0.9997652115005873,0.6265744648497922,0.9997049927741483,0.6237077331981113,0.9999032047437479,0.6397218177868821,0.9999681724572786,0.6263329814790813,0.9989326335555351,0.6429340322251245,0.9999389315864138,0.6155049805789584,0.9997892692877651,0.6309026835026055,0.9995057522492011,0.6040053555704467,1.0,0.6446482351646715,0.9999532127370091,0.6267406876815397,0.9980818761826451,0.6400535719038524
VS1_T26_0219_003442_20260325_170927_LG_lev1_V2_1.fits,0.5961801488525756,0.9476091987511571,0.648002718456832,0.969953877794715,0.6151490803322085,0.9448344697527399,0.6344955625075498,0.954551138366418,0.6511624147641988,0.9695859803359272,0.6950105319850116,0.9966397067386981,0.6640114021880349,0.9730646542817672,0.6580885990909535,0.988564049257768,0.6536572322271419,0.981334909813376,0.6627343420754507,0.9856138246238749,0.6746875518421448,0.9849686657093479,0.6482123635703118,0.9762926801516268,0.678334596720403,0.9843949100924314,0.6407813488888392,0.99250700759405,0.68075070156993,0.9968272159300908,0.6600413106192288,0.9863311716771893,0.6392486982812979,0.9984426320341819,0.6589239692906399,0.9986627548866571,0.6695818170123439,0.9984298176839791,0.6256018594649646,0.998122485329117,0.6179497886454811,0.997422677750591,0.658457955411733,0.996293384616231,0.6339777596831602,0.9989065817885148,0.6371145083378535,0.996371075923222,0.6583885346064657,0.998875400487673,0.6290475789149815,0.9970386594052671,0.6244538244746203,0.9976721911367795,0.6233280036701976,0.989004671300557,0.6632969937464569,0.9970228203516031,0.6855071313315849,0.9880145892698818,0.6549375661893332,0.9820775277517164,0.6631942128590099,0.9711003087194281,0.6485715561706756,0.9948686173937452,0.6583433213967128,0.9945125958203125,0.6521348121049616,0.9968787718209474,0.6570049615725365,0.9977360103743704,0.6563710407407364,0.9962580174951393,0.6809972899073248,0.9999126971030798,0.6620226462129392,0.9974701385355977,0.6553867995725807,0.9984622498908807,0.6296693559356249,0.9982126582742522,0.6371610934850173,0.9974463449368284,0.6438278397153466,0.9987061497326177,0.6176080085736042,0.9992701367139739,0.6503556445717897,0.9961643324507081,0.6523305229235863,0.9995127946774197,0.6628824391044429,0.9962444920404847,0.6446482351646715,0.9999999999999998,0.6466756131521628,0.9977750694683055,0.6799270771799193,0.9993650678306909
VS1_T26_0219_003442_20260325_171015_HG_lev1_V2_1.fits,0.992767695367338,0.6679706682675521,0.9972878285435621,0.6746771423160333,0.9955884302619368,0.6496354219895042,0.9973482760699869,0.6475943357881258,0.9974225383469787,0.6401783887555174,0.9961456733348985,0.6234662496007374,0.9982065731834195,0.5828122684652227,0.9984001554285706,0.6044447408335767,0.997815178229304,0.5931492135882953,0.9981442604360612,0.6051852222790884,0.9977556240973808,0.5962488257440702,0.998951716834054,0.5969260237213828,0.9982756952589334,0.5972239866756074,0.9995560013314094,0.622055854096289,0.9982737462806913,0.6568445502598305,0.9995655099336742,0.6079536597156606,0.9998412934909228,0.6241095128029107,0.9997174277558718,0.6549189026898358,0.999246570426973,0.6444981028749085,0.999235588787091,0.6500914828773526,0.9988865682158646,0.6301605416104489,0.9997677616692943,0.6471593398507695,0.9996180882765917,0.6374519416025345,0.9998418261622738,0.6410253742815649,0.9994295519661627,0.6655274108720372,0.9994899703607744,0.668713122525421,0.9989711737761869,0.6726116560035112,0.9990769048731261,0.6819141697023252,0.9986186767286303,0.6849152491117382,0.9969290624338044,0.6969755256905293,0.9988787600935712,0.7345780849910265,0.9981776876544248,0.7015846276789779,0.9993878472072711,0.6748057034740848,0.9992875054494614,0.6801210499894486,0.9997551380563068,0.6723984106672185,0.9996734338005263,0.6652578337948617,0.999845375586404,0.639282155258029,0.9981051582033702,0.645419682529582,0.9996741972551092,0.6242704839851648,0.9998748846935691,0.6285853649910658,0.9995318178066601,0.6256853686831761,0.9997520000281968,0.6414331865718663,0.9998832267000863,0.6282333603969193,0.9985786764324953,0.6448047251045399,0.9998992074282159,0.6173084368633012,0.9996560757819294,0.6329397192188068,0.9996256272998598,0.605986037798714,0.9999532127370091,0.6466756131521628,1.0,0.6286610798475499,0.9983953426733223,0.6421520057154254
VS1_T26_0219_003442_20260325_171015_LG_lev1_V2_1.fits,0.581195677286066,0.9599256260266086,0.6306771750495126,0.9782813052531557,0.5992815106075227,0.9596155162681318,0.6177241376660407,0.9678844702868545,0.6336740758963799,0.9802791708023411,0.6747275186508847,0.9968969721803362,0.6451234589206601,0.980864693862418,0.6394280487728552,0.9927534533321528,0.6351394367557818,0.985542191013613,0.6438821985753163,0.9901988375573764,0.6552428440057222,0.9892585396842659,0.6299937610564861,0.9835633736802226,0.658819101074407,0.9900490324339418,0.6229284923431023,0.9952221852086744,0.6611647708659333,0.9931073931251313,0.6413521127988613,0.9905916513084986,0.6215486796747227,0.9996833502591899,0.640316305337262,0.9943440270375121,0.6505623406892425,0.9988711364715371,0.6085364754225913,0.9952096775568084,0.6012264864971912,0.9997423139503221,0.6399022921163462,0.9935633665785947,0.616633742673991,0.9991091208070851,0.6195812937814632,0.9938239945225761,0.6399905960609065,0.9949015095707551,0.6118679641807742,0.9943153858675208,0.6075958167155787,0.9950099657000181,0.6064776397835547,0.9805103550067779,0.6447274718654997,0.9920586300626743,0.6660555167301634,0.9812260167965162,0.6369123636941055,0.9732454940881794,0.6449730035685391,0.9683712145891241,0.6307994691579146,0.9914116885325253,0.639949252350567,0.988882347240323,0.6339593145712535,0.9927031756654855,0.638618349406805,0.9937162216547254,0.6379804768800805,0.9984227355625973,0.6615470402740384,0.9979685626464705,0.6433611235464254,0.9996799464308552,0.6369463354498768,0.9996436687449062,0.61238572594773,0.9998077271657922,0.619571530971012,0.9996643698022651,0.6258903475304194,0.9996848759901769,0.600875867255683,0.999332010018092,0.6321617969781733,0.999663643801276,0.6340579601064709,0.9981051869916983,0.6441199490654261,0.9995097500720128,0.6267406876815397,0.9977750694683055,0.6286610798475499,1.0000000000000002,0.6604142281039848,0.9983446640543506
VS1_T26_0219_003442_20260325_171104_HG_lev1_V2_1.fits,0.9862140337798918,0.6892692854938989,0.9953854463225822,0.6990453176244183,0.9906389398338165,0.6701631272005024,0.9941438324225896,0.6696575271026681,0.9957293389180408,0.6650744831381867,0.9991403503121247,0.6565492208321788,0.9980070013368761,0.6127811573941983,0.9976692867438276,0.636017798326814,0.9966578421233683,0.6249684104022303,0.9978238219207234,0.6363095688569194,0.9986960076479829,0.6280922725960668,0.9973395175111323,0.626640429742659,0.9996170310533833,0.6283164768106576,0.9973270729182803,0.6537956905976249,0.9999541178398638,0.6903345157861427,0.9991701835935791,0.6394176895111582,0.997481787788413,0.6567122365879458,0.9992392793379546,0.688839780027064,0.999833842038986,0.6764725201679986,0.9955791567034861,0.6836329194376157,0.9946203691887042,0.6618787655212272,0.9993416219672585,0.6807918340995966,0.9968742293080348,0.6700767671523646,0.9973572586070485,0.6749877086654252,0.9989869001988215,0.6988487340771685,0.9963267878713775,0.7011950177311296,0.9953560718279888,0.7048688344846477,0.9953330252053957,0.7164366099507451,0.9987493863093232,0.7176691706015937,0.9991270591854072,0.7297041968844167,0.9980561238606533,0.7658607690641528,0.9980020733942722,0.7312221476654998,0.9978922226719218,0.7073564266918764,0.9988839652338171,0.7134546762338447,0.9987410160362142,0.7054161927247661,0.9991027792803228,0.6986034525464023,0.9991530394700906,0.6705894955093398,0.9998455632014077,0.6786391816413629,0.9995012198228034,0.6563700875552235,0.9991256507522837,0.6610237052681054,0.9963086426841434,0.658007958232082,0.9971640716401545,0.6723021490860669,0.9979643651448334,0.660627790268844,0.9941829969865001,0.6768269221443258,0.9985593120736836,0.6487684108849556,0.9984154466976515,0.6665082594420904,0.9995212906265548,0.6383222756761181,0.9980818761826451,0.6799270771799193,0.9983953426733223,0.6604142281039848,0.9999999999999997,0.6751113397664152
VS1_T26_0219_003442_20260325_171104_LG_lev1_V2_1.fits,0.5902957884225406,0.9563292093480746,0.6418418081823665,0.9763654540963803,0.609194863674607,0.9531498778802803,0.6285009727130497,0.9621852801342698,0.6449829828299545,0.9760124890424944,0.690030143252233,0.9985866362462562,0.6591943624826699,0.9801009046887719,0.6534154649455052,0.9928770059774779,0.6490701065334784,0.9870927857981241,0.6579653513326351,0.9905681392122545,0.6699886112192833,0.9901605653579588,0.643687978257899,0.9829100714622886,0.6735359944905631,0.989711579949601,0.6363672789346333,0.9960719494760761,0.6759558684532238,0.9980128643783498,0.6554536011880843,0.9914436768159054,0.6347515593513654,0.9992336418196488,0.6543194669073852,0.9986242460170934,0.6648152573649415,0.9996450548840015,0.6211316035070377,0.9991418562113277,0.6136163381057179,0.9987015727878887,0.6538880453246056,0.9981518187479984,0.629415593749764,0.9996257326877019,0.632586810316367,0.9982100038738987,0.653576868383485,0.9986965877444334,0.6246452047298445,0.9984247173013183,0.6198609356802206,0.9986602119315324,0.618802369483336,0.9900320141782947,0.6584074807422255,0.9970438420538026,0.6800662799090331,0.9900262991328365,0.6496926839990023,0.9834482919161222,0.657442213948227,0.9770288919512531,0.6433874528318775,0.9967088765540485,0.6535531740301269,0.9955317736079572,0.6474788705404645,0.9977936254899545,0.6522782636819549,0.9984133306020584,0.6516603521446314,0.9984262699557124,0.6759995814445452,0.99935445417015,0.6572749191564872,0.9987324053949281,0.6508570925243152,0.9993756371131985,0.6252775606271181,0.9990688827237513,0.632627635365327,0.9978051271503572,0.6393570482435751,0.9985016219221322,0.6132093744276027,0.9994251205821608,0.645751652846489,0.9966945130659268,0.647609065247504,0.9997975728846255,0.6582300262680696,0.9968524692997728,0.6400535719038524,0.9993650678306909,0.6421520057154254,0.9983446640543506,0.6751113397664152,1.0000000000000002
